system:index,cell_id,change,delta,dist_m,lit,ntl_after,ntl_before,.geo
"429,9602","429,9602",0.0,0.0,10385.655819446038,0,0.0,0.0,"{""type"":""MultiPoint"",""coordinates"":[]}"
"430,9602","430,9602",0.0,0.0,10297.219273664829,0,0.0,0.0,"{""type"":""MultiPoint"",""coordinates"":[]}"
"431,9602","431,9602",0.0,0.0,10305.57488607976,0,0.0,0.0,"{""type"":""MultiPoint"",""coordinates"":[]}"
"432,9602","432,9602",0.0,0.0,10410.490119650063,0,0.0,0.0,"{""type"":""MultiPoint"",""coordinates"":[]}"
"426,9603","426,9603",0.0,0.0,10273.86635191909,0,0.0,0.0,"{""type"":""MultiPoint"",""coordinates"":[]}"
"427,9603","427,9603",0.0,0.0,9896.470058848177,0,0.0,0.0,"{""type"":""MultiPoint"",""coordinates"":[]}"
"428,9603","428,9603",0.0,0.0,9597.312799320796,0,0.0,0.0,"{""type"":""MultiPoint"",""coordinates"":[]}"
"429,9603","429,9603",0.0,0.0,9395.636514033915,0,0.0,0.0,"{""type"":""MultiPoint"",""coordinates"":[]}"
"430,9603","430,9603",0.0,0.0,9297.786265827299,0,0.0,0.0,"{""type"":""MultiPoint"",""coordinates"":[]}"
"431,9603","431,9603",0.0,0.0,9307.037375773285,0,0.0,0.0,"{""type"":""MultiPoint"",""coordinates"":[]}"
"432,9603","432,9603",0.0,0.0,9423.075018786594,0,0.0,0.0,"{""type"":""MultiPoint"",""coordinates"":[]}"
"433,9603","433,9603",0.0,0.0,9642.045713827974,0,0.0,0.0,"{""type"":""MultiPoint"",""coordinates"":[]}"
"434,9603","434,9603",0.0,0.0,9957.16235601014,0,0.0,0.0,"{""type"":""MultiPoint"",""coordinates"":[]}"
"435,9603","435,9603",0.0,0.0,10359.656554602983,0,0.0,0.0,"{""type"":""MultiPoint"",""coordinates"":[]}"
"423,9604","423,9604",0.0357938436870901,0.03516813145561209,10514.160273586085,1,0.0357938436870901,0.0,"{""type"":""MultiPoint"",""coordinates"":[]}"
"424,9604","424,9604",0.019326478281114938,0.01914209378127024,10126.654203007403,1,0.019326478281114938,0.0,"{""type"":""MultiPoint"",""coordinates"":[]}"
"425,9604","425,9604",0.0,0.0,9739.147140386754,0,0.0,0.0,"{""type"":""MultiPoint"",""coordinates"":[]}"
"426,9604","426,9604",0.0,0.0,9351.639107295117,0,0.0,0.0,"{""type"":""MultiPoint"",""coordinates"":[]}"
"427,9604","427,9604",0.0,0.0,8964.242780876028,0,0.0,0.0,"{""type"":""MultiPoint"",""coordinates"":[]}"
"428,9604","428,9604",0.0,0.0,8632.838545971073,0,0.0,0.0,"{""type"":""MultiPoint"",""coordinates"":[]}"
"429,9604","429,9604",0.0,0.0,8408.058031022081,0,0.0,0.0,"{""type"":""MultiPoint"",""coordinates"":[]}"
"430,9604","430,9604",0.0,0.0,8298.569328481746,0,0.0,0.0,"{""type"":""MultiPoint"",""coordinates"":[]}"
"431,9604","431,9604",0.0,0.0,8308.931235573082,0,0.0,0.0,"{""type"":""MultiPoint"",""coordinates"":[]}"
"432,9604","432,9604",0.0,0.0,8438.702944491066,0,0.0,0.0,"{""type"":""MultiPoint"",""coordinates"":[]}"
"433,9604","433,9604",0.0,0.0,8682.53331735526,0,0.0,0.0,"{""type"":""MultiPoint"",""coordinates"":[]}"
"434,9604","434,9604",0.0,0.0,9031.190565540986,0,0.0,0.0,"{""type"":""MultiPoint"",""coordinates"":[]}"
"435,9604","435,9604",0.0,0.0,9473.109084647289,0,0.0,0.0,"{""type"":""MultiPoint"",""coordinates"":[]}"
"436,9604","436,9604",0.0,0.0,9964.475412960566,0,0.0,0.0,"{""type"":""MultiPoint"",""coordinates"":[]}"
"437,9604","437,9604",0.0,0.0,10455.997910091173,0,0.0,0.0,"{""type"":""MultiPoint"",""coordinates"":[]}"
"421,9605","421,9605",0.0,0.0,10366.95094863561,0,0.0,0.0,"{""type"":""MultiPoint"",""coordinates"":[]}"
"422,9605","422,9605",0.15412406902760267,0.14334167446252513,9979.445238057493,1,0.15412406902760267,0.0,"{""type"":""MultiPoint"",""coordinates"":[]}"
"423,9605","423,9605",0.3455783818427422,0.2968239442950214,9591.938525494688,1,0.3455783818427422,0.0,"{""type"":""MultiPoint"",""coordinates"":[]}"
"424,9605","424,9605",0.2233529639509216,0.20159542009598663,9204.43082315891,1,0.2233529639509216,0.0,"{""type"":""MultiPoint"",""coordinates"":[]}"
"425,9605","425,9605",0.026441623376311146,0.026098086279891842,8816.922165529528,1,0.026441623376311146,0.0,"{""type"":""MultiPoint"",""coordinates"":[]}"
"426,9605","426,9605",0.0,0.0,8429.412546615373,0,0.0,0.0,"{""type"":""MultiPoint"",""coordinates"":[]}"
"427,9605","427,9605",0.0,0.0,8041.90200024396,0,0.0,0.0,"{""type"":""MultiPoint"",""coordinates"":[]}"
"428,9605","428,9605",0.0,0.0,7677.545407796374,0,0.0,0.0,"{""type"":""MultiPoint"",""coordinates"":[]}"
"429,9605","429,9605",0.0,0.0,7423.894543983084,0,0.0,0.0,"{""type"":""MultiPoint"",""coordinates"":[]}"
"430,9605","430,9605",0.0,0.0,7299.6572274343835,0,0.0,0.0,"{""type"":""MultiPoint"",""coordinates"":[]}"
"431,9605","431,9605",0.0,0.0,7311.433121713085,0,0.0,0.0,"{""type"":""MultiPoint"",""coordinates"":[]}"
"432,9605","432,9605",0.0,0.0,7458.578815211545,0,0.0,0.0,"{""type"":""MultiPoint"",""coordinates"":[]}"
"433,9605","433,9605",0.0,0.0,7733.372805496231,0,0.0,0.0,"{""type"":""MultiPoint"",""coordinates"":[]}"
"434,9605","434,9605",0.0,0.0,8122.872745428579,0,0.0,0.0,"{""type"":""MultiPoint"",""coordinates"":[]}"
"435,9605","435,9605",0.0,0.0,8601.68273527177,0,0.0,0.0,"{""type"":""MultiPoint"",""coordinates"":[]}"
"436,9605","436,9605",0.0,0.0,9093.203187411558,0,0.0,0.0,"{""type"":""MultiPoint"",""coordinates"":[]}"
"437,9605","437,9605",0.0,0.0,9584.724186059666,0,0.0,0.0,"{""type"":""MultiPoint"",""coordinates"":[]}"
"438,9605","438,9605",0.0,0.0,10076.245733733902,0,0.0,0.0,"{""type"":""MultiPoint"",""coordinates"":[]}"
"439,9605","439,9605",0.0,0.0,10567.767794418372,0,0.0,0.0,"{""type"":""MultiPoint"",""coordinates"":[]}"
"418,9606","418,9606",0.0,0.0,10607.249274337632,0,0.0,0.0,"{""type"":""MultiPoint"",""coordinates"":[]}"
"419,9606","419,9606",0.0,0.0,10219.74496147098,0,0.0,0.0,"{""type"":""MultiPoint"",""coordinates"":[]}"
"420,9606","420,9606",0.0,0.0,9832.239596459696,0,0.0,0.0,"{""type"":""MultiPoint"",""coordinates"":[]}"
"421,9606","421,9606",0.0,0.0,9444.733211567736,0,0.0,0.0,"{""type"":""MultiPoint"",""coordinates"":[]}"
"422,9606","422,9606",0.20447684255885612,0.18604531711699276,9057.225832267102,1,0.20447684255885612,0.0,"{""type"":""MultiPoint"",""coordinates"":[]}"
"423,9606","423,9606",0.4053931559326191,0.34031708992819765,8669.717469072451,1,0.4053931559326191,0.0,"{""type"":""MultiPoint"",""coordinates"":[]}"
"424,9606","424,9606",0.2216530573449855,0.20020490664527835,8282.208134735516,1,0.2216530573449855,0.0,"{""type"":""MultiPoint"",""coordinates"":[]}"
"425,9606","425,9606",0.06558483149991849,0.0635237859991434,7894.697850687086,1,0.06558483149991849,0.0,"{""type"":""MultiPoint"",""coordinates"":[]}"
"426,9606","426,9606",0.0,0.0,7507.186641699694,0,0.0,0.0,"{""type"":""MultiPoint"",""coordinates"":[]}"
"427,9606","427,9606",0.0,0.0,7119.674509891846,0,0.0,0.0,"{""type"":""MultiPoint"",""coordinates"":[]}"
"428,9606","428,9606",0.0,0.0,6735.3411031826645,0,0.0,0.0,"{""type"":""MultiPoint"",""coordinates"":[]}"
"429,9606","429,9606",0.0,0.0,6444.710716739822,0,0.0,0.0,"{""type"":""MultiPoint"",""coordinates"":[]}"
"430,9606","430,9606",0.0,0.0,6301.194896439562,0,0.0,0.0,"{""type"":""MultiPoint"",""coordinates"":[]}"
"431,9606","431,9606",-0.04873558546423236,-0.0443553070874068,6314.831162397746,1,0.07456666573267746,0.12330225119690982,"{""type"":""MultiPoint"",""coordinates"":[]}"
"432,9606","432,9606",-0.02256020489532451,-0.016300974211125252,6484.629125321858,1,0.37272947651118954,0.39528968140651405,"{""type"":""MultiPoint"",""coordinates"":[]}"
"433,9606","433,9606",0.18887865032606194,0.14879463708549034,6798.90116673,1,0.36617199085177005,0.1772933405257081,"{""type"":""MultiPoint"",""coordinates"":[]}"
"434,9606","434,9606",0.18273416280794644,0.16466837117962083,7238.857664839732,1,0.20358364320177172,0.020849480393825275,"{""type"":""MultiPoint"",""coordinates"":[]}"
"435,9606","435,9606",0.014592920548017222,0.01448746854678459,7730.41115934742,1,0.014592920548017222,0.0,"{""type"":""MultiPoint"",""coordinates"":[]}"
"436,9606","436,9606",0.0,0.0,8221.930118017191,0,0.0,0.0,"{""type"":""MultiPoint"",""coordinates"":[]}"
"437,9606","437,9606",0.0,0.0,8713.449643285438,0,0.0,0.0,"{""type"":""MultiPoint"",""coordinates"":[]}"
"438,9606","438,9606",0.0,0.0,9204.969719195737,0,0.0,0.0,"{""type"":""MultiPoint"",""coordinates"":[]}"
"439,9606","439,9606",0.0,0.0,9696.490337216732,0,0.0,0.0,"{""type"":""MultiPoint"",""coordinates"":[]}"
"440,9606","440,9606",0.0,0.0,10188.011466358956,0,0.0,0.0,"{""type"":""MultiPoint"",""coordinates"":[]}"
"416,9607","416,9607",0.0,0.0,10441.596931482482,0,0.0,0.0,"{""type"":""MultiPoint"",""coordinates"":[]}"
"417,9607","417,9607",0.0,0.0,10063.102744135533,0,0.0,0.0,"{""type"":""MultiPoint"",""coordinates"":[]}"
"418,9607","418,9607",0.0,0.0,9685.03742528144,0,0.0,0.0,"{""type"":""MultiPoint"",""coordinates"":[]}"
"419,9607","419,9607",0.0,0.0,9297.5313593047,0,0.0,0.0,"{""type"":""MultiPoint"",""coordinates"":[]}"
"420,9607","420,9607",0.0,0.0,8910.024281959419,0,0.0,0.0,"{""type"":""MultiPoint"",""coordinates"":[]}"
"421,9607","421,9607",0.0,0.0,8522.516202430346,0,0.0,0.0,"{""type"":""MultiPoint"",""coordinates"":[]}"
"422,9607","422,9607",0.020314905378553603,0.02011131041193207,8135.007134088634,1,0.020314905378553603,0.0,"{""type"":""MultiPoint"",""coordinates"":[]}"
"423,9607","423,9607",0.030320762912941793,0.029870174064133708,7747.497102122498,1,0.030320762912941793,0.0,"{""type"":""MultiPoint"",""coordinates"":[]}"
"424,9607","424,9607",0.013639124094421029,0.01354694842589922,7359.986128624962,1,0.013639124094421029,0.0,"{""type"":""MultiPoint"",""coordinates"":[]}"
"425,9607","425,9607",0.0,0.0,6972.474216254763,0,0.0,0.0,"{""type"":""MultiPoint"",""coordinates"":[]}"
"426,9607","426,9607",0.0,0.0,6584.961400877144,0,0.0,0.0,"{""type"":""MultiPoint"",""coordinates"":[]}"
"427,9607","427,9607",0.0,0.0,6197.447694581087,0,0.0,0.0,"{""type"":""MultiPoint"",""coordinates"":[]}"
"428,9607","428,9607",0.0,0.0,5809.933113096532,0,0.0,0.0,"{""type"":""MultiPoint"",""coordinates"":[]}"
"429,9607","429,9607",0.0,0.0,5473.179923998916,0,0.0,0.0,"{""type"":""MultiPoint"",""coordinates"":[]}"
"430,9607","430,9607",0.0,0.0,5303.436407007507,0,0.0,0.0,"{""type"":""MultiPoint"",""coordinates"":[]}"
"431,9607","431,9607",-0.06443230052534332,-0.05121904846546019,5319.629067540667,1,0.22603420319720213,0.29046650372254545,"{""type"":""MultiPoint"",""coordinates"":[]}"
"432,9607","432,9607",0.05482449358345076,0.024376732999198958,5520.123053305898,1,1.2765737074053183,1.2217492138218675,"{""type"":""MultiPoint"",""coordinates"":[]}"
"433,9607","433,9607",0.7202846661299289,0.37944933367356987,5886.118680795269,1,1.2811005656998622,0.5608158995699333,"{""type"":""MultiPoint"",""coordinates"":[]}"
"434,9607","434,9607",0.3761966911136595,0.3035874068684147,6367.621888999533,1,0.43677207547375285,0.06057538436009334,"{""type"":""MultiPoint"",""coordinates"":[]}"
"435,9607","435,9607",0.005035659464152709,0.005023022935449215,6859.138740440971,1,0.005035659464152709,0.0,"{""type"":""MultiPoint"",""coordinates"":[]}"
"436,9607","436,9607",0.0,0.0,7350.656203317538,0,0.0,0.0,"{""type"":""MultiPoint"",""coordinates"":[]}"
"437,9607","437,9607",0.0,0.0,7842.174267117115,0,0.0,0.0,"{""type"":""MultiPoint"",""coordinates"":[]}"
"438,9607","438,9607",0.0,0.0,8333.69290088198,0,0.0,0.0,"{""type"":""MultiPoint"",""coordinates"":[]}"
"439,9607","439,9607",0.0,0.0,8825.212075545747,0,0.0,0.0,"{""type"":""MultiPoint"",""coordinates"":[]}"
"440,9607","440,9607",0.0,0.0,9316.731783083931,0,0.0,0.0,"{""type"":""MultiPoint"",""coordinates"":[]}"
"441,9607","441,9607",0.0,0.0,9808.252001477515,0,0.0,0.0,"{""type"":""MultiPoint"",""coordinates"":[]}"
"442,9607","442,9607",0.0,0.0,10299.772706590738,0,0.0,0.0,"{""type"":""MultiPoint"",""coordinates"":[]}"
"414,9608","414,9608",-0.028274169429438573,-0.027881833253985504,10272.644414073555,1,0.0,0.028274169429438573,"{""type"":""MultiPoint"",""coordinates"":[]}"
"415,9608","415,9608",0.0,0.0,9894.150509655925,0,0.0,0.0,"{""type"":""MultiPoint"",""coordinates"":[]}"
"416,9608","416,9608",0.0,0.0,9515.655556689537,0,0.0,0.0,"{""type"":""MultiPoint"",""coordinates"":[]}"
"417,9608","417,9608",0.0,0.0,9137.159565994043,0,0.0,0.0,"{""type"":""MultiPoint"",""coordinates"":[]}"
"418,9608","418,9608",0.0,0.0,8758.662555021892,0,0.0,0.0,"{""type"":""MultiPoint"",""coordinates"":[]}"
"419,9608","419,9608",0.0,0.0,8375.318497377062,0,0.0,0.0,"{""type"":""MultiPoint"",""coordinates"":[]}"
"420,9608","420,9608",0.0,0.0,7987.80968722176,0,0.0,0.0,"{""type"":""MultiPoint"",""coordinates"":[]}"
"421,9608","421,9608",0.0,0.0,7600.299892447432,0,0.0,0.0,"{""type"":""MultiPoint"",""coordinates"":[]}"
"422,9608","422,9608",0.0,0.0,7212.789138731355,0,0.0,0.0,"{""type"":""MultiPoint"",""coordinates"":[]}"
"423,9608","423,9608",0.0,0.0,6825.277440603206,0,0.0,0.0,"{""type"":""MultiPoint"",""coordinates"":[]}"
"424,9608","424,9608",0.0,0.0,6437.764816121923,0,0.0,0.0,"{""type"":""MultiPoint"",""coordinates"":[]}"
"425,9608","425,9608",0.0,0.0,6050.251282465689,0,0.0,0.0,"{""type"":""MultiPoint"",""coordinates"":[]}"
"426,9608","426,9608",0.0,0.0,5662.7368481746535,0,0.0,0.0,"{""type"":""MultiPoint"",""coordinates"":[]}"
"427,9608","427,9608",0.0,0.0,5275.221541912669,0,0.0,0.0,"{""type"":""MultiPoint"",""coordinates"":[]}"
"428,9608","428,9608",0.0,0.0,4887.705381957104,0,0.0,0.0,"{""type"":""MultiPoint"",""coordinates"":[]}"
"429,9608","429,9608",0.0,0.0,4514.246049554305,0,0.0,0.0,"{""type"":""MultiPoint"",""coordinates"":[]}"
"430,9608","430,9608",0.0,0.0,4306.870944784116,0,0.0,0.0,"{""type"":""MultiPoint"",""coordinates"":[]}"
"431,9608","431,9608",0.05501442322364221,0.05027849495599909,4326.79288011475,1,0.12193162018417295,0.06691719696053074,"{""type"":""MultiPoint"",""coordinates"":[]}"
"432,9608","432,9608",0.3608535187530476,0.25256647079669475,4571.04250610684,1,0.616760383244766,0.2559068644917184,"{""type"":""MultiPoint"",""coordinates"":[]}"
"433,9608","433,9608",0.4026222411922352,0.2898789266103422,5004.835417530942,1,0.5999559292663765,0.1973336880741413,"{""type"":""MultiPoint"",""coordinates"":[]}"
"434,9608","434,9608",0.18651210057164386,0.1676796430517689,5496.350124972218,1,0.20817314794524502,0.021661047373601163,"{""type"":""MultiPoint"",""coordinates"":[]}"
"435,9608","435,9608",0.0,0.0,5987.8654822777235,0,0.0,0.0,"{""type"":""MultiPoint"",""coordinates"":[]}"
"436,9608","436,9608",0.0,0.0,6479.381471206701,0,0.0,0.0,"{""type"":""MultiPoint"",""coordinates"":[]}"
"437,9608","437,9608",0.0,0.0,6970.8980725749325,0,0.0,0.0,"{""type"":""MultiPoint"",""coordinates"":[]}"
"438,9608","438,9608",0.0,0.0,7462.415258376817,0,0.0,0.0,"{""type"":""MultiPoint"",""coordinates"":[]}"
"439,9608","439,9608",0.0,0.0,7953.933012564555,0,0.0,0.0,"{""type"":""MultiPoint"",""coordinates"":[]}"
"440,9608","440,9608",0.0,0.0,8445.45131247166,0,0.0,0.0,"{""type"":""MultiPoint"",""coordinates"":[]}"
"441,9608","441,9608",0.0,0.0,8936.970132815792,0,0.0,0.0,"{""type"":""MultiPoint"",""coordinates"":[]}"
"442,9608","442,9608",0.0,0.0,9428.489460461404,0,0.0,0.0,"{""type"":""MultiPoint"",""coordinates"":[]}"
"443,9608","443,9608",0.0,0.0,9920.009260901876,0,0.0,0.0,"{""type"":""MultiPoint"",""coordinates"":[]}"
"444,9608","444,9608",0.0,0.0,10411.52953133258,0,0.0,0.0,"{""type"":""MultiPoint"",""coordinates"":[]}"
"411,9609","411,9609",0.0,0.0,10482.188325996489,0,0.0,0.0,"{""type"":""MultiPoint"",""coordinates"":[]}"
"412,9609","412,9609",0.0,0.0,10103.695779336485,0,0.0,0.0,"{""type"":""MultiPoint"",""coordinates"":[]}"
"413,9609","413,9609",0.0,0.0,9725.20214485446,0,0.0,0.0,"{""type"":""MultiPoint"",""coordinates"":[]}"
"414,9609","414,9609",0.0,0.0,9346.707444734484,0,0.0,0.0,"{""type"":""MultiPoint"",""coordinates"":[]}"
"415,9609","415,9609",-0.002826115527214148,-0.0028221295708105287,8968.211697094514,1,0.0,0.002826115527214148,"{""type"":""MultiPoint"",""coordinates"":[]}"
"416,9609","416,9609",0.013068300931372193,0.012763519829766527,8589.71491245968,1,0.030427129477517217,0.017358828546145025,"{""type"":""MultiPoint"",""coordinates"":[]}"
"417,9609","417,9609",0.01453173263891511,0.01415913646275329,8211.217116017993,1,0.03359790673249797,0.01906617409358286,"{""type"":""MultiPoint"",""coordinates"":[]}"
"418,9609","418,9609",2.5544503593771155E-4,2.5507968306829774E-4,7832.718320885434,1,0.0015600367271563658,0.0013045916912186543,"{""type"":""MultiPoint"",""coordinates"":[]}"
"419,9609","419,9609",0.0,0.0,7453.10637008234,0,0.0,0.0,"{""type"":""MultiPoint"",""coordinates"":[]}"
"420,9609","420,9609",0.0,0.0,7065.595814942973,0,0.0,0.0,"{""type"":""MultiPoint"",""coordinates"":[]}"
"421,9609","421,9609",0.0,0.0,6678.084307151484,0,0.0,0.0,"{""type"":""MultiPoint"",""coordinates"":[]}"
"422,9609","422,9609",0.0,0.0,6290.571861101391,0,0.0,0.0,"{""type"":""MultiPoint"",""coordinates"":[]}"
"423,9609","423,9609",0.0,0.0,5903.058473389984,0,0.0,0.0,"{""type"":""MultiPoint"",""coordinates"":[]}"
"424,9609","424,9609",0.0,0.0,5515.544181856606,0,0.0,0.0,"{""type"":""MultiPoint"",""coordinates"":[]}"
"425,9609","425,9609",0.0,0.0,5128.029009407616,0,0.0,0.0,"{""type"":""MultiPoint"",""coordinates"":[]}"
"426,9609","426,9609",0.0,0.0,4740.51295874612,0,0.0,0.0,"{""type"":""MultiPoint"",""coordinates"":[]}"
"427,9609","427,9609",0.0,0.0,4352.996053276079,0,0.0,0.0,"{""type"":""MultiPoint"",""coordinates"":[]}"
"428,9609","428,9609",0.0,0.0,3965.4783115308524,0,0.0,0.0,"{""type"":""MultiPoint"",""coordinates"":[]}"
"429,9609","429,9609",0.0,0.0,3577.959745747659,0,0.0,0.0,"{""type"":""MultiPoint"",""coordinates"":[]}"
"430,9609","430,9609",0.0,0.0,3312.57541023819,0,0.0,0.0,"{""type"":""MultiPoint"",""coordinates"":[]}"
"431,9609","431,9609",0.0,0.0,3338.4341153741802,0,0.0,0.0,"{""type"":""MultiPoint"",""coordinates"":[]}"
"432,9609","432,9609",0.0,0.0,3649.442406117347,0,0.0,0.0,"{""type"":""MultiPoint"",""coordinates"":[]}"
"433,9609","433,9609",0.0,0.0,4133.564306465605,0,0.0,0.0,"{""type"":""MultiPoint"",""coordinates"":[]}"
"434,9609","434,9609",0.0,0.0,4625.077512127299,0,0.0,0.0,"{""type"":""MultiPoint"",""coordinates"":[]}"
"435,9609","435,9609",0.0,0.0,5116.5913916752415,0,0.0,0.0,"{""type"":""MultiPoint"",""coordinates"":[]}"
"436,9609","436,9609",0.0,0.0,5608.1059113730225,0,0.0,0.0,"{""type"":""MultiPoint"",""coordinates"":[]}"
"437,9609","437,9609",0.0,0.0,6099.6210611638135,0,0.0,0.0,"{""type"":""MultiPoint"",""coordinates"":[]}"
"438,9609","438,9609",0.0,0.0,6591.136813763017,0,0.0,0.0,"{""type"":""MultiPoint"",""coordinates"":[]}"
"439,9609","439,9609",0.0,0.0,7082.65315536311,0,0.0,0.0,"{""type"":""MultiPoint"",""coordinates"":[]}"
"440,9609","440,9609",0.0,0.0,7574.1700485362735,0,0.0,0.0,"{""type"":""MultiPoint"",""coordinates"":[]}"
"441,9609","441,9609",0.0,0.0,8065.687484024872,0,0.0,0.0,"{""type"":""MultiPoint"",""coordinates"":[]}"
"442,9609","442,9609",0.0,0.0,8557.205437328743,0,0.0,0.0,"{""type"":""MultiPoint"",""coordinates"":[]}"
"443,9609","443,9609",0.0,0.0,9048.723895895466,0,0.0,0.0,"{""type"":""MultiPoint"",""coordinates"":[]}"
"444,9609","444,9609",0.0,0.0,9540.242830167455,0,0.0,0.0,"{""type"":""MultiPoint"",""coordinates"":[]}"
"445,9609","445,9609",0.0,0.0,10031.762212208396,0,0.0,0.0,"{""type"":""MultiPoint"",""coordinates"":[]}"
"446,9609","446,9609",0.0,0.0,10523.282030408856,0,0.0,0.0,"{""type"":""MultiPoint"",""coordinates"":[]}"
"409,9610","409,9610",0.0,0.0,10313.243449496847,0,0.0,0.0,"{""type"":""MultiPoint"",""coordinates"":[]}"
"410,9610","410,9610",0.0,0.0,9934.751162872948,0,0.0,0.0,"{""type"":""MultiPoint"",""coordinates"":[]}"
"411,9610","411,9610",0.0,0.0,9556.257787229564,0,0.0,0.0,"{""type"":""MultiPoint"",""coordinates"":[]}"
"412,9610","412,9610",0.0,0.0,9177.76332596404,0,0.0,0.0,"{""type"":""MultiPoint"",""coordinates"":[]}"
"413,9610","413,9610",0.0,0.0,8799.267811064738,0,0.0,0.0,"{""type"":""MultiPoint"",""coordinates"":[]}"
"414,9610","414,9610",0.0,0.0,8420.771234983713,0,0.0,0.0,"{""type"":""MultiPoint"",""coordinates"":[]}"
"415,9610","415,9610",0.020339331952751238,0.01956624252084695,8042.273635967873,1,0.049714219090053934,0.029374887137302696,"{""type"":""MultiPoint"",""coordinates"":[]}"
"416,9610","416,9610",-0.05834612494211683,-0.03995469006717428,7663.775015236298,1,0.4313284833153396,0.4896746082574564,"{""type"":""MultiPoint"",""coordinates"":[]}"
"417,9610","417,9610",0.053989117170012424,0.03723941060588415,7285.275403295772,1,0.47694651462564713,0.4229573974556347,"{""type"":""MultiPoint"",""coordinates"":[]}"
"418,9610","418,9610",0.0559450196969795,0.052856773497014134,6906.774820455878,1,0.08664560888268769,0.03070058918570819,"{""type"":""MultiPoint"",""coordinates"":[]}"
"419,9610","419,9610",0.0,0.0,6528.273276429523,0,0.0,0.0,"{""type"":""MultiPoint"",""coordinates"":[]}"
"420,9610","420,9610",0.0,0.0,6143.38268186205,0,0.0,0.0,"{""type"":""MultiPoint"",""coordinates"":[]}"
"421,9610","421,9610",0.0,0.0,5755.869449298286,0,0.0,0.0,"{""type"":""MultiPoint"",""coordinates"":[]}"
"422,9610","422,9610",0.0,0.0,5368.3552802028935,0,0.0,0.0,"{""type"":""MultiPoint"",""coordinates"":[]}"
"423,9610","423,9610",0.0,0.0,4980.840218138699,0,0.0,0.0,"{""type"":""MultiPoint"",""coordinates"":[]}"
"424,9610","424,9610",0.0,0.0,4593.3242673865525,0,0.0,0.0,"{""type"":""MultiPoint"",""coordinates"":[]}"
"425,9610","425,9610",0.0,0.0,4205.807443407079,0,0.0,0.0,"{""type"":""MultiPoint"",""coordinates"":[]}"
"426,9610","426,9610",0.0,0.0,3818.2897572089114,0,0.0,0.0,"{""type"":""MultiPoint"",""coordinates"":[]}"
"427,9610","427,9610",0.0,0.0,3430.771247915168,0,0.0,0.0,"{""type"":""MultiPoint"",""coordinates"":[]}"
"428,9610","428,9610",0.05072637512910254,0.04948171083314839,3043.2519091555614,1,0.05072637512910254,0.0,"{""type"":""MultiPoint"",""coordinates"":[]}"
"429,9610","429,9610",0.12192363385829336,0.1150447422692565,2655.7317744105776,1,0.12192363385829336,0.0,"{""type"":""MultiPoint"",""coordinates"":[]}"
"430,9610","430,9610",0.29663348343252016,0.2540042284688198,2323.4658161523967,1,0.322417765524369,0.025784282091848864,"{""type"":""MultiPoint"",""coordinates"":[]}"
"431,9610","431,9610",0.3221976789199327,0.2730108091998301,2360.184465944516,1,0.34858458746888055,0.026386908548947884,"{""type"":""MultiPoint"",""coordinates"":[]}"
"432,9610","432,9610",0.24972789430210737,0.22292584305917312,2770.7813339128443,1,0.24972789430210737,0.0,"{""type"":""MultiPoint"",""coordinates"":[]}"
"433,9610","433,9610",0.06664173344583951,0.06451514596984866,3262.29234748797,1,0.06664173344583951,0.0,"{""type"":""MultiPoint"",""coordinates"":[]}"
"434,9610","434,9610",0.02142478668526427,0.021198502300640364,3753.804067084755,1,0.02142478668526427,0.0,"{""type"":""MultiPoint"",""coordinates"":[]}"
"435,9610","435,9610",0.0,0.0,4245.316469214885,0,0.0,0.0,"{""type"":""MultiPoint"",""coordinates"":[]}"
"436,9610","436,9610",0.0,0.0,4736.829534140996,0,0.0,0.0,"{""type"":""MultiPoint"",""coordinates"":[]}"
"437,9610","437,9610",0.0,0.0,5228.34324608376,0,0.0,0.0,"{""type"":""MultiPoint"",""coordinates"":[]}"
"438,9610","438,9610",0.0,0.0,5719.8575708610415,0,0.0,0.0,"{""type"":""MultiPoint"",""coordinates"":[]}"
"439,9610","439,9610",0.0,0.0,6211.372494230776,0,0.0,0.0,"{""type"":""MultiPoint"",""coordinates"":[]}"
"440,9610","440,9610",0.0,0.0,6702.888006246147,0,0.0,0.0,"{""type"":""MultiPoint"",""coordinates"":[]}"
"441,9610","441,9610",0.0,0.0,7194.404072708078,0,0.0,0.0,"{""type"":""MultiPoint"",""coordinates"":[]}"
"442,9610","442,9610",0.0,0.0,7685.920660169418,0,0.0,0.0,"{""type"":""MultiPoint"",""coordinates"":[]}"
"443,9610","443,9610",0.0,0.0,8177.437777970777,0,0.0,0.0,"{""type"":""MultiPoint"",""coordinates"":[]}"
"444,9610","444,9610",0.0,0.0,8668.955376119597,0,0.0,0.0,"{""type"":""MultiPoint"",""coordinates"":[]}"
"445,9610","445,9610",0.0,0.0,9160.473453440763,0,0.0,0.0,"{""type"":""MultiPoint"",""coordinates"":[]}"
"446,9610","446,9610",0.0,0.0,9651.99197659723,0,0.0,0.0,"{""type"":""MultiPoint"",""coordinates"":[]}"
"447,9610","447,9610",0.0,0.0,10143.510933104419,0,0.0,0.0,"{""type"":""MultiPoint"",""coordinates"":[]}"
"448,9610","448,9610",0.0,0.0,10635.030293627151,0,0.0,0.0,"{""type"":""MultiPoint"",""coordinates"":[]}"
"406,9611","406,9611",0.0,0.0,10522.793653261526,0,0.0,0.0,"{""type"":""MultiPoint"",""coordinates"":[]}"
"407,9611","407,9611",0.0,0.0,10144.302759547587,0,0.0,0.0,"{""type"":""MultiPoint"",""coordinates"":[]}"
"408,9611","408,9611",0.0,0.0,9765.810735694597,0,0.0,0.0,"{""type"":""MultiPoint"",""coordinates"":[]}"
"409,9611","409,9611",0.0,0.0,9387.317596603649,0,0.0,0.0,"{""type"":""MultiPoint"",""coordinates"":[]}"
"410,9611","410,9611",0.0,0.0,9008.823359624004,0,0.0,0.0,"{""type"":""MultiPoint"",""coordinates"":[]}"
"411,9611","411,9611",0.0,0.0,8630.328050293088,0,0.0,0.0,"{""type"":""MultiPoint"",""coordinates"":[]}"
"412,9611","412,9611",0.0,0.0,8251.831668304007,0,0.0,0.0,"{""type"":""MultiPoint"",""coordinates"":[]}"
"413,9611","413,9611",0.0,0.0,7873.334236295681,0,0.0,0.0,"{""type"":""MultiPoint"",""coordinates"":[]}"
"414,9611","414,9611",0.0,0.0,7494.835789408528,0,0.0,0.0,"{""type"":""MultiPoint"",""coordinates"":[]}"
"415,9611","415,9611",0.02275096481137441,0.021698928566425725,7116.3363222262215,1,0.059899948181986525,0.037148983370612114,"{""type"":""MultiPoint"",""coordinates"":[]}"
"416,9611","416,9611",-0.3304534284285028,-0.185972246803966,6737.83587208612,1,0.6167880677126449,0.9472414961411477,"{""type"":""MultiPoint"",""coordinates"":[]}"
"417,9611","417,9611",-0.14375032710817215,-0.07645765240937985,6359.334440500302,1,0.8091706624420085,0.9529209895501807,"{""type"":""MultiPoint"",""coordinates"":[]}"
"418,9611","418,9611",0.027792848712894933,0.02461687478712528,5980.832050604165,1,0.14296956853030088,0.11517671981740595,"{""type"":""MultiPoint"",""coordinates"":[]}"
"419,9611","419,9611",0.0,0.0,5602.328715985965,0,0.0,0.0,"{""type"":""MultiPoint"",""coordinates"":[]}"
"420,9611","420,9611",0.0,0.0,5221.170276631471,0,0.0,0.0,"{""type"":""MultiPoint"",""coordinates"":[]}"
"421,9611","421,9611",0.0,0.0,4833.655299949141,0,0.0,0.0,"{""type"":""MultiPoint"",""coordinates"":[]}"
"422,9611","422,9611",0.0,0.0,4446.13943090683,0,0.0,0.0,"{""type"":""MultiPoint"",""coordinates"":[]}"
"423,9611","423,9611",0.024372041514308846,0.02380526908644099,4058.6226710697592,1,0.03604306543008191,0.01167102391577306,"{""type"":""MultiPoint"",""coordinates"":[]}"
"424,9611","424,9611",0.06657292437683296,0.06242050225370981,3671.105039165102,1,0.10015610194764281,0.03358317757080985,"{""type"":""MultiPoint"",""coordinates"":[]}"
"425,9611","425,9611",0.01368139973075787,0.013404651353499525,3283.5865521433116,1,0.027501680209679066,0.013820280478921197,"{""type"":""MultiPoint"",""coordinates"":[]}"
"426,9611","426,9611",0.0,0.0,2896.0672374301344,0,0.0,0.0,"{""type"":""MultiPoint"",""coordinates"":[]}"
"427,9611","427,9611",0.0,0.0,2508.547101464931,0,0.0,0.0,"{""type"":""MultiPoint"",""coordinates"":[]}"
"428,9611","428,9611",0.37838607221166676,0.3209133018651441,2121.0261696833913,1,0.37838607221166676,0.0,"{""type"":""MultiPoint"",""coordinates"":[]}"
"429,9611","429,9611",0.9276411704875542,0.6144419435924273,1733.504460628124,1,1.0207524103908432,0.093111239903289,"{""type"":""MultiPoint"",""coordinates"":[]}"
"430,9611","430,9611",1.6378859368854228,0.8016412130502426,1350.981242676373,1,1.9703709527886233,0.33248501590320045,"{""type"":""MultiPoint"",""coordinates"":[]}"
"431,9611","431,9611",1.2608939281910028,0.6502716727840043,1413.1958934705192,1,1.6373235712336411,0.3764296430426383,"{""type"":""MultiPoint"",""coordinates"":[]}"
"432,9611","432,9611",0.7390217790447774,0.527045230546936,1899.5100318838515,1,0.8040177871182239,0.06499600807344653,"{""type"":""MultiPoint"",""coordinates"":[]}"
"433,9611","433,9611",0.37382908255874536,0.3176017920005261,2391.0195505622983,1,0.37382908255874536,0.0,"{""type"":""MultiPoint"",""coordinates"":[]}"
"434,9611","434,9611",0.03392958371435113,0.033366672910741864,2882.529785819116,1,0.03392958371435113,0.0,"{""type"":""MultiPoint"",""coordinates"":[]}"
"435,9611","435,9611",0.0,0.0,3374.0407266165134,0,0.0,0.0,"{""type"":""MultiPoint"",""coordinates"":[]}"
"436,9611","436,9611",0.0,0.0,3865.552346921208,0,0.0,0.0,"{""type"":""MultiPoint"",""coordinates"":[]}"
"437,9611","437,9611",0.0,0.0,4357.064617327679,0,0.0,0.0,"{""type"":""MultiPoint"",""coordinates"":[]}"
"438,9611","438,9611",0.0,0.0,4848.577536416463,0,0.0,0.0,"{""type"":""MultiPoint"",""coordinates"":[]}"
"439,9611","439,9611",0.0,0.0,5340.091065177795,0,0.0,0.0,"{""type"":""MultiPoint"",""coordinates"":[]}"
"440,9611","440,9611",0.0,0.0,5831.605184039334,0,0.0,0.0,"{""type"":""MultiPoint"",""coordinates"":[]}"
"441,9611","441,9611",0.0,0.0,6323.119878796248,0,0.0,0.0,"{""type"":""MultiPoint"",""coordinates"":[]}"
"442,9611","442,9611",0.0,0.0,6814.635128839996,0,0.0,0.0,"{""type"":""MultiPoint"",""coordinates"":[]}"
"443,9611","443,9611",0.0,0.0,7306.15090440164,0,0.0,0.0,"{""type"":""MultiPoint"",""coordinates"":[]}"
"444,9611","444,9611",0.0,0.0,7797.667187766755,0,0.0,0.0,"{""type"":""MultiPoint"",""coordinates"":[]}"
"445,9611","445,9611",0.0,0.0,8289.183969236507,0,0.0,0.0,"{""type"":""MultiPoint"",""coordinates"":[]}"
"446,9611","446,9611",0.0,0.0,8780.701204826506,0,0.0,0.0,"{""type"":""MultiPoint"",""coordinates"":[]}"
"447,9611","447,9611",0.0,0.0,9272.218890489627,0,0.0,0.0,"{""type"":""MultiPoint"",""coordinates"":[]}"
"448,9611","448,9611",0.0,0.0,9763.73700152376,0,0.0,0.0,"{""type"":""MultiPoint"",""coordinates"":[]}"
"449,9611","449,9611",0.0,0.0,10255.255512425425,0,0.0,0.0,"{""type"":""MultiPoint"",""coordinates"":[]}"
"404,9612","404,9612",0.0,0.0,10353.857072140227,0,0.0,0.0,"{""type"":""MultiPoint"",""coordinates"":[]}"
"405,9612","405,9612",0.0,0.0,9975.366425698705,0,0.0,0.0,"{""type"":""MultiPoint"",""coordinates"":[]}"
"406,9612","406,9612",0.0,0.0,9596.874642550467,0,0.0,0.0,"{""type"":""MultiPoint"",""coordinates"":[]}"
"407,9612","407,9612",0.0,0.0,9218.38171588376,0,0.0,0.0,"{""type"":""MultiPoint"",""coordinates"":[]}"
"408,9612","408,9612",0.0,0.0,8839.887688770663,0,0.0,0.0,"{""type"":""MultiPoint"",""coordinates"":[]}"
"409,9612","409,9612",0.0,0.0,8461.392562413745,0,0.0,0.0,"{""type"":""MultiPoint"",""coordinates"":[]}"
"410,9612","410,9612",0.0,0.0,8082.896360662732,0,0.0,0.0,"{""type"":""MultiPoint"",""coordinates"":[]}"
"411,9612","411,9612",0.0,0.0,7704.399092836698,0,0.0,0.0,"{""type"":""MultiPoint"",""coordinates"":[]}"
"412,9612","412,9612",0.0,0.0,7325.900787450899,0,0.0,0.0,"{""type"":""MultiPoint"",""coordinates"":[]}"
"413,9612","413,9612",0.0,0.0,6947.401448396733,0,0.0,0.0,"{""type"":""MultiPoint"",""coordinates"":[]}"
"414,9612","414,9612",0.0,0.0,6568.9011089665255,0,0.0,0.0,"{""type"":""MultiPoint"",""coordinates"":[]}"
"415,9612","415,9612",-0.007260278390837004,-0.0071388418304955525,6190.39977711485,1,0.013384860861270775,0.02064513925210778,"{""type"":""MultiPoint"",""coordinates"":[]}"
"416,9612","416,9612",0.0021984469594865663,0.0018247765887422773,5811.897472913454,1,0.2058755139492841,0.20367706698979754,"{""type"":""MultiPoint"",""coordinates"":[]}"
"417,9612","417,9612",0.015110609770434075,0.012036366648942282,5433.394210648293,1,0.2629833454848766,0.24787273571444254,"{""type"":""MultiPoint"",""coordinates"":[]}"
"418,9612","418,9612",0.04204047614172715,0.040175938286943574,5054.890017945236,1,0.06757030255888424,0.025529826417157096,"{""type"":""MultiPoint"",""coordinates"":[]}"
"419,9612","419,9612",0.0,0.0,4676.384892400098,0,0.0,0.0,"{""type"":""MultiPoint"",""coordinates"":[]}"
"420,9612","420,9612",0.0,0.0,4297.878873454174,0,0.0,0.0,"{""type"":""MultiPoint"",""coordinates"":[]}"
"421,9612","421,9612",0.0,0.0,3911.44189374332,0,0.0,0.0,"{""type"":""MultiPoint"",""coordinates"":[]}"
"422,9612","422,9612",0.0,0.0,3523.924285221123,0,0.0,0.0,"{""type"":""MultiPoint"",""coordinates"":[]}"
"423,9612","423,9612",0.07503437180107123,0.06430556511828975,3136.4058263546294,1,0.20476028160012819,0.12972590979905696,"{""type"":""MultiPoint"",""coordinates"":[]}"
"424,9612","424,9612",0.18348897908087058,0.13226344723453104,2748.8865132466594,1,0.48106554155684506,0.29757656247597447,"{""type"":""MultiPoint"",""coordinates"":[]}"
"425,9612","425,9612",0.06905627532619728,0.06123771358044447,2361.3663550274705,1,0.1625561183956388,0.09349984306944152,"{""type"":""MultiPoint"",""coordinates"":[]}"
"426,9612","426,9612",0.0,0.0,1973.8453993609614,0,0.0,0.0,"{""type"":""MultiPoint"",""coordinates"":[]}"
"427,9612","427,9612",0.0,0.0,1586.3236397047629,0,0.0,0.0,"{""type"":""MultiPoint"",""coordinates"":[]}"
"428,9612","428,9612",0.4166792727261145,0.34831559262352957,1198.8011029285624,1,0.4166792727261145,0.0,"{""type"":""MultiPoint"",""coordinates"":[]}"
"429,9612","429,9612",1.1420628439184939,0.6866220032383743,811.2777998081417,1,1.2991772810413782,0.15711443712288434,"{""type"":""MultiPoint"",""coordinates"":[]}"
"430,9612","430,9612",2.065998306437435,0.7917750253162127,423.7537634243246,1,2.777237857814528,0.7112395513770927,"{""type"":""MultiPoint"",""coordinates"":[]}"
"431,9612","431,9612",1.5607747181471128,0.6292518516707402,536.7306240488534,1,2.3420613710964044,0.7812866529492916,"{""type"":""MultiPoint"",""coordinates"":[]}"
"432,9612","432,9612",0.7683403133581845,0.4741469432288038,1028.23789223597,1,1.034884629697881,0.26654431633969655,"{""type"":""MultiPoint"",""coordinates"":[]}"
"433,9612","433,9612",0.11098072183060664,0.08063681108541981,1519.745918727629,1,0.4325394977232076,0.32155877589260096,"{""type"":""MultiPoint"",""coordinates"":[]}"
"434,9612","434,9612",0.02223350462337878,0.021043340308072464,2011.254680988425,1,0.06771350687701407,0.045480002253635285,"{""type"":""MultiPoint"",""coordinates"":[]}"
"435,9612","435,9612",0.0,0.0,2502.764163675419,0,0.0,0.0,"{""type"":""MultiPoint"",""coordinates"":[]}"
"436,9612","436,9612",0.0,0.0,2994.274346117051,0,0.0,0.0,"{""type"":""MultiPoint"",""coordinates"":[]}"
"437,9612","437,9612",0.0,0.0,3485.785192248735,0,0.0,0.0,"{""type"":""MultiPoint"",""coordinates"":[]}"
"438,9612","438,9612",0.0,0.0,3977.2967070542372,0,0.0,0.0,"{""type"":""MultiPoint"",""coordinates"":[]}"
"439,9612","439,9612",0.0,0.0,4468.808835608931,0,0.0,0.0,"{""type"":""MultiPoint"",""coordinates"":[]}"
"440,9612","440,9612",0.0,0.0,4960.321589980583,0,0.0,0.0,"{""type"":""MultiPoint"",""coordinates"":[]}"
"441,9612","441,9612",0.0,0.0,5451.8349313039735,0,0.0,0.0,"{""type"":""MultiPoint"",""coordinates"":[]}"
"442,9612","442,9612",0.0,0.0,5943.348832611836,0,0.0,0.0,"{""type"":""MultiPoint"",""coordinates"":[]}"
"443,9612","443,9612",0.0,0.0,6434.863295032935,0,0.0,0.0,"{""type"":""MultiPoint"",""coordinates"":[]}"
"444,9612","444,9612",0.0,0.0,6926.3782719713145,0,0.0,0.0,"{""type"":""MultiPoint"",""coordinates"":[]}"
"445,9612","445,9612",0.0,0.0,7417.893752187639,0,0.0,0.0,"{""type"":""MultiPoint"",""coordinates"":[]}"
"446,9612","446,9612",0.0,0.0,7909.409718466573,0,0.0,0.0,"{""type"":""MultiPoint"",""coordinates"":[]}"
"447,9612","447,9612",0.0,0.0,8400.92614094968,0,0.0,0.0,"{""type"":""MultiPoint"",""coordinates"":[]}"
"448,9612","448,9612",0.0,0.0,8892.443007716749,0,0.0,0.0,"{""type"":""MultiPoint"",""coordinates"":[]}"
"449,9612","449,9612",0.0,0.0,9383.960294009235,0,0.0,0.0,"{""type"":""MultiPoint"",""coordinates"":[]}"
"450,9612","450,9612",0.0,0.0,9875.477977130511,0,0.0,0.0,"{""type"":""MultiPoint"",""coordinates"":[]}"
"451,9612","451,9612",0.0,0.0,10366.996033828975,0,0.0,0.0,"{""type"":""MultiPoint"",""coordinates"":[]}"
"401,9613","401,9613",0.0,0.0,10563.414232924179,0,0.0,0.0,"{""type"":""MultiPoint"",""coordinates"":[]}"
"402,9613","402,9613",0.0,0.0,10184.92499650355,0,0.0,0.0,"{""type"":""MultiPoint"",""coordinates"":[]}"
"403,9613","403,9613",0.0,0.0,9806.434584607683,0,0.0,0.0,"{""type"":""MultiPoint"",""coordinates"":[]}"
"404,9613","404,9613",0.0,0.0,9427.943017159081,0,0.0,0.0,"{""type"":""MultiPoint"",""coordinates"":[]}"
"405,9613","405,9613",0.0,0.0,9049.45030339213,0,0.0,0.0,"{""type"":""MultiPoint"",""coordinates"":[]}"
"406,9613","406,9613",0.0,0.0,8670.956453259278,0,0.0,0.0,"{""type"":""MultiPoint"",""coordinates"":[]}"
"407,9613","407,9613",0.0,0.0,8292.4615012918,0,0.0,0.0,"{""type"":""MultiPoint"",""coordinates"":[]}"
"408,9613","408,9613",0.0,0.0,7913.965455284406,0,0.0,0.0,"{""type"":""MultiPoint"",""coordinates"":[]}"
"409,9613","409,9613",0.0,0.0,7535.468336824304,0,0.0,0.0,"{""type"":""MultiPoint"",""coordinates"":[]}"
"410,9613","410,9613",0.0,0.0,7156.970151138808,0,0.0,0.0,"{""type"":""MultiPoint"",""coordinates"":[]}"
"411,9613","411,9613",0.0,0.0,6778.470929559201,0,0.0,0.0,"{""type"":""MultiPoint"",""coordinates"":[]}"
"412,9613","412,9613",0.0,0.0,6399.97068847213,0,0.0,0.0,"{""type"":""MultiPoint"",""coordinates"":[]}"
"413,9613","413,9613",0.0,0.0,6021.469439386083,0,0.0,0.0,"{""type"":""MultiPoint"",""coordinates"":[]}"
"414,9613","414,9613",0.0,0.0,5642.967207967723,0,0.0,0.0,"{""type"":""MultiPoint"",""coordinates"":[]}"
"415,9613","415,9613",0.0,0.0,5264.463996082871,0,0.0,0.0,"{""type"":""MultiPoint"",""coordinates"":[]}"
"416,9613","416,9613",0.0,0.0,4885.9598393798215,0,0.0,0.0,"{""type"":""MultiPoint"",""coordinates"":[]}"
"417,9613","417,9613",0.0,0.0,4507.454736888372,0,0.0,0.0,"{""type"":""MultiPoint"",""coordinates"":[]}"
"418,9613","418,9613",0.0,0.0,4128.948721265195,0,0.0,0.0,"{""type"":""MultiPoint"",""coordinates"":[]}"
"419,9613","419,9613",0.0,0.0,3750.4417954683245,0,0.0,0.0,"{""type"":""MultiPoint"",""coordinates"":[]}"
"420,9613","420,9613",0.0,0.0,3371.933985995376,0,0.0,0.0,"{""type"":""MultiPoint"",""coordinates"":[]}"
"421,9613","421,9613",0.0,0.0,2989.2292094535414,0,0.0,0.0,"{""type"":""MultiPoint"",""coordinates"":[]}"
"422,9613","422,9613",0.0,0.0,2601.7098812423947,0,0.0,0.0,"{""type"":""MultiPoint"",""coordinates"":[]}"
"423,9613","423,9613",0.06861300202571366,0.05803215272232548,2214.189709449389,1,0.21696565750578087,0.1483526554800672,"{""type"":""MultiPoint"",""coordinates"":[]}"
"424,9613","424,9613",0.20084211152588205,0.14736067755809565,1826.6686916912308,1,0.46581531671377335,0.2649732051878913,"{""type"":""MultiPoint"",""coordinates"":[]}"
"425,9613","425,9613",0.05129798880303445,0.04717981190016451,1439.1468771018756,1,0.11313751716577121,0.06183952836273676,"{""type"":""MultiPoint"",""coordinates"":[]}"
"426,9613","426,9613",0.0,0.0,1051.6242619176176,0,0.0,0.0,"{""type"":""MultiPoint"",""coordinates"":[]}"
"427,9613","427,9613",0.0,0.0,664.1008674526541,0,0.0,0.0,"{""type"":""MultiPoint"",""coordinates"":[]}"
"428,9613","428,9613",0.10374639574279133,0.09871020746550635,276.576714762299,1,0.10374639574279133,0.0,"{""type"":""MultiPoint"",""coordinates"":[]}"
"429,9613","429,9613",0.4139835600597008,0.3235681214642467,110.94817638416308,1,0.49756747474009605,0.08358391468039528,"{""type"":""MultiPoint"",""coordinates"":[]}"
"430,9613","430,9613",0.43454734684056545,0.2640664939735409,498.4738002507356,1,0.8724232268088693,0.43787587996830385,"{""type"":""MultiPoint"",""coordinates"":[]}"
"431,9613","431,9613",0.5195050578376388,0.32049274063645505,334.54086765438973,1,0.8945609663570916,0.3750559085194528,"{""type"":""MultiPoint"",""coordinates"":[]}"
"432,9613","432,9613",0.32837264625689916,0.24205301276116312,156.96490485903314,1,0.5274180766099538,0.1990454303530546,"{""type"":""MultiPoint"",""coordinates"":[]}"
"433,9613","433,9613",0.011215273946778348,0.008435799005928613,648.4714541153311,1,0.3351011974434568,0.32388592349667844,"{""type"":""MultiPoint"",""coordinates"":[]}"
"434,9613","434,9613",0.03416348161966833,0.03192981703612187,1139.978756410301,1,0.08712808782719586,0.05296460620752753,"{""type"":""MultiPoint"",""coordinates"":[]}"
"435,9613","435,9613",0.0,0.0,1631.486788270291,0,0.0,0.0,"{""type"":""MultiPoint"",""coordinates"":[]}"
"436,9613","436,9613",0.0,0.0,2122.9955360880876,0,0.0,0.0,"{""type"":""MultiPoint"",""coordinates"":[]}"
"437,9613","437,9613",0.0,0.0,2614.504976842248,0,0.0,0.0,"{""type"":""MultiPoint"",""coordinates"":[]}"
"438,9613","438,9613",0.0,0.0,3106.0150891003514,0,0.0,0.0,"{""type"":""MultiPoint"",""coordinates"":[]}"
"439,9613","439,9613",0.0,0.0,3597.5258497406658,0,0.0,0.0,"{""type"":""MultiPoint"",""coordinates"":[]}"
"440,9613","440,9613",0.0,0.0,4089.037234771101,0,0.0,0.0,"{""type"":""MultiPoint"",""coordinates"":[]}"
"441,9613","441,9613",0.0,0.0,4580.549228653573,0,0.0,0.0,"{""type"":""MultiPoint"",""coordinates"":[]}"
"442,9613","442,9613",0.0,0.0,5072.061805149383,0,0.0,0.0,"{""type"":""MultiPoint"",""coordinates"":[]}"
"443,9613","443,9613",0.0,0.0,5563.574932086613,0,0.0,0.0,"{""type"":""MultiPoint"",""coordinates"":[]}"
"444,9613","444,9613",0.0,0.0,6055.088618570123,0,0.0,0.0,"{""type"":""MultiPoint"",""coordinates"":[]}"
"445,9613","445,9613",0.0,0.0,6546.60281800998,0,0.0,0.0,"{""type"":""MultiPoint"",""coordinates"":[]}"
"446,9613","446,9613",0.0,0.0,7038.117517588917,0,0.0,0.0,"{""type"":""MultiPoint"",""coordinates"":[]}"
"447,9613","447,9613",0.0,0.0,7529.632695627711,0,0.0,0.0,"{""type"":""MultiPoint"",""coordinates"":[]}"
"448,9613","448,9613",0.0,0.0,8021.14832288498,0,0.0,0.0,"{""type"":""MultiPoint"",""coordinates"":[]}"
"449,9613","449,9613",0.0,0.0,8512.664396304654,0,0.0,0.0,"{""type"":""MultiPoint"",""coordinates"":[]}"
"450,9613","450,9613",0.0,0.0,9004.180879919413,0,0.0,0.0,"{""type"":""MultiPoint"",""coordinates"":[]}"
"451,9613","451,9613",0.0,0.0,9495.697752848855,0,0.0,0.0,"{""type"":""MultiPoint"",""coordinates"":[]}"
"452,9613","452,9613",0.03633231321970621,0.035687858059073936,9987.214991689838,1,0.03633231321970621,0.0,"{""type"":""MultiPoint"",""coordinates"":[]}"
"453,9613","453,9613",0.2953793010141096,0.2588035488016766,10478.732591332504,1,0.2953793010141096,0.0,"{""type"":""MultiPoint"",""coordinates"":[]}"
"349,9614","349,9614",0.0,0.0,10392.51024326127,0,0.0,0.0,"{""type"":""MultiPoint"",""coordinates"":[]}"
"350,9614","350,9614",0.0,0.0,10107.971844329173,0,0.0,0.0,"{""type"":""MultiPoint"",""coordinates"":[]}"
"351,9614","351,9614",0.0,0.0,9916.568639848943,0,0.0,0.0,"{""type"":""MultiPoint"",""coordinates"":[]}"
"352,9614","352,9614",0.03765637521258371,0.03696468486159794,9823.746251391847,1,0.03765637521258371,0.0,"{""type"":""MultiPoint"",""coordinates"":[]}"
"353,9614","353,9614",0.5456293973530459,0.4354312043217947,9813.007077285294,1,0.5456293973530459,0.0,"{""type"":""MultiPoint"",""coordinates"":[]}"
"354,9614","354,9614",0.8170378397163165,0.5972076145776603,9809.795098628749,1,0.8170378397163165,0.0,"{""type"":""MultiPoint"",""coordinates"":[]}"
"355,9614","355,9614",0.2912428284140483,0.2556051874491035,9806.5828031501,1,0.2912428284140483,0.0,"{""type"":""MultiPoint"",""coordinates"":[]}"
"356,9614","356,9614",0.0,0.0,9803.370188533234,0,0.0,0.0,"{""type"":""MultiPoint"",""coordinates"":[]}"
"357,9614","357,9614",0.0,0.0,9800.157267676059,0,0.0,0.0,"{""type"":""MultiPoint"",""coordinates"":[]}"
"358,9614","358,9614",0.0,0.0,9796.944025716339,0,0.0,0.0,"{""type"":""MultiPoint"",""coordinates"":[]}"
"359,9614","359,9614",0.0,0.0,9793.730471049072,0,0.0,0.0,"{""type"":""MultiPoint"",""coordinates"":[]}"
"360,9614","360,9614",0.0,0.0,9790.516601170862,0,0.0,0.0,"{""type"":""MultiPoint"",""coordinates"":[]}"
"361,9614","361,9614",0.16494007268642177,0.15266964594045004,9787.302405423381,1,0.16494007268642177,0.0,"{""type"":""MultiPoint"",""coordinates"":[]}"
"362,9614","362,9614",0.2754416734562162,0.24329252917800143,9784.087894010176,1,0.2754416734562162,0.0,"{""type"":""MultiPoint"",""coordinates"":[]}"
"363,9614","363,9614",0.0697558790180739,0.06743047199314328,9780.873076462369,1,0.0697558790180739,0.0,"{""type"":""MultiPoint"",""coordinates"":[]}"
"364,9614","364,9614",0.0,0.0,9777.657946375974,0,0.0,0.0,"{""type"":""MultiPoint"",""coordinates"":[]}"
"365,9614","365,9614",0.0,0.0,9774.442493086515,0,0.0,0.0,"{""type"":""MultiPoint"",""coordinates"":[]}"
"366,9614","366,9614",0.0,0.0,9771.226727388965,0,0.0,0.0,"{""type"":""MultiPoint"",""coordinates"":[]}"
"367,9614","367,9614",0.0,0.0,9768.010648011765,0,0.0,0.0,"{""type"":""MultiPoint"",""coordinates"":[]}"
"368,9614","368,9614",0.0,0.0,9764.79425531443,0,0.0,0.0,"{""type"":""MultiPoint"",""coordinates"":[]}"
"369,9614","369,9614",0.0,0.0,9761.577548225045,0,0.0,0.0,"{""type"":""MultiPoint"",""coordinates"":[]}"
"370,9614","370,9614",0.0,0.0,9758.360518964806,0,0.0,0.0,"{""type"":""MultiPoint"",""coordinates"":[]}"
"371,9614","371,9614",0.0,0.0,9755.143182924745,0,0.0,0.0,"{""type"":""MultiPoint"",""coordinates"":[]}"
"372,9614","372,9614",0.0,0.0,9751.92553040949,0,0.0,0.0,"{""type"":""MultiPoint"",""coordinates"":[]}"
"373,9614","373,9614",0.0,0.0,9748.707558879456,0,0.0,0.0,"{""type"":""MultiPoint"",""coordinates"":[]}"
"374,9614","374,9614",0.0,0.0,9745.489280202406,0,0.0,0.0,"{""type"":""MultiPoint"",""coordinates"":[]}"
"375,9614","375,9614",0.0,0.0,9742.270690862768,0,0.0,0.0,"{""type"":""MultiPoint"",""coordinates"":[]}"
"376,9614","376,9614",0.0,0.0,9739.051786164253,0,0.0,0.0,"{""type"":""MultiPoint"",""coordinates"":[]}"
"377,9614","377,9614",0.0,0.0,9735.832567319932,0,0.0,0.0,"{""type"":""MultiPoint"",""coordinates"":[]}"
"378,9614","378,9614",0.0,0.0,9732.613036331406,0,0.0,0.0,"{""type"":""MultiPoint"",""coordinates"":[]}"
"379,9614","379,9614",0.0,0.0,9729.39319230154,0,0.0,0.0,"{""type"":""MultiPoint"",""coordinates"":[]}"
"380,9614","380,9614",0.0,0.0,9726.173036380716,0,0.0,0.0,"{""type"":""MultiPoint"",""coordinates"":[]}"
"381,9614","381,9614",0.0,0.0,9722.952563449528,0,0.0,0.0,"{""type"":""MultiPoint"",""coordinates"":[]}"
"382,9614","382,9614",0.0,0.0,9719.73178461295,0,0.0,0.0,"{""type"":""MultiPoint"",""coordinates"":[]}"
"383,9614","383,9614",0.0,0.0,9716.51069030494,0,0.0,0.0,"{""type"":""MultiPoint"",""coordinates"":[]}"
"384,9614","384,9614",0.0,0.0,9713.289281169955,0,0.0,0.0,"{""type"":""MultiPoint"",""coordinates"":[]}"
"385,9614","385,9614",0.0,0.0,9710.06756347369,0,0.0,0.0,"{""type"":""MultiPoint"",""coordinates"":[]}"
"386,9614","386,9614",0.0,0.0,9706.84553444703,0,0.0,0.0,"{""type"":""MultiPoint"",""coordinates"":[]}"
"387,9614","387,9614",0.0,0.0,9703.623191504035,0,0.0,0.0,"{""type"":""MultiPoint"",""coordinates"":[]}"
"388,9614","388,9614",0.0,0.0,9700.400539883256,0,0.0,0.0,"{""type"":""MultiPoint"",""coordinates"":[]}"
"389,9614","389,9614",0.0,0.0,9697.177578189885,0,0.0,0.0,"{""type"":""MultiPoint"",""coordinates"":[]}"
"390,9614","390,9614",0.0,0.0,9693.954297732218,0,0.0,0.0,"{""type"":""MultiPoint"",""coordinates"":[]}"
"391,9614","391,9614",0.0,0.0,9690.730717937731,0,0.0,0.0,"{""type"":""MultiPoint"",""coordinates"":[]}"
"392,9614","392,9614",0.0,0.0,9687.506817369826,0,0.0,0.0,"{""type"":""MultiPoint"",""coordinates"":[]}"
"393,9614","393,9614",0.0,0.0,9684.282615938873,0,0.0,0.0,"{""type"":""MultiPoint"",""coordinates"":[]}"
"394,9614","394,9614",0.0,0.0,9681.058091007715,0,0.0,0.0,"{""type"":""MultiPoint"",""coordinates"":[]}"
"395,9614","395,9614",0.0,0.0,9677.83325994634,0,0.0,0.0,"{""type"":""MultiPoint"",""coordinates"":[]}"
"396,9614","396,9614",0.0,0.0,9674.608127133288,0,0.0,0.0,"{""type"":""MultiPoint"",""coordinates"":[]}"
"397,9614","397,9614",0.0,0.0,9671.382673423786,0,0.0,0.0,"{""type"":""MultiPoint"",""coordinates"":[]}"
"398,9614","398,9614",0.0,0.0,9668.156919265759,0,0.0,0.0,"{""type"":""MultiPoint"",""coordinates"":[]}"
"399,9614","399,9614",0.0,0.0,9664.93084643031,0,0.0,0.0,"{""type"":""MultiPoint"",""coordinates"":[]}"
"400,9614","400,9614",0.0,0.0,9661.704473296482,0,0.0,0.0,"{""type"":""MultiPoint"",""coordinates"":[]}"
"401,9614","401,9614",0.0,0.0,9637.50738509052,0,0.0,0.0,"{""type"":""MultiPoint"",""coordinates"":[]}"
"402,9614","402,9614",0.0,0.0,9259.016018008933,0,0.0,0.0,"{""type"":""MultiPoint"",""coordinates"":[]}"
"403,9614","403,9614",0.0,0.0,8880.523486103364,0,0.0,0.0,"{""type"":""MultiPoint"",""coordinates"":[]}"
"404,9614","404,9614",0.0,0.0,8502.029816796852,0,0.0,0.0,"{""type"":""MultiPoint"",""coordinates"":[]}"
"405,9614","405,9614",0.0,0.0,8123.535013836753,0,0.0,0.0,"{""type"":""MultiPoint"",""coordinates"":[]}"
"406,9614","406,9614",0.0,0.0,7745.03911243645,0,0.0,0.0,"{""type"":""MultiPoint"",""coordinates"":[]}"
"407,9614","407,9614",0.0,0.0,7366.542115610867,0,0.0,0.0,"{""type"":""MultiPoint"",""coordinates"":[]}"
"408,9614","408,9614",0.0,0.0,6988.044044932832,0,0.0,0.0,"{""type"":""MultiPoint"",""coordinates"":[]}"
"409,9614","409,9614",0.0,0.0,6609.544919235031,0,0.0,0.0,"{""type"":""MultiPoint"",""coordinates"":[]}"
"410,9614","410,9614",0.0,0.0,6231.044762278399,0,0.0,0.0,"{""type"":""MultiPoint"",""coordinates"":[]}"
"411,9614","411,9614",0.0,0.0,5852.543579148701,0,0.0,0.0,"{""type"":""MultiPoint"",""coordinates"":[]}"
"412,9614","412,9614",0.0,0.0,5474.041388957754,0,0.0,0.0,"{""type"":""MultiPoint"",""coordinates"":[]}"
"413,9614","413,9614",0.0,0.0,5095.5382200098,0,0.0,0.0,"{""type"":""MultiPoint"",""coordinates"":[]}"
"414,9614","414,9614",0.0,0.0,4717.034077283745,0,0.0,0.0,"{""type"":""MultiPoint"",""coordinates"":[]}"
"415,9614","415,9614",0.0,0.0,4338.528979608518,0,0.0,0.0,"{""type"":""MultiPoint"",""coordinates"":[]}"
"416,9614","416,9614",0.0,0.0,3960.0229507104937,0,0.0,0.0,"{""type"":""MultiPoint"",""coordinates"":[]}"
"417,9614","417,9614",0.0,0.0,3581.5160131665275,0,0.0,0.0,"{""type"":""MultiPoint"",""coordinates"":[]}"
"418,9614","418,9614",0.0,0.0,3203.00816465587,0,0.0,0.0,"{""type"":""MultiPoint"",""coordinates"":[]}"
"419,9614","419,9614",0.0,0.0,2824.4994416415648,0,0.0,0.0,"{""type"":""MultiPoint"",""coordinates"":[]}"
"420,9614","420,9614",0.0,0.0,2445.989847926377,0,0.0,0.0,"{""type"":""MultiPoint"",""coordinates"":[]}"
"421,9614","421,9614",0.0,0.0,2067.017261046952,0,0.0,0.0,"{""type"":""MultiPoint"",""coordinates"":[]}"
"422,9614","422,9614",0.0,0.0,1679.4961923982698,0,0.0,0.0,"{""type"":""MultiPoint"",""coordinates"":[]}"
"423,9614","423,9614",0.0018834328343543044,0.0018706567639509017,1291.9742942396476,1,0.0077717345601806135,0.005888301725826309,"{""type"":""MultiPoint"",""coordinates"":[]}"
"424,9614","424,9614",0.01378548257052898,0.013582967621846537,904.4515862082268,1,0.021817822610178297,0.008032340039649317,"{""type"":""MultiPoint"",""coordinates"":[]}"
"425,9614","425,9614",0.005440529399821834,0.005425198125918249,516.9280839689425,1,0.005548662427932984,1.0813302811115017E-4,"{""type"":""MultiPoint"",""coordinates"":[]}"
"426,9614","426,9614",0.025061114154069995,0.02475223437790372,129.40381148710634,1,0.025061114154069995,0.0,"{""type"":""MultiPoint"",""coordinates"":[]}"
"427,9614","427,9614",0.2644325833538589,0.23462347084210994,258.1212326035124,1,0.2644325833538589,0.0,"{""type"":""MultiPoint"",""coordinates"":[]}"
"428,9614","428,9614",0.6470241134558296,0.4989700919236823,645.6470036319303,1,0.6470241134558296,0.0,"{""type"":""MultiPoint"",""coordinates"":[]}"
"429,9614","429,9614",0.7376432357146652,0.5510197840585869,1033.1735052463587,1,0.7412101689518319,0.0035669332371667797,"{""type"":""MultiPoint"",""coordinates"":[]}"
"430,9614","430,9614",0.15047691297386923,0.1381011520853968,1420.700703550419,1,0.16658340029178126,0.016106487317912036,"{""type"":""MultiPoint"",""coordinates"":[]}"
"431,9614","431,9614",0.2013954492105592,0.1759537865348706,1205.813205205617,1,0.24824209456001564,0.04684664534945643,"{""type"":""MultiPoint"",""coordinates"":[]}"
"432,9614","432,9614",0.013482420095912086,0.013312189955762211,714.3089227579978,1,0.01954370510789997,0.006061285011987886,"{""type"":""MultiPoint"",""coordinates"":[]}"
"433,9614","433,9614",0.005823521590483206,0.005746716993460434,222.80383840453945,1,0.016279501680988875,0.010455980090505669,"{""type"":""MultiPoint"",""coordinates"":[]}"
"434,9614","434,9614",0.0023562492242137213,0.0023481922217275346,268.7020096861882,1,0.004609736858062375,0.002253487633848654,"{""type"":""MultiPoint"",""coordinates"":[]}"
"435,9614","435,9614",0.0,0.0,760.2086121403211,0,0.0,0.0,"{""type"":""MultiPoint"",""coordinates"":[]}"
"436,9614","436,9614",0.0,0.0,1251.7159340864923,0,0.0,0.0,"{""type"":""MultiPoint"",""coordinates"":[]}"
"437,9614","437,9614",0.0011258512085921537,0.001122742272076011,1743.2239750407166,1,0.0033320872003364415,0.002206235991744288,"{""type"":""MultiPoint"",""coordinates"":[]}"
"438,9614","438,9614",0.016721613548936393,0.015056219868009688,2234.7326963900327,1,0.11899346086767412,0.10227184731873773,"{""type"":""MultiPoint"",""coordinates"":[]}"
"439,9614","439,9614",-0.01230955052886143,-0.011141627491709577,2726.2420852150703,1,0.09868182745041486,0.11099137797927629,"{""type"":""MultiPoint"",""coordinates"":[]}"
"440,9614","440,9614",0.0,0.0,3217.7521100329527,0,0.0,0.0,"{""type"":""MultiPoint"",""coordinates"":[]}"
"441,9614","441,9614",0.0,0.0,3709.2627627301395,0,0.0,0.0,"{""type"":""MultiPoint"",""coordinates"":[]}"
"442,9614","442,9614",0.0,0.0,4200.774015753345,0,0.0,0.0,"{""type"":""MultiPoint"",""coordinates"":[]}"
"443,9614","443,9614",0.0,0.0,4692.285854781297,0,0.0,0.0,"{""type"":""MultiPoint"",""coordinates"":[]}"
"444,9614","444,9614",0.0,0.0,5183.798245821135,0,0.0,0.0,"{""type"":""MultiPoint"",""coordinates"":[]}"
"445,9614","445,9614",0.0,0.0,5675.311172664633,0,0.0,0.0,"{""type"":""MultiPoint"",""coordinates"":[]}"
"446,9614","446,9614",0.0,0.0,6166.824612130169,0,0.0,0.0,"{""type"":""MultiPoint"",""coordinates"":[]}"
"447,9614","447,9614",0.0,0.0,6658.338546825992,0,0.0,0.0,"{""type"":""MultiPoint"",""coordinates"":[]}"
"448,9614","448,9614",0.0,0.0,7149.85296378444,0,0.0,0.0,"{""type"":""MultiPoint"",""coordinates"":[]}"
"449,9614","449,9614",0.0,0.0,7641.367817822733,0,0.0,0.0,"{""type"":""MultiPoint"",""coordinates"":[]}"
"450,9614","450,9614",0.0,0.0,8132.883112455068,0,0.0,0.0,"{""type"":""MultiPoint"",""coordinates"":[]}"
"451,9614","451,9614",0.0,0.0,8624.398809620274,0,0.0,0.0,"{""type"":""MultiPoint"",""coordinates"":[]}"
"452,9614","452,9614",0.08041092452582792,0.0773414544418736,9115.914892211615,1,0.08041092452582792,0.0,"{""type"":""MultiPoint"",""coordinates"":[]}"
"453,9614","453,9614",0.7558682318983985,0.5629634536151414,9607.43134818686,1,0.7558682318983985,0.0,"{""type"":""MultiPoint"",""coordinates"":[]}"
"454,9614","454,9614",0.7351331156833852,0.5510841341925287,10098.948139825043,1,0.7351331156833852,0.0,"{""type"":""MultiPoint"",""coordinates"":[]}"
"455,9614","455,9614",0.3122774357979114,0.2717641283791608,10590.465257948845,1,0.3122774357979114,0.0,"{""type"":""MultiPoint"",""coordinates"":[]}"
"335,9615","335,9615",0.0,0.0,10399.951616708067,0,0.0,0.0,"{""type"":""MultiPoint"",""coordinates"":[]}"
"336,9615","336,9615",0.0,0.0,10226.770448586532,0,0.0,0.0,"{""type"":""MultiPoint"",""coordinates"":[]}"
"337,9615","337,9615",0.15329647418367542,0.1355991935695824,10053.563521251437,1,0.2088916414841202,0.05559516730044479,"{""type"":""MultiPoint"",""coordinates"":[]}"
"338,9615","338,9615",0.33690233045561047,0.24946112777014232,9928.700544747157,1,0.5259679349902762,0.18906560453466573,"{""type"":""MultiPoint"",""coordinates"":[]}"
"339,9615","339,9615",0.19140273244658493,0.16993577146193414,9903.750059010923,1,0.22473454495881384,0.03333181251222892,"{""type"":""MultiPoint"",""coordinates"":[]}"
"340,9615","340,9615",0.0,0.0,9977.198153430403,0,0.0,0.0,"{""type"":""MultiPoint"",""coordinates"":[]}"
"341,9615","341,9615",0.01859023312984595,0.01716290999874251,10081.525764423941,1,0.09248494076796279,0.07389470763811684,"{""type"":""MultiPoint"",""coordinates"":[]}"
"342,9615","342,9615",-0.1620607973109557,-0.1336236600125183,10185.853488103801,1,0.1335887963549026,0.2956495936658583,"{""type"":""MultiPoint"",""coordinates"":[]}"
"343,9615","343,9615",-0.002529457819336639,-0.002300849277322603,10290.1812965143,1,0.09809408618531434,0.10062354400465098,"{""type"":""MultiPoint"",""coordinates"":[]}"
"344,9615","344,9615",0.0,0.0,10394.509205592558,0,0.0,0.0,"{""type"":""MultiPoint"",""coordinates"":[]}"
"345,9615","345,9615",0.0,0.0,10498.837195478567,0,0.0,0.0,"{""type"":""MultiPoint"",""coordinates"":[]}"
"346,9615","346,9615",0.0,0.0,10538.452875896552,0,0.0,0.0,"{""type"":""MultiPoint"",""coordinates"":[]}"
"347,9615","347,9615",0.0,0.0,10176.903901401616,0,0.0,0.0,"{""type"":""MultiPoint"",""coordinates"":[]}"
"348,9615","348,9615",0.0,0.0,9815.353304895885,0,0.0,0.0,"{""type"":""MultiPoint"",""coordinates"":[]}"
"349,9615","349,9615",0.0,0.0,9453.70356036076,0,0.0,0.0,"{""type"":""MultiPoint"",""coordinates"":[]}"
"350,9615","350,9615",0.0,0.0,9139.981368827313,0,0.0,0.0,"{""type"":""MultiPoint"",""coordinates"":[]}"
"351,9615","351,9615",0.0,0.0,8927.845574575314,0,0.0,0.0,"{""type"":""MultiPoint"",""coordinates"":[]}"
"352,9615","352,9615",0.028724254783756,0.028319446969389726,8824.625478195838,1,0.028724254783756,0.0,"{""type"":""MultiPoint"",""coordinates"":[]}"
"353,9615","353,9615",0.42787239015510975,0.3561854972878366,8812.88889867381,1,0.42787239015510975,0.0,"{""type"":""MultiPoint"",""coordinates"":[]}"
"354,9615","354,9615",0.6442751150638912,0.49729962756276164,8809.673311110078,1,0.6442751150638912,0.0,"{""type"":""MultiPoint"",""coordinates"":[]}"
"355,9615","355,9615",0.22695089482771627,0.2045321444126236,8806.457426807245,1,0.22695089482771627,0.0,"{""type"":""MultiPoint"",""coordinates"":[]}"
"356,9615","356,9615",0.0,0.0,8803.24125429346,0,0.0,0.0,"{""type"":""MultiPoint"",""coordinates"":[]}"
"357,9615","357,9615",0.0,0.0,8800.024785710386,0,0.0,0.0,"{""type"":""MultiPoint"",""coordinates"":[]}"
"358,9615","358,9615",0.0,0.0,8796.808028066425,0,0.0,0.0,"{""type"":""MultiPoint"",""coordinates"":[]}"
"359,9615","359,9615",0.0,0.0,8793.59097295471,0,0.0,0.0,"{""type"":""MultiPoint"",""coordinates"":[]}"
"360,9615","360,9615",0.0,0.0,8790.37363030278,0,0.0,0.0,"{""type"":""MultiPoint"",""coordinates"":[]}"
"361,9615","361,9615",0.2698167344138677,0.23887258644660433,8787.156001918243,1,0.2698167344138677,0.0,"{""type"":""MultiPoint"",""coordinates"":[]}"
"362,9615","362,9615",0.45228774422039725,0.37314006772002206,8783.938085391243,1,0.45228774422039725,0.0,"{""type"":""MultiPoint"",""coordinates"":[]}"
"363,9615","363,9615",0.19166968308695376,0.17535541873643704,8780.719876132496,1,0.19166968308695376,0.0,"{""type"":""MultiPoint"",""coordinates"":[]}"
"364,9615","364,9615",0.0,0.0,8777.501365565337,0,0.0,0.0,"{""type"":""MultiPoint"",""coordinates"":[]}"
"365,9615","365,9615",0.0,0.0,8774.28257267384,0,0.0,0.0,"{""type"":""MultiPoint"",""coordinates"":[]}"
"366,9615","366,9615",0.0,0.0,8771.063493438529,0,0.0,0.0,"{""type"":""MultiPoint"",""coordinates"":[]}"
"367,9615","367,9615",0.0,0.0,8767.84411117129,0,0.0,0.0,"{""type"":""MultiPoint"",""coordinates"":[]}"
"368,9615","368,9615",0.0,0.0,8764.624449852581,0,0.0,0.0,"{""type"":""MultiPoint"",""coordinates"":[]}"
"369,9615","369,9615",0.0,0.0,8761.404503092564,0,0.0,0.0,"{""type"":""MultiPoint"",""coordinates"":[]}"
"370,9615","370,9615",0.0,0.0,8758.184257839242,0,0.0,0.0,"{""type"":""MultiPoint"",""coordinates"":[]}"
"371,9615","371,9615",0.0,0.0,8754.963728665518,0,0.0,0.0,"{""type"":""MultiPoint"",""coordinates"":[]}"
"372,9615","372,9615",0.0,0.0,8751.742909111272,0,0.0,0.0,"{""type"":""MultiPoint"",""coordinates"":[]}"
"373,9615","373,9615",0.0,0.0,8748.52180238441,0,0.0,0.0,"{""type"":""MultiPoint"",""coordinates"":[]}"
"374,9615","374,9615",0.0,0.0,8745.30040549383,0,0.0,0.0,"{""type"":""MultiPoint"",""coordinates"":[]}"
"375,9615","375,9615",0.0,0.0,8742.078712931305,0,0.0,0.0,"{""type"":""MultiPoint"",""coordinates"":[]}"
"376,9615","376,9615",0.0,0.0,8738.856735884594,0,0.0,0.0,"{""type"":""MultiPoint"",""coordinates"":[]}"
"377,9615","377,9615",0.0,0.0,8735.634475384928,0,0.0,0.0,"{""type"":""MultiPoint"",""coordinates"":[]}"
"378,9615","378,9615",0.0,0.0,8732.41192154159,0,0.0,0.0,"{""type"":""MultiPoint"",""coordinates"":[]}"
"379,9615","379,9615",0.0,0.0,8729.189080406517,0,0.0,0.0,"{""type"":""MultiPoint"",""coordinates"":[]}"
"380,9615","380,9615",0.0,0.0,8725.965944782643,0,0.0,0.0,"{""type"":""MultiPoint"",""coordinates"":[]}"
"381,9615","381,9615",0.0,0.0,8722.742535474938,0,0.0,0.0,"{""type"":""MultiPoint"",""coordinates"":[]}"
"382,9615","382,9615",0.0,0.0,8719.518830543437,0,0.0,0.0,"{""type"":""MultiPoint"",""coordinates"":[]}"
"383,9615","383,9615",0.0,0.0,8716.294833332217,0,0.0,0.0,"{""type"":""MultiPoint"",""coordinates"":[]}"
"384,9615","384,9615",0.0,0.0,8713.070555243907,0,0.0,0.0,"{""type"":""MultiPoint"",""coordinates"":[]}"
"385,9615","385,9615",0.0,0.0,8709.845997543307,0,0.0,0.0,"{""type"":""MultiPoint"",""coordinates"":[]}"
"386,9615","386,9615",0.0,0.0,8706.621142984679,0,0.0,0.0,"{""type"":""MultiPoint"",""coordinates"":[]}"
"387,9615","387,9615",0.0,0.0,8703.39599878715,0,0.0,0.0,"{""type"":""MultiPoint"",""coordinates"":[]}"
"388,9615","388,9615",0.0,0.0,8700.170575889175,0,0.0,0.0,"{""type"":""MultiPoint"",""coordinates"":[]}"
"389,9615","389,9615",0.0,0.0,8696.944863224096,0,0.0,0.0,"{""type"":""MultiPoint"",""coordinates"":[]}"
"390,9615","390,9615",0.0,0.0,8693.718861377085,0,0.0,0.0,"{""type"":""MultiPoint"",""coordinates"":[]}"
"391,9615","391,9615",0.0,0.0,8690.492572351508,0,0.0,0.0,"{""type"":""MultiPoint"",""coordinates"":[]}"
"392,9615","392,9615",0.0,0.0,8687.266004800016,0,0.0,0.0,"{""type"":""MultiPoint"",""coordinates"":[]}"
"393,9615","393,9615",0.0,0.0,8684.039147410844,0,0.0,0.0,"{""type"":""MultiPoint"",""coordinates"":[]}"
"394,9615","394,9615",0.0,0.0,8680.812008476194,0,0.0,0.0,"{""type"":""MultiPoint"",""coordinates"":[]}"
"395,9615","395,9615",0.0,0.0,8677.584578135202,0,0.0,0.0,"{""type"":""MultiPoint"",""coordinates"":[]}"
"396,9615","396,9615",0.0,0.0,8674.35686286811,0,0.0,0.0,"{""type"":""MultiPoint"",""coordinates"":[]}"
"397,9615","397,9615",0.0,0.0,8671.128869735821,0,0.0,0.0,"{""type"":""MultiPoint"",""coordinates"":[]}"
"398,9615","398,9615",0.0,0.0,8667.900581528524,0,0.0,0.0,"{""type"":""MultiPoint"",""coordinates"":[]}"
"399,9615","399,9615",0.0,0.0,8664.672013286516,0,0.0,0.0,"{""type"":""MultiPoint"",""coordinates"":[]}"
"400,9615","400,9615",0.0,0.0,8661.443153698618,0,0.0,0.0,"{""type"":""MultiPoint"",""coordinates"":[]}"
"401,9615","401,9615",0.0,0.0,8658.21402083581,0,0.0,0.0,"{""type"":""MultiPoint"",""coordinates"":[]}"
"402,9615","402,9615",0.0,0.0,8333.107912353315,0,0.0,0.0,"{""type"":""MultiPoint"",""coordinates"":[]}"
"403,9615","403,9615",0.0,0.0,7954.6132490178625,0,0.0,0.0,"{""type"":""MultiPoint"",""coordinates"":[]}"
"404,9615","404,9615",0.0,0.0,7576.117470199501,0,0.0,0.0,"{""type"":""MultiPoint"",""coordinates"":[]}"
"405,9615","405,9615",0.0,0.0,7197.6205795647475,0,0.0,0.0,"{""type"":""MultiPoint"",""coordinates"":[]}"
"406,9615","406,9615",0.0,0.0,6819.122608005909,0,0.0,0.0,"{""type"":""MultiPoint"",""coordinates"":[]}"
"407,9615","407,9615",0.0,0.0,6440.623558702254,0,0.0,0.0,"{""type"":""MultiPoint"",""coordinates"":[]}"
"408,9615","408,9615",0.0,0.0,6062.123464623116,0,0.0,0.0,"{""type"":""MultiPoint"",""coordinates"":[]}"
"409,9615","409,9615",0.0,0.0,5683.622333963508,0,0.0,0.0,"{""type"":""MultiPoint"",""coordinates"":[]}"
"410,9615","410,9615",0.0,0.0,5305.120167536002,0,0.0,0.0,"{""type"":""MultiPoint"",""coordinates"":[]}"
"411,9615","411,9615",0.0,0.0,4926.617015381064,0,0.0,0.0,"{""type"":""MultiPoint"",""coordinates"":[]}"
"412,9615","412,9615",0.0,0.0,4548.112875592982,0,0.0,0.0,"{""type"":""MultiPoint"",""coordinates"":[]}"
"413,9615","413,9615",0.0,0.0,4169.607767163891,0,0.0,0.0,"{""type"":""MultiPoint"",""coordinates"":[]}"
"414,9615","414,9615",0.0,0.0,3791.1017138229768,0,0.0,0.0,"{""type"":""MultiPoint"",""coordinates"":[]}"
"415,9615","415,9615",0.0,0.0,3412.5947363006057,0,0.0,0.0,"{""type"":""MultiPoint"",""coordinates"":[]}"
"416,9615","416,9615",0.0,0.0,3034.0868291531374,0,0.0,0.0,"{""type"":""MultiPoint"",""coordinates"":[]}"
"417,9615","417,9615",0.0,0.0,2655.5780298034233,0,0.0,0.0,"{""type"":""MultiPoint"",""coordinates"":[]}"
"418,9615","418,9615",0.0,0.0,2277.068349040772,0,0.0,0.0,"{""type"":""MultiPoint"",""coordinates"":[]}"
"419,9615","419,9615",0.0,0.0,1898.5578148298555,0,0.0,0.0,"{""type"":""MultiPoint"",""coordinates"":[]}"
"420,9615","420,9615",0.0,0.0,1520.046433471512,0,0.0,0.0,"{""type"":""MultiPoint"",""coordinates"":[]}"
"421,9615","421,9615",0.0,0.0,1141.5342233892145,0,0.0,0.0,"{""type"":""MultiPoint"",""coordinates"":[]}"
"422,9615","422,9615",0.0,0.0,757.2832432037841,0,0.0,0.0,"{""type"":""MultiPoint"",""coordinates"":[]}"
"423,9615","423,9615",0.0,0.0,369.7596162257298,0,0.0,0.0,"{""type"":""MultiPoint"",""coordinates"":[]}"
"424,9615","424,9615",0.0,0.0,17.764799069059233,0,0.0,0.0,"{""type"":""MultiPoint"",""coordinates"":[]}"
"425,9615","425,9615",0.0,0.0,405.28999274187436,0,0.0,0.0,"{""type"":""MultiPoint"",""coordinates"":[]}"
"426,9615","426,9615",0.057120189338387146,0.055548408407174905,792.8159495120844,1,0.057120189338387146,0.0,"{""type"":""MultiPoint"",""coordinates"":[]}"
"427,9615","427,9615",0.6780846396555138,0.5176530475688165,1180.3426289686065,1,0.6780846396555138,0.0,"{""type"":""MultiPoint"",""coordinates"":[]}"
"428,9615","428,9615",0.9796027335091534,0.6828961849337765,1567.8700323124388,1,0.9796027335091534,0.0,"{""type"":""MultiPoint"",""coordinates"":[]}"
"429,9615","429,9615",0.9902438202694264,0.6882571539795576,1955.398149831601,1,0.9902438202694264,0.0,"{""type"":""MultiPoint"",""coordinates"":[]}"
"430,9615","430,9615",0.3162585419146193,0.2747932740287473,2342.926949918931,1,0.3162585419146193,0.0,"{""type"":""MultiPoint"",""coordinates"":[]}"
"431,9615","431,9615",0.0032736330486382308,0.0032682863774849097,2077.0863768749114,1,0.0032736330486382308,0.0,"{""type"":""MultiPoint"",""coordinates"":[]}"
"432,9615","432,9615",0.0,0.0,1585.5835701244387,0,0.0,0.0,"{""type"":""MultiPoint"",""coordinates"":[]}"
"433,9615","433,9615",0.0,0.0,1094.0799574587456,0,0.0,0.0,"{""type"":""MultiPoint"",""coordinates"":[]}"
"434,9615","434,9615",0.0,0.0,602.5755512273398,0,0.0,0.0,"{""type"":""MultiPoint"",""coordinates"":[]}"
"435,9615","435,9615",0.0,0.0,111.07037307362353,0,0.0,0.0,"{""type"":""MultiPoint"",""coordinates"":[]}"
"436,9615","436,9615",0.0,0.0,380.43554078791595,0,0.0,0.0,"{""type"":""MultiPoint"",""coordinates"":[]}"
"437,9615","437,9615",-4.434072762294337E-4,-4.417008584386346E-4,871.9421792270066,1,0.0036416010559879894,0.004085008332217423,"{""type"":""MultiPoint"",""coordinates"":[]}"
"438,9615","438,9615",-0.07013647068676832,-0.057962981770637245,1363.4495296300647,1,0.17529230762708914,0.24542877831385745,"{""type"":""MultiPoint"",""coordinates"":[]}"
"439,9615","439,9615",-0.04193584061362379,-0.03336786948110568,1854.9575492782233,1,0.23592178203592554,0.27785762264954933,"{""type"":""MultiPoint"",""coordinates"":[]}"
"440,9615","440,9615",0.0,0.0,2346.4662394939787,0,0.0,0.0,"{""type"":""MultiPoint"",""coordinates"":[]}"
"441,9615","441,9615",0.0,0.0,2837.9755618552695,0,0.0,0.0,"{""type"":""MultiPoint"",""coordinates"":[]}"
"442,9615","442,9615",0.0,0.0,3329.485499914094,0,0.0,0.0,"{""type"":""MultiPoint"",""coordinates"":[]}"
"443,9615","443,9615",0.0,0.0,3820.996040780765,0,0.0,0.0,"{""type"":""MultiPoint"",""coordinates"":[]}"
"444,9615","444,9615",0.0,0.0,4312.507148600581,0,0.0,0.0,"{""type"":""MultiPoint"",""coordinates"":[]}"
"445,9615","445,9615",0.0,0.0,4804.018815939326,0,0.0,0.0,"{""type"":""MultiPoint"",""coordinates"":[]}"
"446,9615","446,9615",0.0,0.0,5295.531007276646,0,0.0,0.0,"{""type"":""MultiPoint"",""coordinates"":[]}"
"447,9615","447,9615",0.0,0.0,5787.043713973935,0,0.0,0.0,"{""type"":""MultiPoint"",""coordinates"":[]}"
"448,9615","448,9615",0.0,0.0,6278.556908672049,0,0.0,0.0,"{""type"":""MultiPoint"",""coordinates"":[]}"
"449,9615","449,9615",0.0,0.0,6770.0705696886,0,0.0,0.0,"{""type"":""MultiPoint"",""coordinates"":[]}"
"450,9615","450,9615",0.0,0.0,7261.584674639433,0,0.0,0.0,"{""type"":""MultiPoint"",""coordinates"":[]}"
"451,9615","451,9615",0.0,0.0,7753.099212318967,0,0.0,0.0,"{""type"":""MultiPoint"",""coordinates"":[]}"
"452,9615","452,9615",0.03227567927902851,0.031765762470545536,8244.614148083101,1,0.03227567927902851,0.0,"{""type"":""MultiPoint"",""coordinates"":[]}"
"453,9615","453,9615",0.2588336592200114,0.23018562498314668,8736.12946380731,1,0.2588336592200114,0.0,"{""type"":""MultiPoint"",""coordinates"":[]}"
"454,9615","454,9615",0.23148156514597595,0.2082179690356174,9227.645152299609,1,0.23148156514597595,0.0,"{""type"":""MultiPoint"",""coordinates"":[]}"
"455,9615","455,9615",0.01470477484887646,0.014597707967275863,9719.161172207485,1,0.01470477484887646,0.0,"{""type"":""MultiPoint"",""coordinates"":[]}"
"456,9615","456,9615",0.0,0.0,10210.677505547745,0,0.0,0.0,"{""type"":""MultiPoint"",""coordinates"":[]}"
"329,9616","329,9616",0.0,0.0,10454.094245966751,0,0.0,0.0,"{""type"":""MultiPoint"",""coordinates"":[]}"
"330,9616","330,9616",0.0,0.0,10280.915195801843,0,0.0,0.0,"{""type"":""MultiPoint"",""coordinates"":[]}"
"331,9616","331,9616",0.0,0.0,10107.73512613149,0,0.0,0.0,"{""type"":""MultiPoint"",""coordinates"":[]}"
"332,9616","332,9616",0.0,0.0,9934.554016851582,0,0.0,0.0,"{""type"":""MultiPoint"",""coordinates"":[]}"
"333,9616","333,9616",0.0,0.0,9761.371896844963,0,0.0,0.0,"{""type"":""MultiPoint"",""coordinates"":[]}"
"334,9616","334,9616",0.0,0.0,9588.188775427861,0,0.0,0.0,"{""type"":""MultiPoint"",""coordinates"":[]}"
"335,9616","335,9616",0.0,0.0,9415.004651970321,0,0.0,0.0,"{""type"":""MultiPoint"",""coordinates"":[]}"
"336,9616","336,9616",0.02971620726309819,0.028816004668794637,9241.819534556485,1,0.04616913526025537,0.016452927997157182,"{""type"":""MultiPoint"",""coordinates"":[]}"
"337,9616","337,9616",0.277835257632071,0.2233404732150066,9068.633436884738,1,0.3880830200210418,0.11024776238897076,"{""type"":""MultiPoint"",""coordinates"":[]}"
"338,9616","338,9616",0.5052574082405981,0.33056578386538965,8931.789594862976,1,0.7949843337843825,0.2897269255437844,"{""type"":""MultiPoint"",""coordinates"":[]}"
"339,9616","339,9616",0.22591961690423415,0.19806214564664684,8904.04183158239,1,0.2573363702958122,0.03141675339157803,"{""type"":""MultiPoint"",""coordinates"":[]}"
"340,9616","340,9616",0.0,0.0,8982.579625864782,0,0.0,0.0,"{""type"":""MultiPoint"",""coordinates"":[]}"
"341,9616","341,9616",0.024767303188675892,0.024229488475435844,9086.903292751844,1,0.03463036045176934,0.009863057263093451,"{""type"":""MultiPoint"",""coordinates"":[]}"
"342,9616","342,9616",0.01530219522570583,0.014757950610625431,9191.227087942689,1,0.0445479784598183,0.029245783234112473,"{""type"":""MultiPoint"",""coordinates"":[]}"
"343,9616","343,9616",-0.008488351515820133,-0.008418046205066601,9295.55101076167,1,0.004113516178367686,0.01260186769418782,"{""type"":""MultiPoint"",""coordinates"":[]}"
"344,9616","344,9616",0.0,0.0,9399.875038382628,0,0.0,0.0,"{""type"":""MultiPoint"",""coordinates"":[]}"
"345,9616","345,9616",0.0,0.0,9504.199179431103,0,0.0,0.0,"{""type"":""MultiPoint"",""coordinates"":[]}"
"346,9616","346,9616",0.0,0.0,9605.985802285195,0,0.0,0.0,"{""type"":""MultiPoint"",""coordinates"":[]}"
"347,9616","347,9616",0.0,0.0,9244.433406308905,0,0.0,0.0,"{""type"":""MultiPoint"",""coordinates"":[]}"
"348,9616","348,9616",0.0,0.0,8882.87939909599,0,0.0,0.0,"{""type"":""MultiPoint"",""coordinates"":[]}"
"349,9616","349,9616",0.0,0.0,8521.323792664247,0,0.0,0.0,"{""type"":""MultiPoint"",""coordinates"":[]}"
"350,9616","350,9616",0.0,0.0,8179.724462099925,0,0.0,0.0,"{""type"":""MultiPoint"",""coordinates"":[]}"
"351,9616","351,9616",0.0,0.0,7941.976733891261,0,0.0,0.0,"{""type"":""MultiPoint"",""coordinates"":[]}"
"352,9616","352,9616",0.0,0.0,7825.76010796184,0,0.0,0.0,"{""type"":""MultiPoint"",""coordinates"":[]}"
"353,9616","353,9616",0.033121733545582975,0.03258502786578952,7812.770737802057,1,0.033121733545582975,0.0,"{""type"":""MultiPoint"",""coordinates"":[]}"
"354,9616","354,9616",0.04800116392545715,0.04688469651412793,7809.551528019406,1,0.04800116392545715,0.0,"{""type"":""MultiPoint"",""coordinates"":[]}"
"355,9616","355,9616",0.00576842223596496,0.005751848593718944,7806.332056751412,1,0.00576842223596496,0.0,"{""type"":""MultiPoint"",""coordinates"":[]}"
"356,9616","356,9616",0.0,0.0,7803.112315848415,0,0.0,0.0,"{""type"":""MultiPoint"",""coordinates"":[]}"
"357,9616","357,9616",0.0,0.0,7799.892307547036,0,0.0,0.0,"{""type"":""MultiPoint"",""coordinates"":[]}"
"358,9616","358,9616",0.0,0.0,7796.67203475341,0,0.0,0.0,"{""type"":""MultiPoint"",""coordinates"":[]}"
"359,9616","359,9616",0.0,0.0,7793.451496823456,0,0.0,0.0,"{""type"":""MultiPoint"",""coordinates"":[]}"
"360,9616","360,9616",0.0,0.0,7790.230693816082,0,0.0,0.0,"{""type"":""MultiPoint"",""coordinates"":[]}"
"361,9616","361,9616",0.09747163631914116,0.09300902173267533,7787.009619701305,1,0.09747163631914116,0.0,"{""type"":""MultiPoint"",""coordinates"":[]}"
"362,9616","362,9616",0.19108906046170424,0.17486806546299818,7783.788277956484,1,0.19108906046170424,0.0,"{""type"":""MultiPoint"",""coordinates"":[]}"
"363,9616","363,9616",0.028830564542460465,0.028422782985325204,7780.5666693965395,1,0.028830564542460465,0.0,"{""type"":""MultiPoint"",""coordinates"":[]}"
"364,9616","364,9616",0.0,0.0,7777.344807234212,0,0.0,0.0,"{""type"":""MultiPoint"",""coordinates"":[]}"
"365,9616","365,9616",0.0,0.0,7774.1226641914,0,0.0,0.0,"{""type"":""MultiPoint"",""coordinates"":[]}"
"366,9616","366,9616",0.0,0.0,7770.900260223882,0,0.0,0.0,"{""type"":""MultiPoint"",""coordinates"":[]}"
"367,9616","367,9616",0.0,0.0,7767.677602642642,0,0.0,0.0,"{""type"":""MultiPoint"",""coordinates"":[]}"
"368,9616","368,9616",0.0,0.0,7764.454665532518,0,0.0,0.0,"{""type"":""MultiPoint"",""coordinates"":[]}"
"369,9616","369,9616",0.0,0.0,7761.231468410317,0,0.0,0.0,"{""type"":""MultiPoint"",""coordinates"":[]}"
"370,9616","370,9616",0.0,0.0,7758.008015501624,0,0.0,0.0,"{""type"":""MultiPoint"",""coordinates"":[]}"
"371,9616","371,9616",0.0,0.0,7754.784285039776,0,0.0,0.0,"{""type"":""MultiPoint"",""coordinates"":[]}"
"372,9616","372,9616",0.0,0.0,7751.560295149577,0,0.0,0.0,"{""type"":""MultiPoint"",""coordinates"":[]}"
"373,9616","373,9616",0.0,0.0,7748.336038777695,0,0.0,0.0,"{""type"":""MultiPoint"",""coordinates"":[]}"
"374,9616","374,9616",0.0,0.0,7745.11151990159,0,0.0,0.0,"{""type"":""MultiPoint"",""coordinates"":[]}"
"375,9616","375,9616",0.0,0.0,7741.886738086345,0,0.0,0.0,"{""type"":""MultiPoint"",""coordinates"":[]}"
"376,9616","376,9616",0.0,0.0,7738.661691666904,0,0.0,0.0,"{""type"":""MultiPoint"",""coordinates"":[]}"
"377,9616","377,9616",0.0,0.0,7735.436376524292,0,0.0,0.0,"{""type"":""MultiPoint"",""coordinates"":[]}"
"378,9616","378,9616",0.0,0.0,7732.210805595869,0,0.0,0.0,"{""type"":""MultiPoint"",""coordinates"":[]}"
"379,9616","379,9616",0.0,0.0,7728.984969234854,0,0.0,0.0,"{""type"":""MultiPoint"",""coordinates"":[]}"
"380,9616","380,9616",0.0,0.0,7725.7588753932505,0,0.0,0.0,"{""type"":""MultiPoint"",""coordinates"":[]}"
"381,9616","381,9616",0.0,0.0,7722.532507861054,0,0.0,0.0,"{""type"":""MultiPoint"",""coordinates"":[]}"
"382,9616","382,9616",0.0,0.0,7719.305878477905,0,0.0,0.0,"{""type"":""MultiPoint"",""coordinates"":[]}"
"383,9616","383,9616",0.0,0.0,7716.07899382194,0,0.0,0.0,"{""type"":""MultiPoint"",""coordinates"":[]}"
"384,9616","384,9616",0.0,0.0,7712.8518498120875,0,0.0,0.0,"{""type"":""MultiPoint"",""coordinates"":[]}"
"385,9616","385,9616",0.0,0.0,7709.624427034391,0,0.0,0.0,"{""type"":""MultiPoint"",""coordinates"":[]}"
"386,9616","386,9616",0.0,0.0,7706.396749884673,0,0.0,0.0,"{""type"":""MultiPoint"",""coordinates"":[]}"
"387,9616","387,9616",0.0,0.0,7703.168814648254,0,0.0,0.0,"{""type"":""MultiPoint"",""coordinates"":[]}"
"388,9616","388,9616",0.0,0.0,7699.940619781398,0,0.0,0.0,"{""type"":""MultiPoint"",""coordinates"":[]}"
"389,9616","389,9616",0.0,0.0,7696.712154920283,0,0.0,0.0,"{""type"":""MultiPoint"",""coordinates"":[]}"
"390,9616","390,9616",0.0,0.0,7693.483440023833,0,0.0,0.0,"{""type"":""MultiPoint"",""coordinates"":[]}"
"391,9616","391,9616",0.0,0.0,7690.254457074146,0,0.0,0.0,"{""type"":""MultiPoint"",""coordinates"":[]}"
"392,9616","392,9616",0.0,0.0,7687.025208170077,0,0.0,0.0,"{""type"":""MultiPoint"",""coordinates"":[]}"
"393,9616","393,9616",0.0,0.0,7683.795698364451,0,0.0,0.0,"{""type"":""MultiPoint"",""coordinates"":[]}"
"394,9616","394,9616",0.0,0.0,7680.56592857632,0,0.0,0.0,"{""type"":""MultiPoint"",""coordinates"":[]}"
"395,9616","395,9616",0.0,0.0,7677.335904439053,0,0.0,0.0,"{""type"":""MultiPoint"",""coordinates"":[]}"
"396,9616","396,9616",0.0,0.0,7674.105613006857,0,0.0,0.0,"{""type"":""MultiPoint"",""coordinates"":[]}"
"397,9616","397,9616",0.0,0.0,7670.875062897691,0,0.0,0.0,"{""type"":""MultiPoint"",""coordinates"":[]}"
"398,9616","398,9616",0.0,0.0,7667.644257420269,0,0.0,0.0,"{""type"":""MultiPoint"",""coordinates"":[]}"
"399,9616","399,9616",0.0,0.0,7664.413186601802,0,0.0,0.0,"{""type"":""MultiPoint"",""coordinates"":[]}"
"400,9616","400,9616",0.0,0.0,7661.181858296322,0,0.0,0.0,"{""type"":""MultiPoint"",""coordinates"":[]}"
"401,9616","401,9616",0.0,0.0,7657.950259980665,0,0.0,0.0,"{""type"":""MultiPoint"",""coordinates"":[]}"
"402,9616","402,9616",0.0,0.0,7407.200678434821,0,0.0,0.0,"{""type"":""MultiPoint"",""coordinates"":[]}"
"403,9616","403,9616",0.0,0.0,7028.703886583105,0,0.0,0.0,"{""type"":""MultiPoint"",""coordinates"":[]}"
"404,9616","404,9616",0.0,0.0,6650.2059868752,0,0.0,0.0,"{""type"":""MultiPoint"",""coordinates"":[]}"
"405,9616","405,9616",0.0,0.0,6271.707002074966,0,0.0,0.0,"{""type"":""MultiPoint"",""coordinates"":[]}"
"406,9616","406,9616",0.0,0.0,5893.206943958886,0,0.0,0.0,"{""type"":""MultiPoint"",""coordinates"":[]}"
"407,9616","407,9616",0.0,0.0,5514.705842812433,0,0.0,0.0,"{""type"":""MultiPoint"",""coordinates"":[]}"
"408,9616","408,9616",0.0,0.0,5136.203709444582,0,0.0,0.0,"{""type"":""MultiPoint"",""coordinates"":[]}"
"409,9616","409,9616",0.0,0.0,4757.700546848183,0,0.0,0.0,"{""type"":""MultiPoint"",""coordinates"":[]}"
"410,9616","410,9616",0.0,0.0,4379.196399112351,0,0.0,0.0,"{""type"":""MultiPoint"",""coordinates"":[]}"
"411,9616","411,9616",0.0,0.0,4000.6912646389387,0,0.0,0.0,"{""type"":""MultiPoint"",""coordinates"":[]}"
"412,9616","412,9616",0.0,0.0,3622.185164700875,0,0.0,0.0,"{""type"":""MultiPoint"",""coordinates"":[]}"
"413,9616","413,9616",0.0,0.0,3243.6781176765194,0,0.0,0.0,"{""type"":""MultiPoint"",""coordinates"":[]}"
"414,9616","414,9616",0.0,0.0,2865.170145257738,0,0.0,0.0,"{""type"":""MultiPoint"",""coordinates"":[]}"
"415,9616","415,9616",0.0,0.0,2486.6612545027733,0,0.0,0.0,"{""type"":""MultiPoint"",""coordinates"":[]}"
"416,9616","416,9616",0.0,0.0,2108.151469628303,0,0.0,0.0,"{""type"":""MultiPoint"",""coordinates"":[]}"
"417,9616","417,9616",0.0,0.0,1729.6408200401245,0,0.0,0.0,"{""type"":""MultiPoint"",""coordinates"":[]}"
"418,9616","418,9616",0.0,0.0,1351.1292940318835,0,0.0,0.0,"{""type"":""MultiPoint"",""coordinates"":[]}"
"419,9616","419,9616",0.0,0.0,972.6169359520853,0,0.0,0.0,"{""type"":""MultiPoint"",""coordinates"":[]}"
"420,9616","420,9616",0.0,0.0,594.1037484903763,0,0.0,0.0,"{""type"":""MultiPoint"",""coordinates"":[]}"
"421,9616","421,9616",0.0,0.0,215.58974880856974,0,0.0,0.0,"{""type"":""MultiPoint"",""coordinates"":[]}"
"422,9616","422,9616",0.032001402307307775,0.031500025883358505,164.92898477508263,1,0.032001402307307775,0.0,"{""type"":""MultiPoint"",""coordinates"":[]}"
"423,9616","423,9616",0.047759023012417204,0.04665361958497677,552.4543483243464,1,0.047759023012417204,0.0,"{""type"":""MultiPoint"",""coordinates"":[]}"
"424,9616","424,9616",0.04442677739623747,0.04346819653775264,939.980482892645,1,0.04442677739623747,0.0,"{""type"":""MultiPoint"",""coordinates"":[]}"
"425,9616","425,9616",3.498604436562219E-4,3.4979925676207366E-4,1327.507375263236,1,3.498604436562219E-4,0.0,"{""type"":""MultiPoint"",""coordinates"":[]}"
"426,9616","426,9616",0.023939438922676498,0.023657383191304452,1715.0349910242098,1,0.023939438922676498,0.0,"{""type"":""MultiPoint"",""coordinates"":[]}"
"427,9616","427,9616",0.21431998291787877,0.19418423526923456,2102.5633377730815,1,0.21431998291787877,0.0,"{""type"":""MultiPoint"",""coordinates"":[]}"
"428,9616","428,9616",0.22789274949034566,0.2052994883622264,2490.09238781095,1,0.22789274949034566,0.0,"{""type"":""MultiPoint"",""coordinates"":[]}"
"429,9616","429,9616",0.1862950315069602,0.17083503144969814,2877.6221158707085,1,0.1862950315069602,0.0,"{""type"":""MultiPoint"",""coordinates"":[]}"
"430,9616","430,9616",0.0863067210741239,0.08278361356364564,3265.1525074988817,1,0.0863067210741239,0.0,"{""type"":""MultiPoint"",""coordinates"":[]}"
"431,9616","431,9616",0.0,0.0,2948.360393382311,0,0.0,0.0,"{""type"":""MultiPoint"",""coordinates"":[]}"
"432,9616","432,9616",0.0,0.0,2456.859052952001,0,0.0,0.0,"{""type"":""MultiPoint"",""coordinates"":[]}"
"433,9616","433,9616",0.0,0.0,1965.3568820926191,0,0.0,0.0,"{""type"":""MultiPoint"",""coordinates"":[]}"
"434,9616","434,9616",0.0,0.0,1473.8539105344066,0,0.0,0.0,"{""type"":""MultiPoint"",""coordinates"":[]}"
"435,9616","435,9616",0.0,0.0,982.3501559266471,0,0.0,0.0,"{""type"":""MultiPoint"",""coordinates"":[]}"
"436,9616","436,9616",0.0,0.0,490.8456372433948,0,0.0,0.0,"{""type"":""MultiPoint"",""coordinates"":[]}"
"437,9616","437,9616",0.002049901146815185,0.002047802966345029,0.6596079520567275,1,0.002049901146815185,0.0,"{""type"":""MultiPoint"",""coordinates"":[]}"
"438,9616","438,9616",0.05406374221938289,0.051400786477316704,492.1655899292193,1,0.07907112224234476,0.02500738002296187,"{""type"":""MultiPoint"",""coordinates"":[]}"
"439,9616","439,9616",0.027087149580251678,0.02575863964717519,983.6722670102188,1,0.0651770323540454,0.03808988277379372,"{""type"":""MultiPoint"",""coordinates"":[]}"
"440,9616","440,9616",0.0,0.0,1475.1796023142338,0,0.0,0.0,"{""type"":""MultiPoint"",""coordinates"":[]}"
"441,9616","441,9616",0.0,0.0,1966.6876120796612,0,0.0,0.0,"{""type"":""MultiPoint"",""coordinates"":[]}"
"442,9616","442,9616",0.0,0.0,2458.1962551711104,0,0.0,0.0,"{""type"":""MultiPoint"",""coordinates"":[]}"
"443,9616","443,9616",0.0,0.0,2949.7054970810523,0,0.0,0.0,"{""type"":""MultiPoint"",""coordinates"":[]}"
"444,9616","444,9616",0.0,0.0,3441.21533265813,0,0.0,0.0,"{""type"":""MultiPoint"",""coordinates"":[]}"
"445,9616","445,9616",0.0,0.0,3932.7257506602173,0,0.0,0.0,"{""type"":""MultiPoint"",""coordinates"":[]}"
"446,9616","446,9616",0.0,0.0,4424.236709911061,0,0.0,0.0,"{""type"":""MultiPoint"",""coordinates"":[]}"
"447,9616","447,9616",0.0,0.0,4915.748192695359,0,0.0,0.0,"{""type"":""MultiPoint"",""coordinates"":[]}"
"448,9616","448,9616",0.0,0.0,5407.260186472305,0,0.0,0.0,"{""type"":""MultiPoint"",""coordinates"":[]}"
"449,9616","449,9616",0.0,0.0,5898.772655958844,0,0.0,0.0,"{""type"":""MultiPoint"",""coordinates"":[]}"
"450,9616","450,9616",0.0,0.0,6390.285596562708,0,0.0,0.0,"{""type"":""MultiPoint"",""coordinates"":[]}"
"451,9616","451,9616",0.0,0.0,6881.798967755619,0,0.0,0.0,"{""type"":""MultiPoint"",""coordinates"":[]}"
"452,9616","452,9616",0.0,0.0,7373.312774511673,0,0.0,0.0,"{""type"":""MultiPoint"",""coordinates"":[]}"
"453,9616","453,9616",0.0,0.0,7864.826963994267,0,0.0,0.0,"{""type"":""MultiPoint"",""coordinates"":[]}"
"454,9616","454,9616",0.0,0.0,8356.34153512242,0,0.0,0.0,"{""type"":""MultiPoint"",""coordinates"":[]}"
"455,9616","455,9616",0.0,0.0,8847.856465178393,0,0.0,0.0,"{""type"":""MultiPoint"",""coordinates"":[]}"
"456,9616","456,9616",0.0,0.0,9339.371726645437,0,0.0,0.0,"{""type"":""MultiPoint"",""coordinates"":[]}"
"457,9616","457,9616",0.0,0.0,9870.441245017077,0,0.0,0.0,"{""type"":""MultiPoint"",""coordinates"":[]}"
"458,9616","458,9616",0.0,0.0,10470.510597164888,0,0.0,0.0,"{""type"":""MultiPoint"",""coordinates"":[]}"
"239,9617","239,9617",1.1305973613435532,0.7564023917372108,10483.168259132466,1,1.1305973613435532,0.0,"{""type"":""MultiPoint"",""coordinates"":[]}"
"240,9617","240,9617",1.3469976752179942,0.8531369263349465,10237.500862170846,1,1.3469976752179942,0.0,"{""type"":""MultiPoint"",""coordinates"":[]}"
"241,9617","241,9617",1.6938217537743707,0.9909609116471757,10085.345865677273,1,1.6938217537743707,0.0,"{""type"":""MultiPoint"",""coordinates"":[]}"
"242,9617","242,9617",1.737981094429825,1.0072208219592282,10023.199447730327,1,1.737981094429825,0.0,"{""type"":""MultiPoint"",""coordinates"":[]}"
"243,9617","243,9617",1.2466865081297949,0.8093368225770327,9979.154050470339,1,1.2469021573975707,2.1564926777594695E-4,"{""type"":""MultiPoint"",""coordinates"":[]}"
"244,9617","244,9617",0.8650199132787304,0.5490991549085213,9935.108071950639,1,1.0472380118181475,0.18221809853941706,"{""type"":""MultiPoint"",""coordinates"":[]}"
"245,9617","245,9617",0.8009808583964438,0.39040451380938024,9891.061507174321,1,1.478152401805502,0.677171543409058,"{""type"":""MultiPoint"",""coordinates"":[]}"
"246,9617","246,9617",1.032723424602345,0.5332076117872315,9847.014354880019,1,1.4988467144985398,0.46612328989619484,"{""type"":""MultiPoint"",""coordinates"":[]}"
"247,9617","247,9617",0.9870649304183724,0.6576144842091818,9802.9666257105,1,1.0482169964088004,0.06115206599042796,"{""type"":""MultiPoint"",""coordinates"":[]}"
"248,9617","248,9617",0.5490710392726845,0.43765542175994454,9758.918316804864,1,0.5490710392726845,0.0,"{""type"":""MultiPoint"",""coordinates"":[]}"
"249,9617","249,9617",0.5194652554915621,0.4183584673624213,9714.869432450247,1,0.5194652554915621,0.0,"{""type"":""MultiPoint"",""coordinates"":[]}"
"250,9617","250,9617",0.04813585475556968,0.04701320989764964,9670.819970245677,1,0.04813585475556968,0.0,"{""type"":""MultiPoint"",""coordinates"":[]}"
"251,9617","251,9617",0.008105160056115831,0.008072489660151068,9626.76994192405,1,0.008105160056115831,0.0,"{""type"":""MultiPoint"",""coordinates"":[]}"
"252,9617","252,9617",0.0,0.0,9582.719343598737,0,0.0,0.0,"{""type"":""MultiPoint"",""coordinates"":[]}"
"253,9617","253,9617",0.0,0.0,9538.668168578506,0,0.0,0.0,"{""type"":""MultiPoint"",""coordinates"":[]}"
"254,9617","254,9617",0.0,0.0,9506.47696594569,0,0.0,0.0,"{""type"":""MultiPoint"",""coordinates"":[]}"
"255,9617","255,9617",0.0,0.0,9553.278621169584,0,0.0,0.0,"{""type"":""MultiPoint"",""coordinates"":[]}"
"256,9617","256,9617",0.0,0.0,9614.84757708371,0,0.0,0.0,"{""type"":""MultiPoint"",""coordinates"":[]}"
"257,9617","257,9617",0.0,0.0,9676.416601750343,0,0.0,0.0,"{""type"":""MultiPoint"",""coordinates"":[]}"
"258,9617","258,9617",0.0,0.0,9737.98570029167,0,0.0,0.0,"{""type"":""MultiPoint"",""coordinates"":[]}"
"259,9617","259,9617",0.0,0.0,9799.554863703259,0,0.0,0.0,"{""type"":""MultiPoint"",""coordinates"":[]}"
"260,9617","260,9617",0.06489160456630874,0.06287301423153345,9861.124092282917,1,0.06489160456630874,0.0,"{""type"":""MultiPoint"",""coordinates"":[]}"
"261,9617","261,9617",0.29028147385034664,0.2548603913553394,9922.693381406943,1,0.29028147385034664,0.0,"{""type"":""MultiPoint"",""coordinates"":[]}"
"262,9617","262,9617",0.19654171919598346,0.17943549545252108,9984.262737416813,1,0.19654171919598346,0.0,"{""type"":""MultiPoint"",""coordinates"":[]}"
"263,9617","263,9617",0.0,0.0,10087.29946806999,0,0.0,0.0,"{""type"":""MultiPoint"",""coordinates"":[]}"
"264,9617","264,9617",0.0,0.0,10208.783489345871,0,0.0,0.0,"{""type"":""MultiPoint"",""coordinates"":[]}"
"265,9617","265,9617",0.0,0.0,10330.26791859709,0,0.0,0.0,"{""type"":""MultiPoint"",""coordinates"":[]}"
"266,9617","266,9617",0.0,0.0,10451.752729991125,0,0.0,0.0,"{""type"":""MultiPoint"",""coordinates"":[]}"
"323,9617","323,9617",0.13156100011361369,0.1188167753551274,10508.249355133139,1,0.17434230490155053,0.04278130478793684,"{""type"":""MultiPoint"",""coordinates"":[]}"
"324,9617","324,9617",0.0,0.0,10335.072446225671,0,0.0,0.0,"{""type"":""MultiPoint"",""coordinates"":[]}"
"325,9617","325,9617",0.0,0.0,10161.894477096937,0,0.0,0.0,"{""type"":""MultiPoint"",""coordinates"":[]}"
"326,9617","326,9617",0.0,0.0,9988.71546404904,0,0.0,0.0,"{""type"":""MultiPoint"",""coordinates"":[]}"
"327,9617","327,9617",0.0,0.0,9815.53539712561,0,0.0,0.0,"{""type"":""MultiPoint"",""coordinates"":[]}"
"328,9617","328,9617",0.0,0.0,9642.354300405155,0,0.0,0.0,"{""type"":""MultiPoint"",""coordinates"":[]}"
"329,9617","329,9617",0.0,0.0,9469.172177441924,0,0.0,0.0,"{""type"":""MultiPoint"",""coordinates"":[]}"
"330,9617","330,9617",0.0,0.0,9295.989047089199,0,0.0,0.0,"{""type"":""MultiPoint"",""coordinates"":[]}"
"331,9617","331,9617",0.0,0.0,9122.80488732871,0,0.0,0.0,"{""type"":""MultiPoint"",""coordinates"":[]}"
"332,9617","332,9617",0.0,0.0,8949.61973741349,0,0.0,0.0,"{""type"":""MultiPoint"",""coordinates"":[]}"
"333,9617","333,9617",0.0,0.0,8776.433605462642,0,0.0,0.0,"{""type"":""MultiPoint"",""coordinates"":[]}"
"334,9617","334,9617",0.0,0.0,8603.246479563344,0,0.0,0.0,"{""type"":""MultiPoint"",""coordinates"":[]}"
"335,9617","335,9617",0.0,0.0,8430.058378281463,0,0.0,0.0,"{""type"":""MultiPoint"",""coordinates"":[]}"
"336,9617","336,9617",0.18196573028865373,0.15433604028440828,8256.869309361431,1,0.2723451882456113,0.09037945795695759,"{""type"":""MultiPoint"",""coordinates"":[]}"
"337,9617","337,9617",0.3511845021114874,0.23876869866319123,8083.679290625308,1,0.65338793513798,0.3022034330264926,"{""type"":""MultiPoint"",""coordinates"":[]}"
"338,9617","338,9617",0.18796981967419907,0.16078807995316013,7935.673046439735,1,0.26555563591312314,0.07758581623892406,"{""type"":""MultiPoint"",""coordinates"":[]}"
"339,9617","339,9617",0.024991746811033454,0.024684560666280157,7904.42504057796,1,0.024991746811033454,0.0,"{""type"":""MultiPoint"",""coordinates"":[]}"
"340,9617","340,9617",0.0,0.0,7987.960696667381,0,0.0,0.0,"{""type"":""MultiPoint"",""coordinates"":[]}"
"341,9617","341,9617",0.0,0.0,8092.280419159246,0,0.0,0.0,"{""type"":""MultiPoint"",""coordinates"":[]}"
"342,9617","342,9617",0.028234921287244065,0.02784366357861047,8196.600295257578,1,0.028234921287244065,0.0,"{""type"":""MultiPoint"",""coordinates"":[]}"
"343,9617","343,9617",0.08959001177799203,0.08580148950067633,8300.920312688704,1,0.08959001177799203,0.0,"{""type"":""MultiPoint"",""coordinates"":[]}"
"344,9617","344,9617",0.0757417509263667,0.07301042450021476,8405.240475720137,1,0.0757417509263667,0.0,"{""type"":""MultiPoint"",""coordinates"":[]}"
"345,9617","345,9617",0.0,0.0,8509.560773680878,0,0.0,0.0,"{""type"":""MultiPoint"",""coordinates"":[]}"
"346,9617","346,9617",0.0,0.0,8613.881198282996,0,0.0,0.0,"{""type"":""MultiPoint"",""coordinates"":[]}"
"347,9617","347,9617",0.0,0.0,8311.96423956809,0,0.0,0.0,"{""type"":""MultiPoint"",""coordinates"":[]}"
"348,9617","348,9617",0.0,0.0,7950.406811793302,0,0.0,0.0,"{""type"":""MultiPoint"",""coordinates"":[]}"
"349,9617","349,9617",0.0,0.0,7588.847803115071,0,0.0,0.0,"{""type"":""MultiPoint"",""coordinates"":[]}"
"350,9617","350,9617",0.0,0.0,7230.283135921375,0,0.0,0.0,"{""type"":""MultiPoint"",""coordinates"":[]}"
"351,9617","351,9617",0.0,0.0,6960.17507909658,0,0.0,0.0,"{""type"":""MultiPoint"",""coordinates"":[]}"
"352,9617","352,9617",0.0,0.0,6827.262232929073,0,0.0,0.0,"{""type"":""MultiPoint"",""coordinates"":[]}"
"353,9617","353,9617",0.0,0.0,6812.652586545923,0,0.0,0.0,"{""type"":""MultiPoint"",""coordinates"":[]}"
"354,9617","354,9617",0.0,0.0,6809.429770059642,0,0.0,0.0,"{""type"":""MultiPoint"",""coordinates"":[]}"
"355,9617","355,9617",0.0,0.0,6806.206700572377,0,0.0,0.0,"{""type"":""MultiPoint"",""coordinates"":[]}"
"356,9617","356,9617",0.0,0.0,6802.98339764278,0,0.0,0.0,"{""type"":""MultiPoint"",""coordinates"":[]}"
"357,9617","357,9617",0.0,0.0,6799.759850785832,0,0.0,0.0,"{""type"":""MultiPoint"",""coordinates"":[]}"
"358,9617","358,9617",0.0,0.0,6796.536054250572,0,0.0,0.0,"{""type"":""MultiPoint"",""coordinates"":[]}"
"359,9617","359,9617",0.0,0.0,6793.3120252495955,0,0.0,0.0,"{""type"":""MultiPoint"",""coordinates"":[]}"
"360,9617","360,9617",0.0,0.0,6790.087748840962,0,0.0,0.0,"{""type"":""MultiPoint"",""coordinates"":[]}"
"361,9617","361,9617",0.0,0.0,6786.863236176412,0,0.0,0.0,"{""type"":""MultiPoint"",""coordinates"":[]}"
"362,9617","362,9617",0.0,0.0,6783.638481804332,0,0.0,0.0,"{""type"":""MultiPoint"",""coordinates"":[]}"
"363,9617","363,9617",0.0,0.0,6780.413489071926,0,0.0,0.0,"{""type"":""MultiPoint"",""coordinates"":[]}"
"364,9617","364,9617",0.0,0.0,6777.188244617658,0,0.0,0.0,"{""type"":""MultiPoint"",""coordinates"":[]}"
"365,9617","365,9617",0.0,0.0,6773.962771776647,0,0.0,0.0,"{""type"":""MultiPoint"",""coordinates"":[]}"
"366,9617","366,9617",0.0,0.0,6770.737057980538,0,0.0,0.0,"{""type"":""MultiPoint"",""coordinates"":[]}"
"367,9617","367,9617",0.0,0.0,6767.511091148903,0,0.0,0.0,"{""type"":""MultiPoint"",""coordinates"":[]}"
"368,9617","368,9617",0.0,0.0,6764.284893498673,0,0.0,0.0,"{""type"":""MultiPoint"",""coordinates"":[]}"
"369,9617","369,9617",0.0,0.0,6761.05844683323,0,0.0,0.0,"{""type"":""MultiPoint"",""coordinates"":[]}"
"370,9617","370,9617",0.0,0.0,6757.831765521486,0,0.0,0.0,"{""type"":""MultiPoint"",""coordinates"":[]}"
"371,9617","371,9617",0.0,0.0,6754.604854663136,0,0.0,0.0,"{""type"":""MultiPoint"",""coordinates"":[]}"
"372,9617","372,9617",0.0,0.0,6751.377689103654,0,0.0,0.0,"{""type"":""MultiPoint"",""coordinates"":[]}"
"373,9617","373,9617",0.0,0.0,6748.150292510019,0,0.0,0.0,"{""type"":""MultiPoint"",""coordinates"":[]}"
"374,9617","374,9617",0.0,0.0,6744.922655357268,0,0.0,0.0,"{""type"":""MultiPoint"",""coordinates"":[]}"
"375,9617","375,9617",0.0,0.0,6741.694778232988,0,0.0,0.0,"{""type"":""MultiPoint"",""coordinates"":[]}"
"376,9617","376,9617",0.0,0.0,6738.466661118925,0,0.0,0.0,"{""type"":""MultiPoint"",""coordinates"":[]}"
"377,9617","377,9617",0.0,0.0,6735.238312864505,0,0.0,0.0,"{""type"":""MultiPoint"",""coordinates"":[]}"
"378,9617","378,9617",0.0,0.0,6732.009710455073,0,0.0,0.0,"{""type"":""MultiPoint"",""coordinates"":[]}"
"379,9617","379,9617",0.0,0.0,6728.780880597096,0,0.0,0.0,"{""type"":""MultiPoint"",""coordinates"":[]}"
"380,9617","380,9617",0.0,0.0,6725.551804779843,0,0.0,0.0,"{""type"":""MultiPoint"",""coordinates"":[]}"
"381,9617","381,9617",0.0,0.0,6722.322496282477,0,0.0,0.0,"{""type"":""MultiPoint"",""coordinates"":[]}"
"382,9617","382,9617",0.0,0.0,6719.09295240599,0,0.0,0.0,"{""type"":""MultiPoint"",""coordinates"":[]}"
"383,9617","383,9617",0.0,0.0,6715.863169676693,0,0.0,0.0,"{""type"":""MultiPoint"",""coordinates"":[]}"
"384,9617","384,9617",0.0,0.0,6712.63314040824,0,0.0,0.0,"{""type"":""MultiPoint"",""coordinates"":[]}"
"385,9617","385,9617",0.0,0.0,6709.4028801258355,0,0.0,0.0,"{""type"":""MultiPoint"",""coordinates"":[]}"
"386,9617","386,9617",0.0,0.0,6706.17238768795,0,0.0,0.0,"{""type"":""MultiPoint"",""coordinates"":[]}"
"387,9617","387,9617",0.0,0.0,6702.94165240047,0,0.0,0.0,"{""type"":""MultiPoint"",""coordinates"":[]}"
"388,9617","388,9617",0.0,0.0,6699.710672741567,0,0.0,0.0,"{""type"":""MultiPoint"",""coordinates"":[]}"
"389,9617","389,9617",0.0,0.0,6696.4794676705715,0,0.0,0.0,"{""type"":""MultiPoint"",""coordinates"":[]}"
"390,9617","390,9617",0.0,0.0,6693.248016558568,0,0.0,0.0,"{""type"":""MultiPoint"",""coordinates"":[]}"
"391,9617","391,9617",0.0,0.0,6690.016328969054,0,0.0,0.0,"{""type"":""MultiPoint"",""coordinates"":[]}"
"392,9617","392,9617",0.0,0.0,6686.784416847087,0,0.0,0.0,"{""type"":""MultiPoint"",""coordinates"":[]}"
"393,9617","393,9617",0.0,0.0,6683.552257012477,0,0.0,0.0,"{""type"":""MultiPoint"",""coordinates"":[]}"
"394,9617","394,9617",0.0,0.0,6680.319867781681,0,0.0,0.0,"{""type"":""MultiPoint"",""coordinates"":[]}"
"395,9617","395,9617",0.0,0.0,6677.0872356627415,0,0.0,0.0,"{""type"":""MultiPoint"",""coordinates"":[]}"
"396,9617","396,9617",0.0,0.0,6673.854370425942,0,0.0,0.0,"{""type"":""MultiPoint"",""coordinates"":[]}"
"397,9617","397,9617",0.0,0.0,6670.6212745647235,0,0.0,0.0,"{""type"":""MultiPoint"",""coordinates"":[]}"
"398,9617","398,9617",0.0,0.0,6667.387930841566,0,0.0,0.0,"{""type"":""MultiPoint"",""coordinates"":[]}"
"399,9617","399,9617",0.0,0.0,6664.154364977126,0,0.0,0.0,"{""type"":""MultiPoint"",""coordinates"":[]}"
"400,9617","400,9617",0.0,0.0,6660.92055894375,0,0.0,0.0,"{""type"":""MultiPoint"",""coordinates"":[]}"
"401,9617","401,9617",0.0,0.0,6657.686525160888,0,0.0,0.0,"{""type"":""MultiPoint"",""coordinates"":[]}"
"402,9617","402,9617",0.0,0.0,6481.294341051901,0,0.0,0.0,"{""type"":""MultiPoint"",""coordinates"":[]}"
"403,9617","403,9617",0.0,0.0,6102.795392188581,0,0.0,0.0,"{""type"":""MultiPoint"",""coordinates"":[]}"
"404,9617","404,9617",0.0,0.0,5724.295371476722,0,0.0,0.0,"{""type"":""MultiPoint"",""coordinates"":[]}"
"405,9617","405,9617",0.0,0.0,5345.794281430943,0,0.0,0.0,"{""type"":""MultiPoint"",""coordinates"":[]}"
"406,9617","406,9617",0.0,0.0,4967.292136555332,0,0.0,0.0,"{""type"":""MultiPoint"",""coordinates"":[]}"
"407,9617","407,9617",0.0,0.0,4588.788965866174,0,0.0,0.0,"{""type"":""MultiPoint"",""coordinates"":[]}"
"408,9617","408,9617",0.0,0.0,4210.2847776039,0,0.0,0.0,"{""type"":""MultiPoint"",""coordinates"":[]}"
"409,9617","409,9617",0.0,0.0,3831.779598172017,0,0.0,0.0,"{""type"":""MultiPoint"",""coordinates"":[]}"
"410,9617","410,9617",0.0,0.0,3453.273440432719,0,0.0,0.0,"{""type"":""MultiPoint"",""coordinates"":[]}"
"411,9617","411,9617",0.0,0.0,3074.766316271714,0,0.0,0.0,"{""type"":""MultiPoint"",""coordinates"":[]}"
"412,9617","412,9617",0.0,0.0,2696.2582489855567,0,0.0,0.0,"{""type"":""MultiPoint"",""coordinates"":[]}"
"413,9617","413,9617",0.0,0.0,2317.7492555383183,0,0.0,0.0,"{""type"":""MultiPoint"",""coordinates"":[]}"
"414,9617","414,9617",0.0,0.0,1939.2393537225107,0,0.0,0.0,"{""type"":""MultiPoint"",""coordinates"":[]}"
"415,9617","415,9617",0.0,0.0,1560.7285517372163,0,0.0,0.0,"{""type"":""MultiPoint"",""coordinates"":[]}"
"416,9617","416,9617",0.0,0.0,1182.216887111626,0,0.0,0.0,"{""type"":""MultiPoint"",""coordinates"":[]}"
"417,9617","417,9617",0.0,0.0,803.7043533463143,0,0.0,0.0,"{""type"":""MultiPoint"",""coordinates"":[]}"
"418,9617","418,9617",0.0,0.0,425.1909865006183,0,0.0,0.0,"{""type"":""MultiPoint"",""coordinates"":[]}"
"419,9617","419,9617",0.0,0.0,46.67679360958644,0,0.0,0.0,"{""type"":""MultiPoint"",""coordinates"":[]}"
"420,9617","420,9617",0.0,0.0,331.8382026135236,0,0.0,0.0,"{""type"":""MultiPoint"",""coordinates"":[]}"
"421,9617","421,9617",0.0,0.0,710.3539889716972,0,0.0,0.0,"{""type"":""MultiPoint"",""coordinates"":[]}"
"422,9617","422,9617",0.183034870352545,0.16060846851744742,1088.8705519307377,1,0.23360012189727533,0.05056525154473031,"{""type"":""MultiPoint"",""coordinates"":[]}"
"423,9617","423,9617",0.5714994870707226,0.3654370449695497,1474.6675783260168,1,0.8669945093281982,0.29549502225747554,"{""type"":""MultiPoint"",""coordinates"":[]}"
"424,9617","424,9617",0.47179900199548974,0.33945918592232077,1862.1954398349906,1,0.6390751821351351,0.1672761801396454,"{""type"":""MultiPoint"",""coordinates"":[]}"
"425,9617","425,9617",0.09376064212744337,0.08951509740987461,2249.724034808428,1,0.0950078970979276,0.001247254970484235,"{""type"":""MultiPoint"",""coordinates"":[]}"
"426,9617","426,9617",0.010925104558274966,0.010634601168188793,2637.2533448870586,1,0.03278904526364842,0.021863940705373452,"{""type"":""MultiPoint"",""coordinates"":[]}"
"427,9617","427,9617",0.27429571167888384,0.20630049984459906,3024.78335251957,1,0.47145318039798434,0.1971574687191005,"{""type"":""MultiPoint"",""coordinates"":[]}"
"428,9617","428,9617",0.39105767570135086,0.30973605847601393,3412.3140488994045,1,0.46815779737779123,0.07710012167644037,"{""type"":""MultiPoint"",""coordinates"":[]}"
"429,9617","429,9617",0.3351732583924141,0.2890610649986652,3799.845410576941,1,0.3351732583924141,0.0,"{""type"":""MultiPoint"",""coordinates"":[]}"
"430,9617","430,9617",0.11690640398970716,0.11056272426627152,4187.377412395146,1,0.11690640398970716,0.0,"{""type"":""MultiPoint"",""coordinates"":[]}"
"431,9617","431,9617",0.0,0.0,3819.6352232217187,0,0.0,0.0,"{""type"":""MultiPoint"",""coordinates"":[]}"
"432,9617","432,9617",0.0,0.0,3328.1353432226806,0,0.0,0.0,"{""type"":""MultiPoint"",""coordinates"":[]}"
"433,9617","433,9617",0.0,0.0,2836.634614514138,0,0.0,0.0,"{""type"":""MultiPoint"",""coordinates"":[]}"
"434,9617","434,9617",0.0,0.0,2345.133081169594,0,0.0,0.0,"{""type"":""MultiPoint"",""coordinates"":[]}"
"435,9617","435,9617",0.0,0.0,1853.6307292514143,0,0.0,0.0,"{""type"":""MultiPoint"",""coordinates"":[]}"
"436,9617","436,9617",0.0,0.0,1362.1276079208299,0,0.0,0.0,"{""type"":""MultiPoint"",""coordinates"":[]}"
"437,9617","437,9617",0.0,0.0,870.6237236732827,0,0.0,0.0,"{""type"":""MultiPoint"",""coordinates"":[]}"
"438,9617","438,9617",0.0,0.0,379.11910756677986,0,0.0,0.0,"{""type"":""MultiPoint"",""coordinates"":[]}"
"439,9617","439,9617",0.0,0.0,112.38621085770784,0,0.0,0.0,"{""type"":""MultiPoint"",""coordinates"":[]}"
"440,9617","440,9617",0.0,0.0,603.89223999907,0,0.0,0.0,"{""type"":""MultiPoint"",""coordinates"":[]}"
"441,9617","441,9617",0.0,0.0,1095.3989323489366,0,0.0,0.0,"{""type"":""MultiPoint"",""coordinates"":[]}"
"442,9617","442,9617",0.0,0.0,1586.9062716531917,0,0.0,0.0,"{""type"":""MultiPoint"",""coordinates"":[]}"
"443,9617","443,9617",-0.04928509789845012,-0.0481090731352493,2078.414248373284,1,0.0,0.04928509789845012,"{""type"":""MultiPoint"",""coordinates"":[]}"
"444,9617","444,9617",-0.10122607948080983,-0.09642417678903703,2569.9228233173,1,0.0,0.10122607948080983,"{""type"":""MultiPoint"",""coordinates"":[]}"
"445,9617","445,9617",0.0,0.0,3061.431987222268,0,0.0,0.0,"{""type"":""MultiPoint"",""coordinates"":[]}"
"446,9617","446,9617",0.0,0.0,3552.9417198508095,0,0.0,0.0,"{""type"":""MultiPoint"",""coordinates"":[]}"
"447,9617","447,9617",0.0,0.0,4044.4519883804214,0,0.0,0.0,"{""type"":""MultiPoint"",""coordinates"":[]}"
"448,9617","448,9617",0.0,0.0,4535.962782269686,0,0.0,0.0,"{""type"":""MultiPoint"",""coordinates"":[]}"
"449,9617","449,9617",0.0,0.0,5027.474071725141,0,0.0,0.0,"{""type"":""MultiPoint"",""coordinates"":[]}"
"450,9617","450,9617",0.0,0.0,5518.985844717168,0,0.0,0.0,"{""type"":""MultiPoint"",""coordinates"":[]}"
"451,9617","451,9617",0.0,0.0,6010.498080056369,0,0.0,0.0,"{""type"":""MultiPoint"",""coordinates"":[]}"
"452,9617","452,9617",0.0,0.0,6502.010745029264,0,0.0,0.0,"{""type"":""MultiPoint"",""coordinates"":[]}"
"453,9617","453,9617",0.0,0.0,6993.5238327763445,0,0.0,0.0,"{""type"":""MultiPoint"",""coordinates"":[]}"
"454,9617","454,9617",0.0,0.0,7485.037304496636,0,0.0,0.0,"{""type"":""MultiPoint"",""coordinates"":[]}"
"455,9617","455,9617",0.0,0.0,7976.551155072648,0,0.0,0.0,"{""type"":""MultiPoint"",""coordinates"":[]}"
"456,9617","456,9617",0.0,0.0,8482.957007464818,0,0.0,0.0,"{""type"":""MultiPoint"",""coordinates"":[]}"
"457,9617","457,9617",0.0,0.0,9064.492635889665,0,0.0,0.0,"{""type"":""MultiPoint"",""coordinates"":[]}"
"458,9617","458,9617",0.0,0.0,9714.47545287621,0,0.0,0.0,"{""type"":""MultiPoint"",""coordinates"":[]}"
"459,9617","459,9617",-0.04818686436961134,-0.04706187570047311,10420.105073629378,1,0.0,0.04818686436961134,"{""type"":""MultiPoint"",""coordinates"":[]}"
"237,9618","237,9618",0.563691187672349,0.44704917228986246,10344.98858480805,1,0.563691187672349,0.0,"{""type"":""MultiPoint"",""coordinates"":[]}"
"238,9618","238,9618",1.1598411003578615,0.770034654340924,9896.058285888332,1,1.1598411003578615,0.0,"{""type"":""MultiPoint"",""coordinates"":[]}"
"239,9618","239,9618",1.5878900250751673,0.9508428815607772,9531.174693178038,1,1.5878900250751673,0.0,"{""type"":""MultiPoint"",""coordinates"":[]}"
"240,9618","240,9618",2.045088193716917,1.1135298641962592,9260.27915892902,1,2.045088193716917,0.0,"{""type"":""MultiPoint"",""coordinates"":[]}"
"241,9618","241,9618",2.323713222730844,1.2010825985212745,9091.777810989277,1,2.323713222730844,0.0,"{""type"":""MultiPoint"",""coordinates"":[]}"
"242,9618","242,9618",2.18289378900863,1.1577907795398412,9024.60196727928,1,2.18289378900863,0.0,"{""type"":""MultiPoint"",""coordinates"":[]}"
"243,9618","243,9618",1.8256751237306137,1.0201512406630022,8980.550241257806,1,1.8550281294623125,0.029353005731698786,"{""type"":""MultiPoint"",""coordinates"":[]}"
"244,9618","244,9618",1.116717438532473,0.5559719512956035,8936.49795030796,1,1.6184186821114526,0.5017012435789795,"{""type"":""MultiPoint"",""coordinates"":[]}"
"245,9618","245,9618",1.4145091290951994,0.447094604206128,8892.445087876229,1,2.9235617968396634,1.509052667744464,"{""type"":""MultiPoint"",""coordinates"":[]}"
"246,9618","246,9618",1.5545258459573734,0.6599504656961264,8848.391674801323,1,2.2176601884709757,0.6631343425136024,"{""type"":""MultiPoint"",""coordinates"":[]}"
"247,9618","247,9618",1.278061580765217,0.7853507292533871,8804.337703342175,1,1.3492041135712785,0.07114253280606143,"{""type"":""MultiPoint"",""coordinates"":[]}"
"248,9618","248,9618",0.7741166838278918,0.573302656148185,8760.283181218922,1,0.7741166838278918,0.0,"{""type"":""MultiPoint"",""coordinates"":[]}"
"249,9618","249,9618",0.9517741605269164,0.6687387848461753,8716.228102796016,1,0.9517741605269164,0.0,"{""type"":""MultiPoint"",""coordinates"":[]}"
"250,9618","250,9618",0.465875138652131,0.3824524283856861,8672.172481290043,1,0.465875138652131,0.0,"{""type"":""MultiPoint"",""coordinates"":[]}"
"251,9618","251,9618",0.1533885593119177,0.1427041830515913,8628.116302553748,1,0.1533885593119177,0.0,"{""type"":""MultiPoint"",""coordinates"":[]}"
"252,9618","252,9618",0.0,0.0,8584.059579441322,0,0.0,0.0,"{""type"":""MultiPoint"",""coordinates"":[]}"
"253,9618","253,9618",0.0,0.0,8540.002318186245,0,0.0,0.0,"{""type"":""MultiPoint"",""coordinates"":[]}"
"254,9618","254,9618",0.0,0.0,8506.853263866866,0,0.0,0.0,"{""type"":""MultiPoint"",""coordinates"":[]}"
"255,9618","255,9618",0.023492253317779026,0.02322055727549666,8555.526935697944,1,0.023492253317779026,0.0,"{""type"":""MultiPoint"",""coordinates"":[]}"
"256,9618","256,9618",0.0013072370373701197,0.0013063833469370322,8617.089843585547,1,0.0013072370373701197,0.0,"{""type"":""MultiPoint"",""coordinates"":[]}"
"257,9618","257,9618",0.0,0.0,8678.65285756933,0,0.0,0.0,"{""type"":""MultiPoint"",""coordinates"":[]}"
"258,9618","258,9618",0.0,0.0,8740.215957591674,0,0.0,0.0,"{""type"":""MultiPoint"",""coordinates"":[]}"
"259,9618","259,9618",0.0,0.0,8801.779148965701,0,0.0,0.0,"{""type"":""MultiPoint"",""coordinates"":[]}"
"260,9618","260,9618",0.02681495842770634,0.02646173791390386,8863.342436197356,1,0.02681495842770634,0.0,"{""type"":""MultiPoint"",""coordinates"":[]}"
"261,9618","261,9618",0.08890472976363277,0.08517235597660117,8924.90580258548,1,0.08890472976363277,0.0,"{""type"":""MultiPoint"",""coordinates"":[]}"
"262,9618","262,9618",0.04627400353691127,0.045235285007034866,8986.6369354605,1,0.04627400353691127,0.0,"{""type"":""MultiPoint"",""coordinates"":[]}"
"263,9618","263,9618",0.0,0.0,9095.010169174637,0,0.0,0.0,"{""type"":""MultiPoint"",""coordinates"":[]}"
"264,9618","264,9618",0.0,0.0,9216.488367369055,0,0.0,0.0,"{""type"":""MultiPoint"",""coordinates"":[]}"
"265,9618","265,9618",0.0,0.0,9337.96697866241,0,0.0,0.0,"{""type"":""MultiPoint"",""coordinates"":[]}"
"266,9618","266,9618",0.0,0.0,9459.446014511217,0,0.0,0.0,"{""type"":""MultiPoint"",""coordinates"":[]}"
"267,9618","267,9618",0.0,0.0,9580.92545524328,0,0.0,0.0,"{""type"":""MultiPoint"",""coordinates"":[]}"
"268,9618","268,9618",0.0,0.0,9702.405308484149,0,0.0,0.0,"{""type"":""MultiPoint"",""coordinates"":[]}"
"269,9618","269,9618",0.0,0.0,9823.885557904096,0,0.0,0.0,"{""type"":""MultiPoint"",""coordinates"":[]}"
"270,9618","270,9618",0.0,0.0,9945.366204717444,0,0.0,0.0,"{""type"":""MultiPoint"",""coordinates"":[]}"
"271,9618","271,9618",0.0,0.0,10066.847225790018,0,0.0,0.0,"{""type"":""MultiPoint"",""coordinates"":[]}"
"272,9618","272,9618",0.0,0.0,10188.328645750991,0,0.0,0.0,"{""type"":""MultiPoint"",""coordinates"":[]}"
"273,9618","273,9618",0.0,0.0,10309.810436325657,0,0.0,0.0,"{""type"":""MultiPoint"",""coordinates"":[]}"
"274,9618","274,9618",0.0,0.0,10431.292589367413,0,0.0,0.0,"{""type"":""MultiPoint"",""coordinates"":[]}"
"318,9618","318,9618",0.0,0.0,10389.24299972862,0,0.0,0.0,"{""type"":""MultiPoint"",""coordinates"":[]}"
"319,9618","319,9618",0.008626737484471016,0.008589739811864656,10216.06715755364,1,0.008626737484471016,0.0,"{""type"":""MultiPoint"",""coordinates"":[]}"
"320,9618","320,9618",0.15145737029714124,0.14102841857475928,10042.890239290351,1,0.15145737029714124,0.0,"{""type"":""MultiPoint"",""coordinates"":[]}"
"321,9618","321,9618",0.21978198738179655,0.18350500008054926,9869.71225149103,1,0.3109394003692855,0.09115741298748896,"{""type"":""MultiPoint"",""coordinates"":[]}"
"322,9618","322,9618",0.18317044317926273,0.14712023964455237,9696.53320345698,1,0.3388691336757817,0.15569869049651897,"{""type"":""MultiPoint"",""coordinates"":[]}"
"323,9618","323,9618",0.14098632090921787,0.12960255819670863,9523.353092758636,1,0.15985135811837542,0.018865037209157564,"{""type"":""MultiPoint"",""coordinates"":[]}"
"324,9618","324,9618",0.059117759577134645,0.057436259282400134,9350.17194456261,1,0.059117759577134645,0.0,"{""type"":""MultiPoint"",""coordinates"":[]}"
"325,9618","325,9618",0.0,0.0,9176.989761344528,0,0.0,0.0,"{""type"":""MultiPoint"",""coordinates"":[]}"
"326,9618","326,9618",0.0,0.0,9003.806553009206,0,0.0,0.0,"{""type"":""MultiPoint"",""coordinates"":[]}"
"327,9618","327,9618",0.0,0.0,8830.622324533248,0,0.0,0.0,"{""type"":""MultiPoint"",""coordinates"":[]}"
"328,9618","328,9618",0.0,0.0,8657.437079737594,0,0.0,0.0,"{""type"":""MultiPoint"",""coordinates"":[]}"
"329,9618","329,9618",0.0,0.0,8484.250841477333,0,0.0,0.0,"{""type"":""MultiPoint"",""coordinates"":[]}"
"330,9618","330,9618",0.0,0.0,8311.063598294058,0,0.0,0.0,"{""type"":""MultiPoint"",""coordinates"":[]}"
"331,9618","331,9618",0.0,0.0,8137.875379306763,0,0.0,0.0,"{""type"":""MultiPoint"",""coordinates"":[]}"
"332,9618","332,9618",0.0,0.0,7964.6861827312805,0,0.0,0.0,"{""type"":""MultiPoint"",""coordinates"":[]}"
"333,9618","333,9618",0.0,0.0,7791.496014702319,0,0.0,0.0,"{""type"":""MultiPoint"",""coordinates"":[]}"
"334,9618","334,9618",0.0,0.0,7618.3048868970845,0,0.0,0.0,"{""type"":""MultiPoint"",""coordinates"":[]}"
"335,9618","335,9618",0.0,0.0,7445.112813233736,0,0.0,0.0,"{""type"":""MultiPoint"",""coordinates"":[]}"
"336,9618","336,9618",0.12487114867764318,0.11335150696814769,7271.919791011543,1,0.16524245045040284,0.04037130177275966,"{""type"":""MultiPoint"",""coordinates"":[]}"
"337,9618","337,9618",0.3426616275738814,0.2656855316827849,7098.725831309964,1,0.4686349265793638,0.12597329900548235,"{""type"":""MultiPoint"",""coordinates"":[]}"
"338,9618","338,9618",0.10211626203396379,0.09453284503074091,6940.692950314806,1,0.1320823735151535,0.029966111481189724,"{""type"":""MultiPoint"",""coordinates"":[]}"
"339,9618","339,9618",0.0,0.0,6904.939393926352,0,0.0,0.0,"{""type"":""MultiPoint"",""coordinates"":[]}"
"340,9618","340,9618",0.0,0.0,6993.341349180159,0,0.0,0.0,"{""type"":""MultiPoint"",""coordinates"":[]}"
"341,9618","341,9618",0.0,0.0,7097.657134222337,0,0.0,0.0,"{""type"":""MultiPoint"",""coordinates"":[]}"
"342,9618","342,9618",0.08894754724581587,0.08521167680900167,7201.973088375018,1,0.08894754724581587,0.0,"{""type"":""MultiPoint"",""coordinates"":[]}"
"343,9618","343,9618",0.33290605024525577,0.2873615587767021,7306.28921661506,1,0.33290605024525577,0.0,"{""type"":""MultiPoint"",""coordinates"":[]}"
"344,9618","344,9618",0.2699902050431646,0.2390091878763206,7410.6055061319275,1,0.2699902050431646,0.0,"{""type"":""MultiPoint"",""coordinates"":[]}"
"345,9618","345,9618",0.0,0.0,7514.921958981516,0,0.0,0.0,"{""type"":""MultiPoint"",""coordinates"":[]}"
"346,9618","346,9618",0.0,0.0,7619.238564074064,0,0.0,0.0,"{""type"":""MultiPoint"",""coordinates"":[]}"
"347,9618","347,9618",0.0,0.0,7379.496413178835,0,0.0,0.0,"{""type"":""MultiPoint"",""coordinates"":[]}"
"348,9618","348,9618",0.0,0.0,7017.935559102737,0,0.0,0.0,"{""type"":""MultiPoint"",""coordinates"":[]}"
"349,9618","349,9618",0.0,0.0,6656.373147528615,0,0.0,0.0,"{""type"":""MultiPoint"",""coordinates"":[]}"
"350,9618","350,9618",0.0,0.0,6294.809196019502,0,0.0,0.0,"{""type"":""MultiPoint"",""coordinates"":[]}"
"351,9618","351,9618",0.0,0.0,5984.442740453779,0,0.0,0.0,"{""type"":""MultiPoint"",""coordinates"":[]}"
"352,9618","352,9618",0.0,0.0,5829.320687880067,0,0.0,0.0,"{""type"":""MultiPoint"",""coordinates"":[]}"
"353,9618","353,9618",0.0,0.0,5812.534445211371,0,0.0,0.0,"{""type"":""MultiPoint"",""coordinates"":[]}"
"354,9618","354,9618",0.0,0.0,5809.3080099399995,0,0.0,0.0,"{""type"":""MultiPoint"",""coordinates"":[]}"
"355,9618","355,9618",0.0,0.0,5806.081360057855,0,0.0,0.0,"{""type"":""MultiPoint"",""coordinates"":[]}"
"356,9618","356,9618",0.0,0.0,5802.854482083339,0,0.0,0.0,"{""type"":""MultiPoint"",""coordinates"":[]}"
"357,9618","357,9618",0.0,0.0,5799.627396372785,0,0.0,0.0,"{""type"":""MultiPoint"",""coordinates"":[]}"
"358,9618","358,9618",0.0,0.0,5796.400092958961,0,0.0,0.0,"{""type"":""MultiPoint"",""coordinates"":[]}"
"359,9618","359,9618",0.0,0.0,5793.172568267034,0,0.0,0.0,"{""type"":""MultiPoint"",""coordinates"":[]}"
"360,9618","360,9618",0.0,0.0,5789.944827894911,0,0.0,0.0,"{""type"":""MultiPoint"",""coordinates"":[]}"
"361,9618","361,9618",0.0,0.0,5786.716878412248,0,0.0,0.0,"{""type"":""MultiPoint"",""coordinates"":[]}"
"362,9618","362,9618",0.0,0.0,5783.488705882249,0,0.0,0.0,"{""type"":""MultiPoint"",""coordinates"":[]}"
"363,9618","363,9618",0.0,0.0,5780.260310703858,0,0.0,0.0,"{""type"":""MultiPoint"",""coordinates"":[]}"
"364,9618","364,9618",0.0,0.0,5777.031705646992,0,0.0,0.0,"{""type"":""MultiPoint"",""coordinates"":[]}"
"365,9618","365,9618",0.0,0.0,5773.802885134798,0,0.0,0.0,"{""type"":""MultiPoint"",""coordinates"":[]}"
"366,9618","366,9618",0.0,0.0,5770.573845662528,0,0.0,0.0,"{""type"":""MultiPoint"",""coordinates"":[]}"
"367,9618","367,9618",0.0,0.0,5767.3445993732585,0,0.0,0.0,"{""type"":""MultiPoint"",""coordinates"":[]}"
"368,9618","368,9618",0.0,0.0,5764.115128394784,0,0.0,0.0,"{""type"":""MultiPoint"",""coordinates"":[]}"
"369,9618","369,9618",0.0,0.0,5760.885450994056,0,0.0,0.0,"{""type"":""MultiPoint"",""coordinates"":[]}"
"370,9618","370,9618",0.0,0.0,5757.6555514253705,0,0.0,0.0,"{""type"":""MultiPoint"",""coordinates"":[]}"
"371,9618","371,9618",0.0,0.0,5754.4254280608075,0,0.0,0.0,"{""type"":""MultiPoint"",""coordinates"":[]}"
"372,9618","372,9618",0.0,0.0,5751.195105302713,0,0.0,0.0,"{""type"":""MultiPoint"",""coordinates"":[]}"
"373,9618","373,9618",0.0,0.0,5747.964560394445,0,0.0,0.0,"{""type"":""MultiPoint"",""coordinates"":[]}"
"374,9618","374,9618",0.0,0.0,5744.73380250059,0,0.0,0.0,"{""type"":""MultiPoint"",""coordinates"":[]}"
"375,9618","375,9618",0.0,0.0,5741.50282750226,0,0.0,0.0,"{""type"":""MultiPoint"",""coordinates"":[]}"
"376,9618","376,9618",0.0,0.0,5738.271645040034,0,0.0,0.0,"{""type"":""MultiPoint"",""coordinates"":[]}"
"377,9618","377,9618",0.0,0.0,5735.040237563534,0,0.0,0.0,"{""type"":""MultiPoint"",""coordinates"":[]}"
"378,9618","378,9618",0.0,0.0,5731.808621058237,0,0.0,0.0,"{""type"":""MultiPoint"",""coordinates"":[]}"
"379,9618","379,9618",0.0,0.0,5728.57679359923,0,0.0,0.0,"{""type"":""MultiPoint"",""coordinates"":[]}"
"380,9618","380,9618",0.0,0.0,5725.344755391489,0,0.0,0.0,"{""type"":""MultiPoint"",""coordinates"":[]}"
"381,9618","381,9618",0.0,0.0,5722.112497505856,0,0.0,0.0,"{""type"":""MultiPoint"",""coordinates"":[]}"
"382,9618","382,9618",0.0,0.0,5718.880028099151,0,0.0,0.0,"{""type"":""MultiPoint"",""coordinates"":[]}"
"383,9618","383,9618",0.0,0.0,5715.6473440829395,0,0.0,0.0,"{""type"":""MultiPoint"",""coordinates"":[]}"
"384,9618","384,9618",0.0,0.0,5712.414453266744,0,0.0,0.0,"{""type"":""MultiPoint"",""coordinates"":[]}"
"385,9618","385,9618",0.0,0.0,5709.181339471781,0,0.0,0.0,"{""type"":""MultiPoint"",""coordinates"":[]}"
"386,9618","386,9618",0.0,0.0,5705.9480181204035,0,0.0,0.0,"{""type"":""MultiPoint"",""coordinates"":[]}"
"387,9618","387,9618",0.0,0.0,5702.714485474246,0,0.0,0.0,"{""type"":""MultiPoint"",""coordinates"":[]}"
"388,9618","388,9618",0.0,0.0,5699.480742729629,0,0.0,0.0,"{""type"":""MultiPoint"",""coordinates"":[]}"
"389,9618","389,9618",0.0,0.0,5696.246776866208,0,0.0,0.0,"{""type"":""MultiPoint"",""coordinates"":[]}"
"390,9618","390,9618",0.0,0.0,5693.012610449898,0,0.0,0.0,"{""type"":""MultiPoint"",""coordinates"":[]}"
"391,9618","391,9618",0.0,0.0,5689.778229823417,0,0.0,0.0,"{""type"":""MultiPoint"",""coordinates"":[]}"
"392,9618","392,9618",0.0,0.0,5686.543631353166,0,0.0,0.0,"{""type"":""MultiPoint"",""coordinates"":[]}"
"393,9618","393,9618",0.0,0.0,5683.308830498201,0,0.0,0.0,"{""type"":""MultiPoint"",""coordinates"":[]}"
"394,9618","394,9618",0.0,0.0,5680.073809686395,0,0.0,0.0,"{""type"":""MultiPoint"",""coordinates"":[]}"
"395,9618","395,9618",0.0,0.0,5676.838580477698,0,0.0,0.0,"{""type"":""MultiPoint"",""coordinates"":[]}"
"396,9618","396,9618",0.0,0.0,5673.603145280469,0,0.0,0.0,"{""type"":""MultiPoint"",""coordinates"":[]}"
"397,9618","397,9618",0.0,0.0,5670.367491379256,0,0.0,0.0,"{""type"":""MultiPoint"",""coordinates"":[]}"
"398,9618","398,9618",0.0,0.0,5667.131633381379,0,0.0,0.0,"{""type"":""MultiPoint"",""coordinates"":[]}"
"399,9618","399,9618",0.0,0.0,5663.895562716338,0,0.0,0.0,"{""type"":""MultiPoint"",""coordinates"":[]}"
"400,9618","400,9618",0.0,0.0,5660.659277850605,0,0.0,0.0,"{""type"":""MultiPoint"",""coordinates"":[]}"
"401,9618","401,9618",0.0,0.0,5657.4227763912295,0,0.0,0.0,"{""type"":""MultiPoint"",""coordinates"":[]}"
"402,9618","402,9618",0.0,0.0,5555.388867196397,0,0.0,0.0,"{""type"":""MultiPoint"",""coordinates"":[]}"
"403,9618","403,9618",0.0,0.0,5176.8877738277215,0,0.0,0.0,"{""type"":""MultiPoint"",""coordinates"":[]}"
"404,9618","404,9618",0.0,0.0,4798.385612856703,0,0.0,0.0,"{""type"":""MultiPoint"",""coordinates"":[]}"
"405,9618","405,9618",0.0,0.0,4419.882409056352,0,0.0,0.0,"{""type"":""MultiPoint"",""coordinates"":[]}"
"406,9618","406,9618",0.0,0.0,4041.3781753905737,0,0.0,0.0,"{""type"":""MultiPoint"",""coordinates"":[]}"
"407,9618","407,9618",0.0,0.0,3662.872934183132,0,0.0,0.0,"{""type"":""MultiPoint"",""coordinates"":[]}"
"408,9618","408,9618",0.0,0.0,3284.3666953854286,0,0.0,0.0,"{""type"":""MultiPoint"",""coordinates"":[]}"
"409,9618","409,9618",0.0,0.0,2905.8594768143516,0,0.0,0.0,"{""type"":""MultiPoint"",""coordinates"":[]}"
"410,9618","410,9618",0.0,0.0,2527.351302871649,0,0.0,0.0,"{""type"":""MultiPoint"",""coordinates"":[]}"
"411,9618","411,9618",0.0,0.0,2148.8421806956767,0,0.0,0.0,"{""type"":""MultiPoint"",""coordinates"":[]}"
"412,9618","412,9618",0.0,0.0,1770.3321455465607,0,0.0,0.0,"{""type"":""MultiPoint"",""coordinates"":[]}"
"413,9618","413,9618",0.0,0.0,1391.8211903347535,0,0.0,0.0,"{""type"":""MultiPoint"",""coordinates"":[]}"
"414,9618","414,9618",0.0,0.0,1013.309351072065,0,0.0,0.0,"{""type"":""MultiPoint"",""coordinates"":[]}"
"415,9618","415,9618",0.0,0.0,634.7966377045384,0,0.0,0.0,"{""type"":""MultiPoint"",""coordinates"":[]}"
"416,9618","416,9618",0.0,0.0,256.2830674632741,0,0.0,0.0,"{""type"":""MultiPoint"",""coordinates"":[]}"
"417,9618","417,9618",0.0,0.0,122.23134054329789,0,0.0,0.0,"{""type"":""MultiPoint"",""coordinates"":[]}"
"418,9618","418,9618",0.0,0.0,500.7465664642453,0,0.0,0.0,"{""type"":""MultiPoint"",""coordinates"":[]}"
"419,9618","419,9618",0.0,0.0,879.2625977660779,0,0.0,0.0,"{""type"":""MultiPoint"",""coordinates"":[]}"
"420,9618","420,9618",0.0,0.0,1257.779419047115,0,0.0,0.0,"{""type"":""MultiPoint"",""coordinates"":[]}"
"421,9618","421,9618",0.0,0.0,1636.2970042593704,0,0.0,0.0,"{""type"":""MultiPoint"",""coordinates"":[]}"
"422,9618","422,9618",0.14655517923250183,0.12925786933288416,2014.815340476914,1,0.2086759365788878,0.06212075734638597,"{""type"":""MultiPoint"",""coordinates"":[]}"
"423,9618","423,9618",0.5753998781180119,0.3322601713720434,2396.8800831243543,1,1.0353776336533451,0.45997775553533327,"{""type"":""MultiPoint"",""coordinates"":[]}"
"424,9618","424,9618",0.5734141947112532,0.37396048112593633,2784.409674553809,1,0.837890163038531,0.26447596832727777,"{""type"":""MultiPoint"",""coordinates"":[]}"
"425,9618","425,9618",0.12128244325097239,0.11434722540459356,3171.939979821918,1,0.12244717512461704,0.001164731873644655,"{""type"":""MultiPoint"",""coordinates"":[]}"
"426,9618","426,9618",0.06747003823799184,0.06416901082304624,3559.4709851469743,1,0.08553848859843684,0.018068450360444997,"{""type"":""MultiPoint"",""coordinates"":[]}"
"427,9618","427,9618",0.2568081829827773,0.2002511938364787,3947.0026720731025,1,0.41511696421293076,0.15830878123015346,"{""type"":""MultiPoint"",""coordinates"":[]}"
"428,9618","428,9618",0.26954649140224995,0.22211064655672175,4334.535024922129,1,0.35332677637643545,0.0837802849741855,"{""type"":""MultiPoint"",""coordinates"":[]}"
"429,9618","429,9618",0.36555577717536314,0.31156150853449116,4722.068015913681,1,0.36555577717536314,0.0,"{""type"":""MultiPoint"",""coordinates"":[]}"
"430,9618","430,9618",0.15202880141720793,0.1415245631913892,5109.601631323536,1,0.15202880141720793,0.0,"{""type"":""MultiPoint"",""coordinates"":[]}"
"431,9618","431,9618",0.0,0.0,4690.910894138509,0,0.0,0.0,"{""type"":""MultiPoint"",""coordinates"":[]}"
"432,9618","432,9618",0.0,0.0,4199.412457871839,0,0.0,0.0,"{""type"":""MultiPoint"",""coordinates"":[]}"
"433,9618","433,9618",0.0,0.0,3707.9131644234803,0,0.0,0.0,"{""type"":""MultiPoint"",""coordinates"":[]}"
"434,9618","434,9618",0.0,0.0,3216.413029705858,0,0.0,0.0,"{""type"":""MultiPoint"",""coordinates"":[]}"
"435,9618","435,9618",0.0,0.0,2724.912088114436,0,0.0,0.0,"{""type"":""MultiPoint"",""coordinates"":[]}"
"436,9618","436,9618",0.0,0.0,2233.4103503845795,0,0.0,0.0,"{""type"":""MultiPoint"",""coordinates"":[]}"
"437,9618","437,9618",0.0,0.0,1741.9078345014927,0,0.0,0.0,"{""type"":""MultiPoint"",""coordinates"":[]}"
"438,9618","438,9618",0.0,0.0,1250.404574185422,0,0.0,0.0,"{""type"":""MultiPoint"",""coordinates"":[]}"
"439,9618","439,9618",0.0,0.0,758.9005740683104,0,0.0,0.0,"{""type"":""MultiPoint"",""coordinates"":[]}"
"440,9618","440,9618",0.0,0.0,267.3958748207552,0,0.0,0.0,"{""type"":""MultiPoint"",""coordinates"":[]}"
"441,9618","441,9618",0.0,0.0,224.1095153214492,0,0.0,0.0,"{""type"":""MultiPoint"",""coordinates"":[]}"
"442,9618","442,9618",0.0,0.0,715.615578248825,0,0.0,0.0,"{""type"":""MultiPoint"",""coordinates"":[]}"
"443,9618","443,9618",-0.0402177917477611,-0.03943010637106919,1207.1222716188436,1,0.0,0.0402177917477611,"{""type"":""MultiPoint"",""coordinates"":[]}"
"444,9618","444,9618",-0.0626136470808942,-0.06073157805490113,1698.6296083974232,1,0.0,0.0626136470808942,"{""type"":""MultiPoint"",""coordinates"":[]}"
"445,9618","445,9618",0.0,0.0,2190.1375303312934,0,0.0,0.0,"{""type"":""MultiPoint"",""coordinates"":[]}"
"446,9618","446,9618",0.0,0.0,2681.646045744367,0,0.0,0.0,"{""type"":""MultiPoint"",""coordinates"":[]}"
"447,9618","447,9618",0.0,0.0,3173.155110107586,0,0.0,0.0,"{""type"":""MultiPoint"",""coordinates"":[]}"
"448,9618","448,9618",0.0,0.0,3664.6647186555706,0,0.0,0.0,"{""type"":""MultiPoint"",""coordinates"":[]}"
"449,9618","449,9618",0.0,0.0,4156.174844669441,0,0.0,0.0,"{""type"":""MultiPoint"",""coordinates"":[]}"
"450,9618","450,9618",0.0,0.0,4647.6854615223265,0,0.0,0.0,"{""type"":""MultiPoint"",""coordinates"":[]}"
"451,9618","451,9618",0.0,0.0,5139.196550503549,0,0.0,0.0,"{""type"":""MultiPoint"",""coordinates"":[]}"
"452,9618","452,9618",0.0,0.0,5630.708102837993,0,0.0,0.0,"{""type"":""MultiPoint"",""coordinates"":[]}"
"453,9618","453,9618",0.0,0.0,6122.220081304851,0,0.0,0.0,"{""type"":""MultiPoint"",""coordinates"":[]}"
"454,9618","454,9618",0.0,0.0,6613.73246689437,0,0.0,0.0,"{""type"":""MultiPoint"",""coordinates"":[]}"
"455,9618","455,9618",0.0,0.0,7106.22711531533,0,0.0,0.0,"{""type"":""MultiPoint"",""coordinates"":[]}"
"456,9618","456,9618",0.0,0.0,7661.685507326313,0,0.0,0.0,"{""type"":""MultiPoint"",""coordinates"":[]}"
"457,9618","457,9618",-0.039332972801201155,-0.038579135079539105,8300.958814813615,1,0.0,0.039332972801201155,"{""type"":""MultiPoint"",""coordinates"":[]}"
"458,9618","458,9618",-0.1727661379414608,-0.15936517890042454,9006.217498152735,1,0.0,0.1727661379414608,"{""type"":""MultiPoint"",""coordinates"":[]}"
"459,9618","459,9618",-0.07602516851739256,-0.07327385228145235,9763.172651717123,1,0.0,0.07602516851739256,"{""type"":""MultiPoint"",""coordinates"":[]}"
"460,9618","460,9618",-0.04955688418743954,-0.04836806003643436,10560.714054045346,1,0.0,0.04955688418743954,"{""type"":""MultiPoint"",""coordinates"":[]}"
"236,9619","236,9619",0.13059754445425514,0.1227462933605822,10052.30546972433,1,0.13059754445425514,0.0,"{""type"":""MultiPoint"",""coordinates"":[]}"
"237,9619","237,9619",0.7612893034291112,0.5660460996263964,9484.922905526842,1,0.7612893034291112,0.0,"{""type"":""MultiPoint"",""coordinates"":[]}"
"238,9619","238,9619",1.6058832754651287,0.9353615282108783,8993.15339004372,1,1.6431854357137348,0.037302160248606074,"{""type"":""MultiPoint"",""coordinates"":[]}"
"239,9619","239,9619",2.552279134446749,1.2140329111462977,8589.99437821196,1,2.630538547309085,0.07825941286233637,"{""type"":""MultiPoint"",""coordinates"":[]}"
"240,9619","240,9619",3.246926413034372,1.3571135851349774,8288.38739622665,1,3.3723917537479515,0.12546534071357962,"{""type"":""MultiPoint"",""coordinates"":[]}"
"241,9619","241,9619",2.704878672161728,1.1372945740376714,8099.6856746333515,1,2.9817763837024236,0.27689771154069587,"{""type"":""MultiPoint"",""coordinates"":[]}"
"242,9619","242,9619",2.6847671618546483,1.1771004894188006,8026.0047941697285,1,2.8806802273568213,0.19591306550217297,"{""type"":""MultiPoint"",""coordinates"":[]}"
"243,9619","243,9619",1.9694009328013866,0.955244248771399,7981.946718424387,1,2.2008111151869625,0.23141018238557576,"{""type"":""MultiPoint"",""coordinates"":[]}"
"244,9619","244,9619",1.3943392417231522,0.5593151991776123,7937.888101385989,1,2.254762886937568,0.860423645214416,"{""type"":""MultiPoint"",""coordinates"":[]}"
"245,9619","245,9619",1.896474288280131,0.5117034059438867,7893.828956988157,1,3.7349540686750373,1.8384797803949062,"{""type"":""MultiPoint"",""coordinates"":[]}"
"246,9619","246,9619",1.7009867025218461,0.6763927242675686,7849.769275122493,1,2.4604396062113834,0.7594529036895372,"{""type"":""MultiPoint"",""coordinates"":[]}"
"247,9619","247,9619",1.3406665998202703,0.781781657849305,7805.709063010845,1,1.4716849593243304,0.1310183595040601,"{""type"":""MultiPoint"",""coordinates"":[]}"
"248,9619","248,9619",0.9216136945907947,0.653165298978676,7761.648320756182,1,0.9216136945907947,0.0,"{""type"":""MultiPoint"",""coordinates"":[]}"
"249,9619","249,9619",1.1452446174396853,0.7632535866422486,7717.587051627681,1,1.1452446174396853,0.0,"{""type"":""MultiPoint"",""coordinates"":[]}"
"250,9619","250,9619",0.5382323329174937,0.4306339213896658,7673.525253267396,1,0.5382323329174937,0.0,"{""type"":""MultiPoint"",""coordinates"":[]}"
"251,9619","251,9619",0.2902676791540046,0.25484970006792396,7629.4629353707305,1,0.2902676791540046,0.0,"{""type"":""MultiPoint"",""coordinates"":[]}"
"252,9619","252,9619",0.0,0.0,7585.400102467425,0,0.0,0.0,"{""type"":""MultiPoint"",""coordinates"":[]}"
"253,9619","253,9619",0.0,0.0,7541.33674223499,0,0.0,0.0,"{""type"":""MultiPoint"",""coordinates"":[]}"
"254,9619","254,9619",0.0,0.0,7507.234646721292,0,0.0,0.0,"{""type"":""MultiPoint"",""coordinates"":[]}"
"255,9619","255,9619",0.04150029909733224,0.04066226889823613,7557.774873898115,1,0.04150029909733224,0.0,"{""type"":""MultiPoint"",""coordinates"":[]}"
"256,9619","256,9619",0.0024921516373102343,0.002489051377229042,7619.331747318324,1,0.0024921516373102343,0.0,"{""type"":""MultiPoint"",""coordinates"":[]}"
"257,9619","257,9619",0.0,0.0,7680.888734484349,0,0.0,0.0,"{""type"":""MultiPoint"",""coordinates"":[]}"
"258,9619","258,9619",0.0,0.0,7742.445848626933,0,0.0,0.0,"{""type"":""MultiPoint"",""coordinates"":[]}"
"259,9619","259,9619",0.0,0.0,7804.0030709931725,0,0.0,0.0,"{""type"":""MultiPoint"",""coordinates"":[]}"
"260,9619","260,9619",0.0,0.0,7865.560402465616,0,0.0,0.0,"{""type"":""MultiPoint"",""coordinates"":[]}"
"261,9619","261,9619",0.0,0.0,7927.117853741383,0,0.0,0.0,"{""type"":""MultiPoint"",""coordinates"":[]}"
"262,9619","262,9619",0.0,0.0,7989.52853337566,0,0.0,0.0,"{""type"":""MultiPoint"",""coordinates"":[]}"
"263,9619","263,9619",0.0,0.0,8102.720170661177,0,0.0,0.0,"{""type"":""MultiPoint"",""coordinates"":[]}"
"264,9619","264,9619",0.0,0.0,8224.192527675057,0,0.0,0.0,"{""type"":""MultiPoint"",""coordinates"":[]}"
"265,9619","265,9619",0.0,0.0,8345.665342726394,0,0.0,0.0,"{""type"":""MultiPoint"",""coordinates"":[]}"
"266,9619","266,9619",0.0,0.0,8467.138589613189,0,0.0,0.0,"{""type"":""MultiPoint"",""coordinates"":[]}"
"267,9619","267,9619",0.0,0.0,8588.612281754653,0,0.0,0.0,"{""type"":""MultiPoint"",""coordinates"":[]}"
"268,9619","268,9619",0.0,0.0,8710.086396415265,0,0.0,0.0,"{""type"":""MultiPoint"",""coordinates"":[]}"
"269,9619","269,9619",0.0,0.0,8831.5609296212,0,0.0,0.0,"{""type"":""MultiPoint"",""coordinates"":[]}"
"270,9619","270,9619",0.0,0.0,8953.035886613241,0,0.0,0.0,"{""type"":""MultiPoint"",""coordinates"":[]}"
"271,9619","271,9619",0.0,0.0,9074.51125863297,0,0.0,0.0,"{""type"":""MultiPoint"",""coordinates"":[]}"
"272,9619","272,9619",0.0,0.0,9195.987032614554,0,0.0,0.0,"{""type"":""MultiPoint"",""coordinates"":[]}"
"273,9619","273,9619",0.0,0.0,9317.463208180541,0,0.0,0.0,"{""type"":""MultiPoint"",""coordinates"":[]}"
"274,9619","274,9619",0.0,0.0,9438.939781769312,0,0.0,0.0,"{""type"":""MultiPoint"",""coordinates"":[]}"
"275,9619","275,9619",0.0,0.0,9560.41673384574,0,0.0,0.0,"{""type"":""MultiPoint"",""coordinates"":[]}"
"276,9619","276,9619",0.0,0.0,9681.894073074416,0,0.0,0.0,"{""type"":""MultiPoint"",""coordinates"":[]}"
"277,9619","277,9619",0.0,0.0,9803.371782426566,0,0.0,0.0,"{""type"":""MultiPoint"",""coordinates"":[]}"
"278,9619","278,9619",0.0,0.0,9924.849878219953,0,0.0,0.0,"{""type"":""MultiPoint"",""coordinates"":[]}"
"279,9619","279,9619",0.0,0.0,10046.328329151173,0,0.0,0.0,"{""type"":""MultiPoint"",""coordinates"":[]}"
"280,9619","280,9619",0.0,0.0,10167.80713318737,0,0.0,0.0,"{""type"":""MultiPoint"",""coordinates"":[]}"
"281,9619","281,9619",0.0,0.0,10289.28629239168,0,0.0,0.0,"{""type"":""MultiPoint"",""coordinates"":[]}"
"282,9619","282,9619",0.0,0.0,10410.765798613562,0,0.0,0.0,"{""type"":""MultiPoint"",""coordinates"":[]}"
"309,9619","309,9619",0.0,0.0,10458.818155829118,0,0.0,0.0,"{""type"":""MultiPoint"",""coordinates"":[]}"
"310,9619","310,9619",0.06796245845927767,0.061285250234311514,10389.770794871712,1,0.14328123940384552,0.07531878094456784,"{""type"":""MultiPoint"",""coordinates"":[]}"
"311,9619","311,9619",0.2661383921412752,0.19906670730729484,10320.7227879522,1,0.47441192301447516,0.20827353087319994,"{""type"":""MultiPoint"",""coordinates"":[]}"
"312,9619","312,9619",0.09546439121676306,0.08366713184657774,10251.674141107704,1,0.18940003669669486,0.0939356454799318,"{""type"":""MultiPoint"",""coordinates"":[]}"
"313,9619","313,9619",0.014915801227500995,0.014805654597175488,10182.624860758631,1,0.014915801227500995,0.0,"{""type"":""MultiPoint"",""coordinates"":[]}"
"314,9619","314,9619",0.27379204330279133,0.24199831250980008,10097.079173885193,1,0.27379204330279133,0.0,"{""type"":""MultiPoint"",""coordinates"":[]}"
"315,9619","315,9619",0.416723775919782,0.34834700586965595,9923.903265771502,1,0.416723775919782,0.0,"{""type"":""MultiPoint"",""coordinates"":[]}"
"316,9619","316,9619",0.13375733262962763,0.12553719001582267,9750.726274012768,1,0.13375733262962763,0.0,"{""type"":""MultiPoint"",""coordinates"":[]}"
"317,9619","317,9619",0.0,0.0,9577.54820533085,0,0.0,0.0,"{""type"":""MultiPoint"",""coordinates"":[]}"
"318,9619","318,9619",0.01311168844942515,0.013026474321595927,9404.36906706121,1,0.01311168844942515,0.0,"{""type"":""MultiPoint"",""coordinates"":[]}"
"319,9619","319,9619",0.09523526898108316,0.09096919770686443,9231.188862178513,1,0.09523526898108316,0.0,"{""type"":""MultiPoint"",""coordinates"":[]}"
"320,9619","320,9619",0.11063432890720384,0.10493131958284992,9058.00761085685,1,0.11063432890720384,0.0,"{""type"":""MultiPoint"",""coordinates"":[]}"
"321,9619","321,9619",0.0,0.0,8884.825299533759,0,0.0,0.0,"{""type"":""MultiPoint"",""coordinates"":[]}"
"322,9619","322,9619",0.0,0.0,8711.641958026856,0,0.0,0.0,"{""type"":""MultiPoint"",""coordinates"":[]}"
"323,9619","323,9619",0.0,0.0,8538.45759153402,0,0.0,0.0,"{""type"":""MultiPoint"",""coordinates"":[]}"
"324,9619","324,9619",0.0,0.0,8365.272201352147,0,0.0,0.0,"{""type"":""MultiPoint"",""coordinates"":[]}"
"325,9619","325,9619",0.0,0.0,8192.08579663908,0,0.0,0.0,"{""type"":""MultiPoint"",""coordinates"":[]}"
"326,9619","326,9619",0.0,0.0,8018.898382796042,0,0.0,0.0,"{""type"":""MultiPoint"",""coordinates"":[]}"
"327,9619","327,9619",0.0,0.0,7845.709978597978,0,0.0,0.0,"{""type"":""MultiPoint"",""coordinates"":[]}"
"328,9619","328,9619",0.0,0.0,7672.520591153597,0,0.0,0.0,"{""type"":""MultiPoint"",""coordinates"":[]}"
"329,9619","329,9619",0.0,0.0,7499.330221953915,0,0.0,0.0,"{""type"":""MultiPoint"",""coordinates"":[]}"
"330,9619","330,9619",0.0,0.0,7326.138886118009,0,0.0,0.0,"{""type"":""MultiPoint"",""coordinates"":[]}"
"331,9619","331,9619",0.0,0.0,7152.946583872037,0,0.0,0.0,"{""type"":""MultiPoint"",""coordinates"":[]}"
"332,9619","332,9619",0.0,0.0,6979.753337060109,0,0.0,0.0,"{""type"":""MultiPoint"",""coordinates"":[]}"
"333,9619","333,9619",0.0,0.0,6806.559137001198,0,0.0,0.0,"{""type"":""MultiPoint"",""coordinates"":[]}"
"334,9619","334,9619",0.0037194142186611104,0.003712514301403932,6633.363998628202,1,0.0037194142186611104,0.0,"{""type"":""MultiPoint"",""coordinates"":[]}"
"335,9619","335,9619",0.008747402068278561,0.008709365201707401,6460.167935349876,1,0.008747402068278561,0.0,"{""type"":""MultiPoint"",""coordinates"":[]}"
"336,9619","336,9619",0.016058154423283753,0.015930586123818005,6286.970953657381,1,0.016058154423283753,0.0,"{""type"":""MultiPoint"",""coordinates"":[]}"
"337,9619","337,9619",8.713751776605591E-4,8.709957507099254E-4,6113.773057666966,1,8.713751776605591E-4,0.0,"{""type"":""MultiPoint"",""coordinates"":[]}"
"338,9619","338,9619",0.0,0.0,5947.419692565111,0,0.0,0.0,"{""type"":""MultiPoint"",""coordinates"":[]}"
"339,9619","339,9619",0.0,0.0,5905.65148050684,0,0.0,0.0,"{""type"":""MultiPoint"",""coordinates"":[]}"
"340,9619","340,9619",0.0,0.0,5998.721593973203,0,0.0,0.0,"{""type"":""MultiPoint"",""coordinates"":[]}"
"341,9619","341,9619",0.0,0.0,6103.03343185424,0,0.0,0.0,"{""type"":""MultiPoint"",""coordinates"":[]}"
"342,9619","342,9619",0.03674485890706244,0.036085861277042774,6207.3454796113365,1,0.03674485890706244,0.0,"{""type"":""MultiPoint"",""coordinates"":[]}"
"343,9619","343,9619",0.12188292410100394,0.11500845593508077,6311.6577096998335,1,0.12188292410100394,0.0,"{""type"":""MultiPoint"",""coordinates"":[]}"
"344,9619","344,9619",0.11081407448420158,0.10509314695378115,6415.9701414578,1,0.11081407448420158,0.0,"{""type"":""MultiPoint"",""coordinates"":[]}"
"345,9619","345,9619",0.0,0.0,6520.28275324289,0,0.0,0.0,"{""type"":""MultiPoint"",""coordinates"":[]}"
"346,9619","346,9619",0.0,0.0,6624.595533487515,0,0.0,0.0,"{""type"":""MultiPoint"",""coordinates"":[]}"
"347,9619","347,9619",0.0,0.0,6447.029910140527,0,0.0,0.0,"{""type"":""MultiPoint"",""coordinates"":[]}"
"348,9619","348,9619",0.0,0.0,6085.465628509779,0,0.0,0.0,"{""type"":""MultiPoint"",""coordinates"":[]}"
"349,9619","349,9619",0.0,0.0,5723.899803717737,0,0.0,0.0,"{""type"":""MultiPoint"",""coordinates"":[]}"
"350,9619","350,9619",0.0,0.0,5362.332455877414,0,0.0,0.0,"{""type"":""MultiPoint"",""coordinates"":[]}"
"351,9619","351,9619",0.0,0.0,5018.32122103963,0,0.0,0.0,"{""type"":""MultiPoint"",""coordinates"":[]}"
"352,9619","352,9619",0.0,0.0,4832.28017708884,0,0.0,0.0,"{""type"":""MultiPoint"",""coordinates"":[]}"
"353,9619","353,9619",0.07074532907064192,0.0683549752069729,4812.4163292905005,1,0.07074532907064192,0.0,"{""type"":""MultiPoint"",""coordinates"":[]}"
"354,9619","354,9619",0.336351438193046,0.28994309306190597,4809.186271702325,1,0.336351438193046,0.0,"{""type"":""MultiPoint"",""coordinates"":[]}"
"355,9619","355,9619",0.23840960120001156,0.21382797673025813,4805.956027180183,1,0.23840960120001156,0.0,"{""type"":""MultiPoint"",""coordinates"":[]}"
"356,9619","356,9619",0.00846311710985367,0.008427505715447422,4802.725598999384,1,0.00846311710985367,0.0,"{""type"":""MultiPoint"",""coordinates"":[]}"
"357,9619","357,9619",0.0,0.0,4799.494963144396,0,0.0,0.0,"{""type"":""MultiPoint"",""coordinates"":[]}"
"358,9619","358,9619",0.0,0.0,4796.264144022145,0,0.0,0.0,"{""type"":""MultiPoint"",""coordinates"":[]}"
"359,9619","359,9619",0.0,0.0,4793.033133333787,0,0.0,0.0,"{""type"":""MultiPoint"",""coordinates"":[]}"
"360,9619","360,9619",0.0,0.0,4789.801928064192,0,0.0,0.0,"{""type"":""MultiPoint"",""coordinates"":[]}"
"361,9619","361,9619",0.0,0.0,4786.570516789953,0,0.0,0.0,"{""type"":""MultiPoint"",""coordinates"":[]}"
"362,9619","362,9619",0.0,0.0,4783.3389319742555,0,0.0,0.0,"{""type"":""MultiPoint"",""coordinates"":[]}"
"363,9619","363,9619",0.0,0.0,4780.107154329831,0,0.0,0.0,"{""type"":""MultiPoint"",""coordinates"":[]}"
"364,9619","364,9619",0.0,0.0,4776.875180048364,0,0.0,0.0,"{""type"":""MultiPoint"",""coordinates"":[]}"
"365,9619","365,9619",0.0,0.0,4773.6430203800965,0,0.0,0.0,"{""type"":""MultiPoint"",""coordinates"":[]}"
"366,9619","366,9619",0.0,0.0,4770.410662620751,0,0.0,0.0,"{""type"":""MultiPoint"",""coordinates"":[]}"
"367,9619","367,9619",0.0,0.0,4767.178112875899,0,0.0,0.0,"{""type"":""MultiPoint"",""coordinates"":[]}"
"368,9619","368,9619",0.0,0.0,4763.9453790999705,0,0.0,0.0,"{""type"":""MultiPoint"",""coordinates"":[]}"
"369,9619","369,9619",0.0,0.0,4760.7124462688225,0,0.0,0.0,"{""type"":""MultiPoint"",""coordinates"":[]}"
"370,9619","370,9619",0.0,0.0,4757.479327686933,0,0.0,0.0,"{""type"":""MultiPoint"",""coordinates"":[]}"
"371,9619","371,9619",0.0,0.0,4754.246022130057,0,0.0,0.0,"{""type"":""MultiPoint"",""coordinates"":[]}"
"372,9619","372,9619",0.0,0.0,4751.012523461126,0,0.0,0.0,"{""type"":""MultiPoint"",""coordinates"":[]}"
"373,9619","373,9619",0.0,0.0,4747.778834592363,0,0.0,0.0,"{""type"":""MultiPoint"",""coordinates"":[]}"
"374,9619","374,9619",0.0,0.0,4744.544955997517,0,0.0,0.0,"{""type"":""MultiPoint"",""coordinates"":[]}"
"375,9619","375,9619",0.0,0.0,4741.3108941170685,0,0.0,0.0,"{""type"":""MultiPoint"",""coordinates"":[]}"
"376,9619","376,9619",0.0,0.0,4738.076631556348,0,0.0,0.0,"{""type"":""MultiPoint"",""coordinates"":[]}"
"377,9619","377,9619",0.0,0.0,4734.842182844615,0,0.0,0.0,"{""type"":""MultiPoint"",""coordinates"":[]}"
"378,9619","378,9619",0.0,0.0,4731.607552674045,0,0.0,0.0,"{""type"":""MultiPoint"",""coordinates"":[]}"
"379,9619","379,9619",0.0,0.0,4728.37272482487,0,0.0,0.0,"{""type"":""MultiPoint"",""coordinates"":[]}"
"380,9619","380,9619",0.0,0.0,4725.137711745911,0,0.0,0.0,"{""type"":""MultiPoint"",""coordinates"":[]}"
"381,9619","381,9619",0.0,0.0,4721.902510133966,0,0.0,0.0,"{""type"":""MultiPoint"",""coordinates"":[]}"
"382,9619","382,9619",0.0,0.0,4718.667117594907,0,0.0,0.0,"{""type"":""MultiPoint"",""coordinates"":[]}"
"383,9619","383,9619",0.0,0.0,4715.431539767575,0,0.0,0.0,"{""type"":""MultiPoint"",""coordinates"":[]}"
"384,9619","384,9619",0.0,0.0,4712.195768174144,0,0.0,0.0,"{""type"":""MultiPoint"",""coordinates"":[]}"
"385,9619","385,9619",0.0,0.0,4708.95981672038,0,0.0,0.0,"{""type"":""MultiPoint"",""coordinates"":[]}"
"386,9619","386,9619",0.0,0.0,4705.723665851877,0,0.0,0.0,"{""type"":""MultiPoint"",""coordinates"":[]}"
"387,9619","387,9619",0.0,0.0,4702.4873340091535,0,0.0,0.0,"{""type"":""MultiPoint"",""coordinates"":[]}"
"388,9619","388,9619",0.0,0.0,4699.250809895962,0,0.0,0.0,"{""type"":""MultiPoint"",""coordinates"":[]}"
"389,9619","389,9619",0.0,0.0,4696.014111729578,0,0.0,0.0,"{""type"":""MultiPoint"",""coordinates"":[]}"
"390,9619","390,9619",0.0,0.0,4692.777210183559,0,0.0,0.0,"{""type"":""MultiPoint"",""coordinates"":[]}"
"391,9619","391,9619",0.0,0.0,4689.540129421944,0,0.0,0.0,"{""type"":""MultiPoint"",""coordinates"":[]}"
"392,9619","392,9619",0.0,0.0,4686.30285930883,0,0.0,0.0,"{""type"":""MultiPoint"",""coordinates"":[]}"
"393,9619","393,9619",0.0,0.0,4683.065403263807,0,0.0,0.0,"{""type"":""MultiPoint"",""coordinates"":[]}"
"394,9619","394,9619",0.0,0.0,4679.827764826124,0,0.0,0.0,"{""type"":""MultiPoint"",""coordinates"":[]}"
"395,9619","395,9619",0.0,0.0,4676.589939292031,0,0.0,0.0,"{""type"":""MultiPoint"",""coordinates"":[]}"
"396,9619","396,9619",0.0,0.0,4673.3519192908725,0,0.0,0.0,"{""type"":""MultiPoint"",""coordinates"":[]}"
"397,9619","397,9619",0.0,0.0,4670.113715057024,0,0.0,0.0,"{""type"":""MultiPoint"",""coordinates"":[]}"
"398,9619","398,9619",0.0,0.0,4666.875327283754,0,0.0,0.0,"{""type"":""MultiPoint"",""coordinates"":[]}"
"399,9619","399,9619",0.0,0.0,4663.636754854843,0,0.0,0.0,"{""type"":""MultiPoint"",""coordinates"":[]}"
"400,9619","400,9619",0.0,0.0,4660.3979984511525,0,0.0,0.0,"{""type"":""MultiPoint"",""coordinates"":[]}"
"401,9619","401,9619",0.0,0.0,4657.159061053031,0,0.0,0.0,"{""type"":""MultiPoint"",""coordinates"":[]}"
"402,9619","402,9619",0.0,0.0,4629.484295313521,0,0.0,0.0,"{""type"":""MultiPoint"",""coordinates"":[]}"
"403,9619","403,9619",0.0,0.0,4250.9810366872125,0,0.0,0.0,"{""type"":""MultiPoint"",""coordinates"":[]}"
"404,9619","404,9619",0.0,0.0,3872.476743820691,0,0.0,0.0,"{""type"":""MultiPoint"",""coordinates"":[]}"
"405,9619","405,9619",0.0,0.0,3493.971416301331,0,0.0,0.0,"{""type"":""MultiPoint"",""coordinates"":[]}"
"406,9619","406,9619",0.0,0.0,3115.465080467437,0,0.0,0.0,"{""type"":""MultiPoint"",""coordinates"":[]}"
"407,9619","407,9619",0.0,0.0,2736.957743022582,0,0.0,0.0,"{""type"":""MultiPoint"",""coordinates"":[]}"
"408,9619","408,9619",0.0,0.0,2358.4494500602964,0,0.0,0.0,"{""type"":""MultiPoint"",""coordinates"":[]}"
"409,9619","409,9619",0.0,0.0,1979.9401890396834,0,0.0,0.0,"{""type"":""MultiPoint"",""coordinates"":[]}"
"410,9619","410,9619",0.0,0.0,1601.4299846347162,0,0.0,0.0,"{""type"":""MultiPoint"",""coordinates"":[]}"
"411,9619","411,9619",0.0,0.0,1222.918859136357,0,0.0,0.0,"{""type"":""MultiPoint"",""coordinates"":[]}"
"412,9619","412,9619",0.0,0.0,844.4068331779866,0,0.0,0.0,"{""type"":""MultiPoint"",""coordinates"":[]}"
"413,9619","413,9619",0.0,0.0,465.89392406503913,0,0.0,0.0,"{""type"":""MultiPoint"",""coordinates"":[]}"
"414,9619","414,9619",0.0,0.0,87.38013608699528,0,0.0,0.0,"{""type"":""MultiPoint"",""coordinates"":[]}"
"415,9619","415,9619",0.0,0.0,291.1344958986773,0,0.0,0.0,"{""type"":""MultiPoint"",""coordinates"":[]}"
"416,9619","416,9619",0.0,0.0,669.6499768212751,0,0.0,0.0,"{""type"":""MultiPoint"",""coordinates"":[]}"
"417,9619","417,9619",0.0,0.0,1048.166270487893,0,0.0,0.0,"{""type"":""MultiPoint"",""coordinates"":[]}"
"418,9619","418,9619",0.0,0.0,1426.6833597147102,0,0.0,0.0,"{""type"":""MultiPoint"",""coordinates"":[]}"
"419,9619","419,9619",0.0,0.0,1805.201241022549,0,0.0,0.0,"{""type"":""MultiPoint"",""coordinates"":[]}"
"420,9619","420,9619",0.0,0.0,2183.719884782068,0,0.0,0.0,"{""type"":""MultiPoint"",""coordinates"":[]}"
"421,9619","421,9619",0.0,0.0,2562.2392723015228,0,0.0,0.0,"{""type"":""MultiPoint"",""coordinates"":[]}"
"422,9619","422,9619",0.06880592746187683,0.06622352171459774,2940.759397205361,1,0.07377794494488321,0.004972017483006387,"{""type"":""MultiPoint"",""coordinates"":[]}"
"423,9619","423,9619",0.36498069101711544,0.2934711594166022,3319.2802342499126,1,0.4350715052874652,0.07009081427034974,"{""type"":""MultiPoint"",""coordinates"":[]}"
"424,9619","424,9619",0.27189838393163634,0.23664908400827103,3706.6231766975616,1,0.29025800573046495,0.01835962179882859,"{""type"":""MultiPoint"",""coordinates"":[]}"
"425,9619","425,9619",0.025681997170556067,0.02535775442771215,4094.15520390006,1,0.025681997170556067,0.0,"{""type"":""MultiPoint"",""coordinates"":[]}"
"426,9619","426,9619",0.35975944593861725,0.30730780611689396,4481.687918640481,1,0.35975944593861725,0.0,"{""type"":""MultiPoint"",""coordinates"":[]}"
"427,9619","427,9619",0.5700973995114181,0.45113765534130734,4869.221286449208,1,0.5700973995114181,0.0,"{""type"":""MultiPoint"",""coordinates"":[]}"
"428,9619","428,9619",0.22721194333141626,0.20474488376359523,5256.755294122526,1,0.22721194333141626,0.0,"{""type"":""MultiPoint"",""coordinates"":[]}"
"429,9619","429,9619",0.02705587113009602,0.026696331735508914,5644.289931859402,1,0.02705587113009602,0.0,"{""type"":""MultiPoint"",""coordinates"":[]}"
"430,9619","430,9619",0.01288736904821088,0.012805033545204004,6031.825179256761,1,0.01288736904821088,0.0,"{""type"":""MultiPoint"",""coordinates"":[]}"
"431,9619","431,9619",0.0,0.0,5562.187363293813,0,0.0,0.0,"{""type"":""MultiPoint"",""coordinates"":[]}"
"432,9619","432,9619",0.0,0.0,5070.6903744387155,0,0.0,0.0,"{""type"":""MultiPoint"",""coordinates"":[]}"
"433,9619","433,9619",0.0,0.0,4579.192503575227,0,0.0,0.0,"{""type"":""MultiPoint"",""coordinates"":[]}"
"434,9619","434,9619",0.0,0.0,4087.693788486057,0,0.0,0.0,"{""type"":""MultiPoint"",""coordinates"":[]}"
"435,9619","435,9619",0.0,0.0,3596.194226196168,0,0.0,0.0,"{""type"":""MultiPoint"",""coordinates"":[]}"
"436,9619","436,9619",0.0,0.0,3104.693866017686,0,0.0,0.0,"{""type"":""MultiPoint"",""coordinates"":[]}"
"437,9619","437,9619",0.0,0.0,2613.1927145066306,0,0.0,0.0,"{""type"":""MultiPoint"",""coordinates"":[]}"
"438,9619","438,9619",0.0,0.0,2121.6907883952167,0,0.0,0.0,"{""type"":""MultiPoint"",""coordinates"":[]}"
"439,9619","439,9619",0.0,0.0,1630.1881174653706,0,0.0,0.0,"{""type"":""MultiPoint"",""coordinates"":[]}"
"440,9619","440,9619",0.021060879057289192,0.02084216429746181,1138.6847146431414,1,0.021060879057289192,0.0,"{""type"":""MultiPoint"",""coordinates"":[]}"
"441,9619","441,9619",0.04283210766254379,0.0412638078384191,647.1806226943022,1,0.05957000180251776,0.016737894139973963,"{""type"":""MultiPoint"",""coordinates"":[]}"
"442,9619","442,9619",-0.006903528765303223,-0.0068798085169669565,155.67584483546162,1,0.0,0.006903528765303223,"{""type"":""MultiPoint"",""coordinates"":[]}"
"443,9619","443,9619",0.0,0.0,335.82960209723973,0,0.0,0.0,"{""type"":""MultiPoint"",""coordinates"":[]}"
"444,9619","444,9619",0.0,0.0,827.3356797348335,0,0.0,0.0,"{""type"":""MultiPoint"",""coordinates"":[]}"
"445,9619","445,9619",0.0,0.0,1318.842385946585,0,0.0,0.0,"{""type"":""MultiPoint"",""coordinates"":[]}"
"446,9619","446,9619",0.0,0.0,1810.3496795980786,0,0.0,0.0,"{""type"":""MultiPoint"",""coordinates"":[]}"
"447,9619","447,9619",0.0,0.0,2301.857559623874,0,0.0,0.0,"{""type"":""MultiPoint"",""coordinates"":[]}"
"448,9619","448,9619",0.0,0.0,2793.365991167401,0,0.0,0.0,"{""type"":""MultiPoint"",""coordinates"":[]}"
"449,9619","449,9619",0.0,0.0,3284.8749504360553,0,0.0,0.0,"{""type"":""MultiPoint"",""coordinates"":[]}"
"450,9619","450,9619",0.0,0.0,3776.3844281248694,0,0.0,0.0,"{""type"":""MultiPoint"",""coordinates"":[]}"
"451,9619","451,9619",0.0,0.0,4267.894390799349,0,0.0,0.0,"{""type"":""MultiPoint"",""coordinates"":[]}"
"452,9619","452,9619",0.0,0.0,4759.404823577076,0,0.0,0.0,"{""type"":""MultiPoint"",""coordinates"":[]}"
"453,9619","453,9619",0.0,0.0,5250.9157020113935,0,0.0,0.0,"{""type"":""MultiPoint"",""coordinates"":[]}"
"454,9619","454,9619",0.0,0.0,5742.427018143768,0,0.0,0.0,"{""type"":""MultiPoint"",""coordinates"":[]}"
"455,9619","455,9619",0.0,0.0,6264.24571267767,0,0.0,0.0,"{""type"":""MultiPoint"",""coordinates"":[]}"
"456,9619","456,9619",0.0,0.0,6887.943154078264,0,0.0,0.0,"{""type"":""MultiPoint"",""coordinates"":[]}"
"457,9619","457,9619",-0.13537490516901016,-0.1269629093163001,7592.646759938142,1,0.0,0.13537490516901016,"{""type"":""MultiPoint"",""coordinates"":[]}"
"458,9619","458,9619",-0.2900896192272572,-0.25471168822968593,8357.89166639003,1,0.0,0.2900896192272572,"{""type"":""MultiPoint"",""coordinates"":[]}"
"459,9619","459,9619",-0.0699962175700581,-0.06765511348631267,9168.531466634682,1,0.0,0.0699962175700581,"{""type"":""MultiPoint"",""coordinates"":[]}"
"460,9619","460,9619",0.0,0.0,10013.547595518074,0,0.0,0.0,"{""type"":""MultiPoint"",""coordinates"":[]}"
"235,9620","235,9620",0.0,0.0,9953.66773888899,0,0.0,0.0,"{""type"":""MultiPoint"",""coordinates"":[]}"
"236,9620","236,9620",0.3332714182516075,0.2876356350622876,9273.196790351489,1,0.3332714182516075,0.0,"{""type"":""MultiPoint"",""coordinates"":[]}"
"237,9620","237,9620",0.937004409902813,0.6611426610886653,8654.880698446465,1,0.937004409902813,0.0,"{""type"":""MultiPoint"",""coordinates"":[]}"
"238,9620","238,9620",1.6665773262614254,0.8819133156341826,8112.9450448838425,1,1.84394037009102,0.17736304382959453,"{""type"":""MultiPoint"",""coordinates"":[]}"
"239,9620","239,9620",2.376932267153886,0.8991075334470892,7663.612431745951,1,3.007862434902044,0.6309301677481579,"{""type"":""MultiPoint"",""coordinates"":[]}"
"240,9620","240,9620",2.980400515439575,0.9794724229687516,7323.947757640717,1,3.7725287679940047,0.7921282525544298,"{""type"":""MultiPoint"",""coordinates"":[]}"
"241,9620","241,9620",2.7366238935978826,1.0216011645248009,7109.687317058467,1,3.2760953016011913,0.5394714080033086,"{""type"":""MultiPoint"",""coordinates"":[]}"
"242,9620","242,9620",2.3708778950477525,0.9175484477045018,7027.40787968849,1,2.948154801472498,0.5772769064247454,"{""type"":""MultiPoint"",""coordinates"":[]}"
"243,9620","243,9620",1.8143693279749742,0.7810832514512169,6983.343465539753,1,2.3469873292572916,0.5326180012823174,"{""type"":""MultiPoint"",""coordinates"":[]}"
"244,9620","244,9620",1.1270798750016442,0.3450836078424273,6939.27854171917,1,2.861993866183189,1.734913991181545,"{""type"":""MultiPoint"",""coordinates"":[]}"
"245,9620","245,9620",1.4773174963144045,0.3514652195461434,6895.213099125633,1,3.985149375829111,2.5078318795147068,"{""type"":""MultiPoint"",""coordinates"":[]}"
"246,9620","246,9620",1.5455053562967525,0.5614745689037,6851.147153648528,1,2.597272057652859,1.0517667013561067,"{""type"":""MultiPoint"",""coordinates"":[]}"
"247,9620","247,9620",1.2748058022561093,0.6556817243273828,6807.080700240085,1,1.6508092536487176,0.37600345139260816,"{""type"":""MultiPoint"",""coordinates"":[]}"
"248,9620","248,9620",1.2259268553318714,0.7882586843100766,6763.013737653678,1,1.2479047757907977,0.02197792045892635,"{""type"":""MultiPoint"",""coordinates"":[]}"
"249,9620","249,9620",1.3670198772834403,0.8616317281659743,6718.946270935458,1,1.3670198772834403,0.0,"{""type"":""MultiPoint"",""coordinates"":[]}"
"250,9620","250,9620",0.9611193864910735,0.673515425774674,6674.878312355847,1,0.9611193864910735,0.0,"{""type"":""MultiPoint"",""coordinates"":[]}"
"251,9620","251,9620",0.684556481451784,0.5215023134013602,6630.809847165027,1,0.684556481451784,0.0,"{""type"":""MultiPoint"",""coordinates"":[]}"
"252,9620","252,9620",0.3104348116015133,0.2703589993937784,6586.740885814187,1,0.3104348116015133,0.0,"{""type"":""MultiPoint"",""coordinates"":[]}"
"253,9620","253,9620",0.08971759995879373,0.08591858006674462,6542.671432883975,1,0.08971759995879373,0.0,"{""type"":""MultiPoint"",""coordinates"":[]}"
"254,9620","254,9620",0.07750016887574086,0.07464369972497936,6507.623488941394,1,0.07750016887574086,0.0,"{""type"":""MultiPoint"",""coordinates"":[]}"
"255,9620","255,9620",0.0,0.0,6560.022454267281,0,0.0,0.0,"{""type"":""MultiPoint"",""coordinates"":[]}"
"256,9620","256,9620",0.0,0.0,6621.573277680289,0,0.0,0.0,"{""type"":""MultiPoint"",""coordinates"":[]}"
"257,9620","257,9620",0.0,0.0,6683.124249440837,0,0.0,0.0,"{""type"":""MultiPoint"",""coordinates"":[]}"
"258,9620","258,9620",0.0,0.0,6744.67536530854,0,0.0,0.0,"{""type"":""MultiPoint"",""coordinates"":[]}"
"259,9620","259,9620",0.0,0.0,6806.22662505119,0,0.0,0.0,"{""type"":""MultiPoint"",""coordinates"":[]}"
"260,9620","260,9620",0.0,0.0,6867.7780210414585,0,0.0,0.0,"{""type"":""MultiPoint"",""coordinates"":[]}"
"261,9620","261,9620",0.0,0.0,6929.329549040594,0,0.0,0.0,"{""type"":""MultiPoint"",""coordinates"":[]}"
"262,9620","262,9620",0.0,0.0,6993.157002295881,0,0.0,0.0,"{""type"":""MultiPoint"",""coordinates"":[]}"
"263,9620","263,9620",0.0,0.0,7110.429449762175,0,0.0,0.0,"{""type"":""MultiPoint"",""coordinates"":[]}"
"264,9620","264,9620",0.0,0.0,7231.895983085314,0,0.0,0.0,"{""type"":""MultiPoint"",""coordinates"":[]}"
"265,9620","265,9620",0.0,0.0,7353.362989001619,0,0.0,0.0,"{""type"":""MultiPoint"",""coordinates"":[]}"
"266,9620","266,9620",0.0,0.0,7474.830464115983,0,0.0,0.0,"{""type"":""MultiPoint"",""coordinates"":[]}"
"267,9620","267,9620",0.0,0.0,7596.298390474913,0,0.0,0.0,"{""type"":""MultiPoint"",""coordinates"":[]}"
"268,9620","268,9620",0.0,0.0,7717.766776806395,0,0.0,0.0,"{""type"":""MultiPoint"",""coordinates"":[]}"
"269,9620","269,9620",0.0,0.0,7839.2356144767755,0,0.0,0.0,"{""type"":""MultiPoint"",""coordinates"":[]}"
"270,9620","270,9620",0.0,0.0,7960.704894830757,0,0.0,0.0,"{""type"":""MultiPoint"",""coordinates"":[]}"
"271,9620","271,9620",0.0,0.0,8082.174598237465,0,0.0,0.0,"{""type"":""MultiPoint"",""coordinates"":[]}"
"272,9620","272,9620",0.0,0.0,8203.644739687848,0,0.0,0.0,"{""type"":""MultiPoint"",""coordinates"":[]}"
"273,9620","273,9620",0.0,0.0,8325.115303255543,0,0.0,0.0,"{""type"":""MultiPoint"",""coordinates"":[]}"
"274,9620","274,9620",0.0,0.0,8446.586279682851,0,0.0,0.0,"{""type"":""MultiPoint"",""coordinates"":[]}"
"275,9620","275,9620",0.0,0.0,8568.057685140337,0,0.0,0.0,"{""type"":""MultiPoint"",""coordinates"":[]}"
"276,9620","276,9620",0.0,0.0,8689.529486491358,0,0.0,0.0,"{""type"":""MultiPoint"",""coordinates"":[]}"
"277,9620","277,9620",0.0,0.0,8811.001689453176,0,0.0,0.0,"{""type"":""MultiPoint"",""coordinates"":[]}"
"278,9620","278,9620",0.0,0.0,8932.474279456068,0,0.0,0.0,"{""type"":""MultiPoint"",""coordinates"":[]}"
"279,9620","279,9620",0.0,0.0,9053.947264451566,0,0.0,0.0,"{""type"":""MultiPoint"",""coordinates"":[]}"
"280,9620","280,9620",0.0,0.0,9175.420637192045,0,0.0,0.0,"{""type"":""MultiPoint"",""coordinates"":[]}"
"281,9620","281,9620",0.0,0.0,9296.89437512607,0,0.0,0.0,"{""type"":""MultiPoint"",""coordinates"":[]}"
"282,9620","282,9620",0.0,0.0,9418.3684944957,0,0.0,0.0,"{""type"":""MultiPoint"",""coordinates"":[]}"
"283,9620","283,9620",0.22421810116487986,0.19579024264572117,9539.842964211997,1,0.2609605064556551,0.03674240529077524,"{""type"":""MultiPoint"",""coordinates"":[]}"
"284,9620","284,9620",1.206449865835185,0.6137195527405919,9661.317804875238,1,1.6303428114226668,0.42389294558748186,"{""type"":""MultiPoint"",""coordinates"":[]}"
"285,9620","285,9620",4.844475464728064,1.3869144852378479,9782.792995521775,1,5.457966119943265,0.6134906552152006,"{""type"":""MultiPoint"",""coordinates"":[]}"
"286,9620","286,9620",1.188487706921401,0.668449970151531,9904.268534060766,1,1.437935285417055,0.2494475784956541,"{""type"":""MultiPoint"",""coordinates"":[]}"
"287,9620","287,9620",0.5879422063901001,0.4338823776551013,10025.744404730665,1,0.6702356442604981,0.08229343787039797,"{""type"":""MultiPoint"",""coordinates"":[]}"
"288,9620","288,9620",0.2733538425718881,0.24165424055251133,10147.220614028856,1,0.2733538425718881,0.0,"{""type"":""MultiPoint"",""coordinates"":[]}"
"289,9620","289,9620",0.06576825812191306,0.06369590822829488,10268.697166962977,1,0.06576825812191306,0.0,"{""type"":""MultiPoint"",""coordinates"":[]}"
"290,9620","290,9620",0.0,0.0,10390.174024370852,0,0.0,0.0,"{""type"":""MultiPoint"",""coordinates"":[]}"
"295,9620","295,9620",0.0,0.0,10427.92685789682,0,0.0,0.0,"{""type"":""MultiPoint"",""coordinates"":[]}"
"296,9620","296,9620",0.0,0.0,10358.883801442398,0,0.0,0.0,"{""type"":""MultiPoint"",""coordinates"":[]}"
"297,9620","297,9620",0.0,0.0,10289.840073230698,0,0.0,0.0,"{""type"":""MultiPoint"",""coordinates"":[]}"
"298,9620","298,9620",0.0,0.0,10220.795692838545,0,0.0,0.0,"{""type"":""MultiPoint"",""coordinates"":[]}"
"299,9620","299,9620",0.0,0.0,10151.75065703064,0,0.0,0.0,"{""type"":""MultiPoint"",""coordinates"":[]}"
"300,9620","300,9620",0.0,0.0,10082.70497174242,0,0.0,0.0,"{""type"":""MultiPoint"",""coordinates"":[]}"
"301,9620","301,9620",0.0,0.0,10013.658629261372,0,0.0,0.0,"{""type"":""MultiPoint"",""coordinates"":[]}"
"302,9620","302,9620",0.0,0.0,9944.611639487004,0,0.0,0.0,"{""type"":""MultiPoint"",""coordinates"":[]}"
"303,9620","303,9620",0.0,0.0,9875.564017384295,0,0.0,0.0,"{""type"":""MultiPoint"",""coordinates"":[]}"
"304,9620","304,9620",0.0,0.0,9806.515745812792,0,0.0,0.0,"{""type"":""MultiPoint"",""coordinates"":[]}"
"305,9620","305,9620",0.0,0.0,9737.46683048022,0,0.0,0.0,"{""type"":""MultiPoint"",""coordinates"":[]}"
"306,9620","306,9620",0.0,0.0,9668.417291987376,0,0.0,0.0,"{""type"":""MultiPoint"",""coordinates"":[]}"
"307,9620","307,9620",0.0,0.0,9599.367128875812,0,0.0,0.0,"{""type"":""MultiPoint"",""coordinates"":[]}"
"308,9620","308,9620",0.0,0.0,9530.316335964504,0,0.0,0.0,"{""type"":""MultiPoint"",""coordinates"":[]}"
"309,9620","309,9620",0.0,0.0,9461.26491720658,0,0.0,0.0,"{""type"":""MultiPoint"",""coordinates"":[]}"
"310,9620","310,9620",0.0,0.0,9392.212873151273,0,0.0,0.0,"{""type"":""MultiPoint"",""coordinates"":[]}"
"311,9620","311,9620",-0.010349441421766805,-0.01029625262104356,9323.16021706145,1,0.0,0.010349441421766805,"{""type"":""MultiPoint"",""coordinates"":[]}"
"312,9620","312,9620",0.13155897760421909,0.11769377841686321,9254.106954926885,1,0.18487690693313835,0.05331792932891928,"{""type"":""MultiPoint"",""coordinates"":[]}"
"313,9620","313,9620",0.12613000375001807,0.11423139259426154,9185.053083405717,1,0.1684277655225094,0.042297761772491345,"{""type"":""MultiPoint"",""coordinates"":[]}"
"314,9620","314,9620",0.0,0.0,9112.223708321877,0,0.0,0.0,"{""type"":""MultiPoint"",""coordinates"":[]}"
"315,9620","315,9620",0.03649086978257774,0.03584084415502356,8939.043346591247,1,0.03649086978257774,0.0,"{""type"":""MultiPoint"",""coordinates"":[]}"
"316,9620","316,9620",0.07006595087746013,0.06772028290844892,8765.86192232634,1,0.07006595087746013,0.0,"{""type"":""MultiPoint"",""coordinates"":[]}"
"317,9620","317,9620",0.16876560179133937,0.15594815065794068,8592.679436923376,1,0.16876560179133937,0.0,"{""type"":""MultiPoint"",""coordinates"":[]}"
"318,9620","318,9620",0.296204273627229,0.2594402040491146,8419.495901604618,1,0.296204273627229,0.0,"{""type"":""MultiPoint"",""coordinates"":[]}"
"319,9620","319,9620",0.29065814280040464,0.2451602960133159,8246.311337586005,1,0.33684535962465695,0.046187216824252315,"{""type"":""MultiPoint"",""coordinates"":[]}"
"320,9620","320,9620",0.26606079571153207,0.23239148123539197,8073.125727530367,1,0.2830601669592809,0.016999371247748807,"{""type"":""MultiPoint"",""coordinates"":[]}"
"321,9620","321,9620",0.015934301602503326,0.01580868328843431,7899.939102781463,1,0.015934301602503326,0.0,"{""type"":""MultiPoint"",""coordinates"":[]}"
"322,9620","322,9620",0.0,0.0,7726.751468161,0,0.0,0.0,"{""type"":""MultiPoint"",""coordinates"":[]}"
"323,9620","323,9620",0.0,0.0,7553.562827604302,0,0.0,0.0,"{""type"":""MultiPoint"",""coordinates"":[]}"
"324,9620","324,9620",0.0,0.0,7380.373187665645,0,0.0,0.0,"{""type"":""MultiPoint"",""coordinates"":[]}"
"325,9620","325,9620",0.0,0.0,7207.182557344245,0,0.0,0.0,"{""type"":""MultiPoint"",""coordinates"":[]}"
"326,9620","326,9620",0.0,0.0,7033.99095660574,0,0.0,0.0,"{""type"":""MultiPoint"",""coordinates"":[]}"
"327,9620","327,9620",0.0,0.0,6860.798380232521,0,0.0,0.0,"{""type"":""MultiPoint"",""coordinates"":[]}"
"328,9620","328,9620",0.0,0.0,6687.604836395864,0,0.0,0.0,"{""type"":""MultiPoint"",""coordinates"":[]}"
"329,9620","329,9620",0.0,0.0,6514.410333701502,0,0.0,0.0,"{""type"":""MultiPoint"",""coordinates"":[]}"
"330,9620","330,9620",0.0,0.0,6341.2148905770855,0,0.0,0.0,"{""type"":""MultiPoint"",""coordinates"":[]}"
"331,9620","331,9620",0.0,0.0,6168.018510639566,0,0.0,0.0,"{""type"":""MultiPoint"",""coordinates"":[]}"
"332,9620","332,9620",0.0,0.0,5994.821195658198,0,0.0,0.0,"{""type"":""MultiPoint"",""coordinates"":[]}"
"333,9620","333,9620",0.0,0.0,5821.62296415359,0,0.0,0.0,"{""type"":""MultiPoint"",""coordinates"":[]}"
"334,9620","334,9620",0.09580996271481615,0.09149378180818601,5648.423814055483,1,0.09580996271481615,0.0,"{""type"":""MultiPoint"",""coordinates"":[]}"
"335,9620","335,9620",0.4257861242469847,0.34960231197918296,5475.223759247757,1,0.4431881599345254,0.01740203568754073,"{""type"":""MultiPoint"",""coordinates"":[]}"
"336,9620","336,9620",0.5082706282865451,0.40980469885596904,5302.022816922108,1,0.5117198217994471,0.003449193512901917,"{""type"":""MultiPoint"",""coordinates"":[]}"
"337,9620","337,9620",0.17223751075150218,0.15891432484805848,5128.820985404463,1,0.17223751075150218,0.0,"{""type"":""MultiPoint"",""coordinates"":[]}"
"338,9620","338,9620",0.0,0.0,4956.87947685621,0,0.0,0.0,"{""type"":""MultiPoint"",""coordinates"":[]}"
"339,9620","339,9620",0.0,0.0,4906.682089243738,0,0.0,0.0,"{""type"":""MultiPoint"",""coordinates"":[]}"
"340,9620","340,9620",0.0,0.0,5004.101412453993,0,0.0,0.0,"{""type"":""MultiPoint"",""coordinates"":[]}"
"341,9620","341,9620",0.0,0.0,5108.40932987841,0,0.0,0.0,"{""type"":""MultiPoint"",""coordinates"":[]}"
"342,9620","342,9620",0.0,0.0,5212.717451974869,0,0.0,0.0,"{""type"":""MultiPoint"",""coordinates"":[]}"
"343,9620","343,9620",0.0,0.0,5317.0258086264885,0,0.0,0.0,"{""type"":""MultiPoint"",""coordinates"":[]}"
"344,9620","344,9620",0.0,0.0,5421.334364536126,0,0.0,0.0,"{""type"":""MultiPoint"",""coordinates"":[]}"
"345,9620","345,9620",0.0,0.0,5525.643132310798,0,0.0,0.0,"{""type"":""MultiPoint"",""coordinates"":[]}"
"346,9620","346,9620",0.0,0.0,5629.952107271717,0,0.0,0.0,"{""type"":""MultiPoint"",""coordinates"":[]}"
"347,9620","347,9620",0.0,0.0,5514.564757991729,0,0.0,0.0,"{""type"":""MultiPoint"",""coordinates"":[]}"
"348,9620","348,9620",0.0,0.0,5152.997026423267,0,0.0,0.0,"{""type"":""MultiPoint"",""coordinates"":[]}"
"349,9620","349,9620",0.0,0.0,4791.427777025269,0,0.0,0.0,"{""type"":""MultiPoint"",""coordinates"":[]}"
"350,9620","350,9620",0.0,0.0,4429.85703170435,0,0.0,0.0,"{""type"":""MultiPoint"",""coordinates"":[]}"
"351,9620","351,9620",0.0,0.0,4068.662807699991,0,0.0,0.0,"{""type"":""MultiPoint"",""coordinates"":[]}"
"352,9620","352,9620",0.0,0.0,3836.843164901922,0,0.0,0.0,"{""type"":""MultiPoint"",""coordinates"":[]}"
"353,9620","353,9620",0.08313790547531624,0.07986229645454922,3812.298214381394,1,0.08313790547531624,0.0,"{""type"":""MultiPoint"",""coordinates"":[]}"
"354,9620","354,9620",0.4658014057180227,0.38240212751994745,3809.0645504655317,1,0.4658014057180227,0.0,"{""type"":""MultiPoint"",""coordinates"":[]}"
"355,9620","355,9620",0.2009880588095412,0.18314460034195715,3805.830717314477,1,0.2009880588095412,0.0,"{""type"":""MultiPoint"",""coordinates"":[]}"
"356,9620","356,9620",0.0,0.0,3802.596707788292,0,0.0,0.0,"{""type"":""MultiPoint"",""coordinates"":[]}"
"357,9620","357,9620",0.0,0.0,3799.3625413666923,0,0.0,0.0,"{""type"":""MultiPoint"",""coordinates"":[]}"
"358,9620","358,9620",0.0,0.0,3796.1282054590756,0,0.0,0.0,"{""type"":""MultiPoint"",""coordinates"":[]}"
"359,9620","359,9620",0.0,0.0,3792.8936964176237,0,0.0,0.0,"{""type"":""MultiPoint"",""coordinates"":[]}"
"360,9620","360,9620",0.0,0.0,3789.6590230101824,0,0.0,0.0,"{""type"":""MultiPoint"",""coordinates"":[]}"
"361,9620","361,9620",0.0,0.0,3786.424191297773,0,0.0,0.0,"{""type"":""MultiPoint"",""coordinates"":[]}"
"362,9620","362,9620",0.0,0.0,3783.1891790266814,0,0.0,0.0,"{""type"":""MultiPoint"",""coordinates"":[]}"
"363,9620","363,9620",0.0,0.0,3779.9540036366566,0,0.0,0.0,"{""type"":""MultiPoint"",""coordinates"":[]}"
"364,9620","364,9620",0.0,0.0,3776.718669286564,0,0.0,0.0,"{""type"":""MultiPoint"",""coordinates"":[]}"
"365,9620","365,9620",0.0,0.0,3773.483158386962,0,0.0,0.0,"{""type"":""MultiPoint"",""coordinates"":[]}"
"366,9620","366,9620",0.0,0.0,3770.247481889094,0,0.0,0.0,"{""type"":""MultiPoint"",""coordinates"":[]}"
"367,9620","367,9620",0.0,0.0,3767.011641881179,0,0.0,0.0,"{""type"":""MultiPoint"",""coordinates"":[]}"
"368,9620","368,9620",0.0,0.0,3763.7756397659423,0,0.0,0.0,"{""type"":""MultiPoint"",""coordinates"":[]}"
"369,9620","369,9620",0.0,0.0,3760.539476091466,0,0.0,0.0,"{""type"":""MultiPoint"",""coordinates"":[]}"
"370,9620","370,9620",0.0,0.0,3757.3031337855773,0,0.0,0.0,"{""type"":""MultiPoint"",""coordinates"":[]}"
"371,9620","371,9620",0.0,0.0,3754.066627078552,0,0.0,0.0,"{""type"":""MultiPoint"",""coordinates"":[]}"
"372,9620","372,9620",0.0,0.0,3750.8299639382303,0,0.0,0.0,"{""type"":""MultiPoint"",""coordinates"":[]}"
"373,9620","373,9620",0.0,0.0,3747.593125413192,0,0.0,0.0,"{""type"":""MultiPoint"",""coordinates"":[]}"
"374,9620","374,9620",0.0,0.0,3744.3561238824805,0,0.0,0.0,"{""type"":""MultiPoint"",""coordinates"":[]}"
"375,9620","375,9620",0.0,0.0,3741.118961363013,0,0.0,0.0,"{""type"":""MultiPoint"",""coordinates"":[]}"
"376,9620","376,9620",0.0,0.0,3737.88163335294,0,0.0,0.0,"{""type"":""MultiPoint"",""coordinates"":[]}"
"377,9620","377,9620",0.0,0.0,3734.6441426677547,0,0.0,0.0,"{""type"":""MultiPoint"",""coordinates"":[]}"
"378,9620","378,9620",0.0,0.0,3731.406487128997,0,0.0,0.0,"{""type"":""MultiPoint"",""coordinates"":[]}"
"379,9620","379,9620",0.0,0.0,3728.1686630600793,0,0.0,0.0,"{""type"":""MultiPoint"",""coordinates"":[]}"
"380,9620","380,9620",0.0,0.0,3724.93067996349,0,0.0,0.0,"{""type"":""MultiPoint"",""coordinates"":[]}"
"381,9620","381,9620",0.0,0.0,3721.6925274613723,0,0.0,0.0,"{""type"":""MultiPoint"",""coordinates"":[]}"
"382,9620","382,9620",0.0,0.0,3718.4542140413337,0,0.0,0.0,"{""type"":""MultiPoint"",""coordinates"":[]}"
"383,9620","383,9620",0.0,0.0,3715.215734504727,0,0.0,0.0,"{""type"":""MultiPoint"",""coordinates"":[]}"
"384,9620","384,9620",0.0,0.0,3711.9770939748155,0,0.0,0.0,"{""type"":""MultiPoint"",""coordinates"":[]}"
"385,9620","385,9620",0.0,0.0,3708.7382907099704,0,0.0,0.0,"{""type"":""MultiPoint"",""coordinates"":[]}"
"386,9620","386,9620",0.0,0.0,3705.499324397632,0,0.0,0.0,"{""type"":""MultiPoint"",""coordinates"":[]}"
"387,9620","387,9620",0.0,0.0,3702.2601955443324,0,0.0,0.0,"{""type"":""MultiPoint"",""coordinates"":[]}"
"388,9620","388,9620",0.0,0.0,3699.020900310208,0,0.0,0.0,"{""type"":""MultiPoint"",""coordinates"":[]}"
"389,9620","389,9620",0.0,0.0,3695.7814370855,0,0.0,0.0,"{""type"":""MultiPoint"",""coordinates"":[]}"
"390,9620","390,9620",0.0,0.0,3692.5418286846857,0,0.0,0.0,"{""type"":""MultiPoint"",""coordinates"":[]}"
"391,9620","391,9620",0.0,0.0,3689.3020493533336,0,0.0,0.0,"{""type"":""MultiPoint"",""coordinates"":[]}"
"392,9620","392,9620",0.0,0.0,3686.0621039626176,0,0.0,0.0,"{""type"":""MultiPoint"",""coordinates"":[]}"
"393,9620","393,9620",0.0,0.0,3682.822003879728,0,0.0,0.0,"{""type"":""MultiPoint"",""coordinates"":[]}"
"394,9620","394,9620",0.0,0.0,3679.581730302372,0,0.0,0.0,"{""type"":""MultiPoint"",""coordinates"":[]}"
"395,9620","395,9620",0.0,0.0,3676.3412989956055,0,0.0,0.0,"{""type"":""MultiPoint"",""coordinates"":[]}"
"396,9620","396,9620",0.0,0.0,3673.10071337742,0,0.0,0.0,"{""type"":""MultiPoint"",""coordinates"":[]}"
"397,9620","397,9620",0.0,0.0,3669.8599581889794,0,0.0,0.0,"{""type"":""MultiPoint"",""coordinates"":[]}"
"398,9620","398,9620",0.0,0.0,3666.6190488797415,0,0.0,0.0,"{""type"":""MultiPoint"",""coordinates"":[]}"
"399,9620","399,9620",0.0,0.0,3663.3779660843306,0,0.0,0.0,"{""type"":""MultiPoint"",""coordinates"":[]}"
"400,9620","400,9620",0.0,0.0,3660.1367341681444,0,0.0,0.0,"{""type"":""MultiPoint"",""coordinates"":[]}"
"401,9620","401,9620",0.0,0.0,3656.89533598837,0,0.0,0.0,"{""type"":""MultiPoint"",""coordinates"":[]}"
"402,9620","402,9620",0.0,0.0,3653.6537799320254,0,0.0,0.0,"{""type"":""MultiPoint"",""coordinates"":[]}"
"403,9620","403,9620",0.0,0.0,3325.0751790832205,0,0.0,0.0,"{""type"":""MultiPoint"",""coordinates"":[]}"
"404,9620","404,9620",0.0,0.0,2946.5687264880276,0,0.0,0.0,"{""type"":""MultiPoint"",""coordinates"":[]}"
"405,9620","405,9620",0.0,0.0,2568.0612709564166,0,0.0,0.0,"{""type"":""MultiPoint"",""coordinates"":[]}"
"406,9620","406,9620",0.0,0.0,2189.5528245394767,0,0.0,0.0,"{""type"":""MultiPoint"",""coordinates"":[]}"
"407,9620","407,9620",0.0,0.0,1811.043415377623,0,0.0,0.0,"{""type"":""MultiPoint"",""coordinates"":[]}"
"408,9620","408,9620",0.0,0.0,1432.533037479034,0,0.0,0.0,"{""type"":""MultiPoint"",""coordinates"":[]}"
"409,9620","409,9620",0.0,0.0,1054.0217239533051,0,0.0,0.0,"{""type"":""MultiPoint"",""coordinates"":[]}"
"410,9620","410,9620",0.0,0.0,675.5095018603353,0,0.0,0.0,"{""type"":""MultiPoint"",""coordinates"":[]}"
"411,9620","411,9620",0.0,0.0,296.9963671533445,0,0.0,0.0,"{""type"":""MultiPoint"",""coordinates"":[]}"
"412,9620","412,9620",0.0,0.0,81.51765527985533,0,0.0,0.0,"{""type"":""MultiPoint"",""coordinates"":[]}"
"413,9620","413,9620",0.0,0.0,460.0325445664637,0,0.0,0.0,"{""type"":""MultiPoint"",""coordinates"":[]}"
"414,9620","414,9620",0.0,0.0,838.5482771893793,0,0.0,0.0,"{""type"":""MultiPoint"",""coordinates"":[]}"
"415,9620","415,9620",0.0,0.0,1217.0648542426125,0,0.0,0.0,"{""type"":""MultiPoint"",""coordinates"":[]}"
"416,9620","416,9620",0.0,0.0,1595.582238081217,0,0.0,0.0,"{""type"":""MultiPoint"",""coordinates"":[]}"
"417,9620","417,9620",0.0,0.0,1974.1004180789128,0,0.0,0.0,"{""type"":""MultiPoint"",""coordinates"":[]}"
"418,9620","418,9620",0.0,0.0,2352.61939245355,0,0.0,0.0,"{""type"":""MultiPoint"",""coordinates"":[]}"
"419,9620","419,9620",0.0,0.0,2731.139122837101,0,0.0,0.0,"{""type"":""MultiPoint"",""coordinates"":[]}"
"420,9620","420,9620",0.0,0.0,3109.6596007810585,0,0.0,0.0,"{""type"":""MultiPoint"",""coordinates"":[]}"
"421,9620","421,9620",0.0,0.0,3488.18081225329,0,0.0,0.0,"{""type"":""MultiPoint"",""coordinates"":[]}"
"422,9620","422,9620",0.0,0.0,3866.702734652276,0,0.0,0.0,"{""type"":""MultiPoint"",""coordinates"":[]}"
"423,9620","423,9620",0.08340833048671611,0.08011193341896335,4245.225347834807,1,0.08340833048671611,0.0,"{""type"":""MultiPoint"",""coordinates"":[]}"
"424,9620","424,9620",0.05280022006275103,0.051453490615063206,4628.83595195822,1,0.05280022006275103,0.0,"{""type"":""MultiPoint"",""coordinates"":[]}"
"425,9620","425,9620",0.009482770113863496,0.00940037986664826,5016.369710766152,1,0.013513379244722873,0.0040306091308593755,"{""type"":""MultiPoint"",""coordinates"":[]}"
"426,9620","426,9620",0.3997639844160595,0.33630363984961836,5403.904124737135,1,0.3997639844160595,0.0,"{""type"":""MultiPoint"",""coordinates"":[]}"
"427,9620","427,9620",0.6994992449204059,0.5303336458587928,5791.439192231385,1,0.6994992449204059,0.0,"{""type"":""MultiPoint"",""coordinates"":[]}"
"428,9620","428,9620",0.1865333823566763,0.17103593164890782,6178.974878335154,1,0.1865333823566763,0.0,"{""type"":""MultiPoint"",""coordinates"":[]}"
"429,9620","429,9620",0.013906123113428428,0.013810320127141068,6566.511166460838,1,0.013906123113428428,0.0,"{""type"":""MultiPoint"",""coordinates"":[]}"
"430,9620","430,9620",0.008451497193384536,0.008415983248024183,6924.959316227539,1,0.008451497193384536,0.0,"{""type"":""MultiPoint"",""coordinates"":[]}"
"431,9620","431,9620",0.0,0.0,6433.4646685069165,0,0.0,0.0,"{""type"":""MultiPoint"",""coordinates"":[]}"
"432,9620","432,9620",0.0,0.0,5941.9691026314395,0,0.0,0.0,"{""type"":""MultiPoint"",""coordinates"":[]}"
"433,9620","433,9620",0.0,0.0,5450.4726483033555,0,0.0,0.0,"{""type"":""MultiPoint"",""coordinates"":[]}"
"434,9620","434,9620",0.0,0.0,4958.975316004238,0,0.0,0.0,"{""type"":""MultiPoint"",""coordinates"":[]}"
"435,9620","435,9620",0.0,0.0,4467.47715019546,0,0.0,0.0,"{""type"":""MultiPoint"",""coordinates"":[]}"
"436,9620","436,9620",0.0,0.0,3975.9781464233483,0,0.0,0.0,"{""type"":""MultiPoint"",""coordinates"":[]}"
"437,9620","437,9620",0.0,0.0,3484.4783376798437,0,0.0,0.0,"{""type"":""MultiPoint"",""coordinates"":[]}"
"438,9620","438,9620",0.0,0.0,2992.9777478593305,0,0.0,0.0,"{""type"":""MultiPoint"",""coordinates"":[]}"
"439,9620","439,9620",0.0,0.0,2501.4763976120103,0,0.0,0.0,"{""type"":""MultiPoint"",""coordinates"":[]}"
"440,9620","440,9620",0.05401059021889971,0.05260249771470817,2009.9743013722307,1,0.05401059021889971,0.0,"{""type"":""MultiPoint"",""coordinates"":[]}"
"441,9620","441,9620",0.005863713118636482,0.005597976635307415,1518.4714845361104,1,0.050404687083558344,0.04454097396492186,"{""type"":""MultiPoint"",""coordinates"":[]}"
"442,9620","442,9620",0.026404788018382107,0.025599606316821406,1026.9679661702373,1,0.04471161664978973,0.018306828631407625,"{""type"":""MultiPoint"",""coordinates"":[]}"
"443,9620","443,9620",-0.004817637644948499,-0.00480547164184798,535.4637761833197,1,1.2480846095469693E-4,0.004942446105903196,"{""type"":""MultiPoint"",""coordinates"":[]}"
"444,9620","444,9620",-0.03800467946116002,-0.035344286107528634,43.95892459259638,1,0.056380414049471576,0.0943850935106316,"{""type"":""MultiPoint"",""coordinates"":[]}"
"445,9620","445,9620",0.0014930192600632053,0.0013702152311629856,447.5465600510771,1,0.09037057722259474,0.08887755796253154,"{""type"":""MultiPoint"",""coordinates"":[]}"
"446,9620","446,9620",-0.013506065879576814,-0.013322505432100671,939.0526575667333,1,0.007040184322196949,0.020546250201773763,"{""type"":""MultiPoint"",""coordinates"":[]}"
"447,9620","447,9620",0.0,0.0,1430.5593484069116,0,0.0,0.0,"{""type"":""MultiPoint"",""coordinates"":[]}"
"448,9620","448,9620",0.0,0.0,1922.06660485198,0,0.0,0.0,"{""type"":""MultiPoint"",""coordinates"":[]}"
"449,9620","449,9620",-0.022252004924613947,-0.021015691666640343,2413.5744221536374,1,0.04774106959534001,0.06999307451995396,"{""type"":""MultiPoint"",""coordinates"":[]}"
"450,9620","450,9620",-0.014863264560699446,-0.013348980236412886,2905.0827593460835,1,0.10602310436867898,0.12088636892937843,"{""type"":""MultiPoint"",""coordinates"":[]}"
"451,9620","451,9620",0.0,0.0,3396.5916046720854,0,0.0,0.0,"{""type"":""MultiPoint"",""coordinates"":[]}"
"452,9620","452,9620",0.0,0.0,3888.100933952517,0,0.0,0.0,"{""type"":""MultiPoint"",""coordinates"":[]}"
"453,9620","453,9620",0.0,0.0,4379.61072539674,0,0.0,0.0,"{""type"":""MultiPoint"",""coordinates"":[]}"
"454,9620","454,9620",0.0,0.0,4876.788141462683,0,0.0,0.0,"{""type"":""MultiPoint"",""coordinates"":[]}"
"455,9620","455,9620",0.0,0.0,5475.815184408575,0,0.0,0.0,"{""type"":""MultiPoint"",""coordinates"":[]}"
"456,9620","456,9620",0.0,0.0,6179.609329449303,0,0.0,0.0,"{""type"":""MultiPoint"",""coordinates"":[]}"
"457,9620","457,9620",-0.008121126302802316,-0.008088327412882389,6956.445147154171,1,0.0,0.008121126302802316,"{""type"":""MultiPoint"",""coordinates"":[]}"
"458,9620","458,9620",-0.011429319125096128,-0.011364497898018152,7784.486335866391,1,0.0,0.011429319125096128,"{""type"":""MultiPoint"",""coordinates"":[]}"
"459,9620","459,9620",-0.001610138846233319,-0.0016088439624566515,8649.03857563519,1,0.0,0.001610138846233319,"{""type"":""MultiPoint"",""coordinates"":[]}"
"460,9620","460,9620",0.0,0.0,9540.181003617672,0,0.0,0.0,"{""type"":""MultiPoint"",""coordinates"":[]}"
"461,9620","461,9620",0.0,0.0,10451.114132464643,0,0.0,0.0,"{""type"":""MultiPoint"",""coordinates"":[]}"
"234,9621","234,9621",0.0,0.0,10054.784885874264,0,0.0,0.0,"{""type"":""MultiPoint"",""coordinates"":[]}"
"235,9621","235,9621",0.0,0.0,9274.54485233031,0,0.0,0.0,"{""type"":""MultiPoint"",""coordinates"":[]}"
"236,9621","236,9621",0.42835501601892445,0.35652344367639427,8540.124721369231,1,0.42835501601892445,0.0,"{""type"":""MultiPoint"",""coordinates"":[]}"
"237,9621","237,9621",1.1079549892125904,0.7394400218301753,7864.374378528681,1,1.1200058480372301,0.012050858824639708,"{""type"":""MultiPoint"",""coordinates"":[]}"
"238,9621","238,9621",1.7607804321396339,0.8081105070243547,7263.689203444258,1,2.1765805164701004,0.4158000843304666,"{""type"":""MultiPoint"",""coordinates"":[]}"
"239,9621","239,9621",2.4804935976926643,0.6851403159089612,6758.11724526996,1,4.001191802877357,1.5206982051846925,"{""type"":""MultiPoint"",""coordinates"":[]}"
"240,9621","240,9621",2.970647358731047,0.6898554013079816,6370.345845139638,1,4.960949177611364,1.9903018188803168,"{""type"":""MultiPoint"",""coordinates"":[]}"
"241,9621","241,9621",3.219997757504717,1.0640165218002635,6122.798474251725,1,3.916530427303495,0.6965326697987784,"{""type"":""MultiPoint"",""coordinates"":[]}"
"242,9621","242,9621",2.670689033471966,1.0056757402357808,6028.811263545315,1,3.2110973616985423,0.5404083282265761,"{""type"":""MultiPoint"",""coordinates"":[]}"
"243,9621","243,9621",1.781449492459428,0.665633497911646,5984.740503868926,1,2.665140571047182,0.8836910785877541,"{""type"":""MultiPoint"",""coordinates"":[]}"
"244,9621","244,9621",0.8438969641490508,0.20377443425015374,5940.669258141061,1,3.5775979113843928,2.733700947235342,"{""type"":""MultiPoint"",""coordinates"":[]}"
"245,9621","245,9621",0.6166282257939932,0.11789891072581038,5896.597523894416,1,4.544514561841589,3.9278863360475955,"{""type"":""MultiPoint"",""coordinates"":[]}"
"246,9621","246,9621",1.1499841373464834,0.3329898839988408,5852.525308009667,1,3.060355071335623,1.9103709339891397,"{""type"":""MultiPoint"",""coordinates"":[]}"
"247,9621","247,9621",1.3256700858984094,0.5756481288447405,5808.452604090525,1,2.028997256331248,0.7033271704328388,"{""type"":""MultiPoint"",""coordinates"":[]}"
"248,9621","248,9621",1.5127754628862424,0.7597603329377098,5764.379419195401,1,1.8423795976663293,0.3296041347800869,"{""type"":""MultiPoint"",""coordinates"":[]}"
"249,9621","249,9621",1.6723568221256202,0.8133159969754462,5720.305770663573,1,2.0045146244626664,0.33215780233704606,"{""type"":""MultiPoint"",""coordinates"":[]}"
"250,9621","250,9621",1.4873952872744975,0.9112360935965264,5676.231630702603,1,1.4873952872744975,0.0,"{""type"":""MultiPoint"",""coordinates"":[]}"
"251,9621","251,9621",1.3500336575344953,0.8436121834165822,5632.157021804845,1,1.3691198418444295,0.01908618430993412,"{""type"":""MultiPoint"",""coordinates"":[]}"
"252,9621","252,9621",0.8185337901014902,0.5286723767448203,5588.081937779432,1,0.9934431182292821,0.17490932812779186,"{""type"":""MultiPoint"",""coordinates"":[]}"
"253,9621","253,9621",0.44121228047559163,0.2812097009732193,5544.00639437678,1,0.7999115567232411,0.35869927624764947,"{""type"":""MultiPoint"",""coordinates"":[]}"
"254,9621","254,9621",0.31764106145286714,0.21543383330419563,5508.0237908222125,1,0.6389438246610961,0.321302763208229,"{""type"":""MultiPoint"",""coordinates"":[]}"
"255,9621","255,9621",0.1921959047656726,0.1720682006958396,5562.269651686312,1,0.21582764652147346,0.02363174175580086,"{""type"":""MultiPoint"",""coordinates"":[]}"
"256,9621","256,9621",0.0,0.0,5623.814440525114,0,0.0,0.0,"{""type"":""MultiPoint"",""coordinates"":[]}"
"257,9621","257,9621",0.0,0.0,5685.359396886909,0,0.0,0.0,"{""type"":""MultiPoint"",""coordinates"":[]}"
"258,9621","258,9621",0.0,0.0,5746.904524926223,0,0.0,0.0,"{""type"":""MultiPoint"",""coordinates"":[]}"
"259,9621","259,9621",0.0,0.0,5808.4498198909505,0,0.0,0.0,"{""type"":""MultiPoint"",""coordinates"":[]}"
"260,9621","260,9621",0.0,0.0,5869.995271484383,0,0.0,0.0,"{""type"":""MultiPoint"",""coordinates"":[]}"
"261,9621","261,9621",0.0,0.0,5931.540878924598,0,0.0,0.0,"{""type"":""MultiPoint"",""coordinates"":[]}"
"262,9621","262,9621",0.0,0.0,5997.889617762165,0,0.0,0.0,"{""type"":""MultiPoint"",""coordinates"":[]}"
"263,9621","263,9621",0.0,0.0,6118.138018126367,0,0.0,0.0,"{""type"":""MultiPoint"",""coordinates"":[]}"
"264,9621","264,9621",0.0,0.0,6239.598728454168,0,0.0,0.0,"{""type"":""MultiPoint"",""coordinates"":[]}"
"265,9621","265,9621",0.0,0.0,6361.059930929007,0,0.0,0.0,"{""type"":""MultiPoint"",""coordinates"":[]}"
"266,9621","266,9621",0.0,0.0,6482.521627015336,0,0.0,0.0,"{""type"":""MultiPoint"",""coordinates"":[]}"
"267,9621","267,9621",0.0,0.0,6603.983810829953,0,0.0,0.0,"{""type"":""MultiPoint"",""coordinates"":[]}"
"268,9621","268,9621",0.0,0.0,6725.446465985357,0,0.0,0.0,"{""type"":""MultiPoint"",""coordinates"":[]}"
"269,9621","269,9621",0.0,0.0,6846.909598887884,0,0.0,0.0,"{""type"":""MultiPoint"",""coordinates"":[]}"
"270,9621","270,9621",0.0,0.0,6968.373190184399,0,0.0,0.0,"{""type"":""MultiPoint"",""coordinates"":[]}"
"271,9621","271,9621",0.0,0.0,7089.8372517854905,0,0.0,0.0,"{""type"":""MultiPoint"",""coordinates"":[]}"
"272,9621","272,9621",0.0,0.0,7211.301758439983,0,0.0,0.0,"{""type"":""MultiPoint"",""coordinates"":[]}"
"273,9621","273,9621",0.0,0.0,7332.766717687415,0,0.0,0.0,"{""type"":""MultiPoint"",""coordinates"":[]}"
"274,9621","274,9621",0.0,0.0,7454.232124353288,0,0.0,0.0,"{""type"":""MultiPoint"",""coordinates"":[]}"
"275,9621","275,9621",0.0,0.0,7575.69795493039,0,0.0,0.0,"{""type"":""MultiPoint"",""coordinates"":[]}"
"276,9621","276,9621",0.0,0.0,7697.16421710972,0,0.0,0.0,"{""type"":""MultiPoint"",""coordinates"":[]}"
"277,9621","277,9621",0.0,0.0,7818.630906397605,0,0.0,0.0,"{""type"":""MultiPoint"",""coordinates"":[]}"
"278,9621","278,9621",0.0,0.0,7940.098018225639,0,0.0,0.0,"{""type"":""MultiPoint"",""coordinates"":[]}"
"279,9621","279,9621",0.0,0.0,8061.565539694894,0,0.0,0.0,"{""type"":""MultiPoint"",""coordinates"":[]}"
"280,9621","280,9621",0.0,0.0,8183.033463114,0,0.0,0.0,"{""type"":""MultiPoint"",""coordinates"":[]}"
"281,9621","281,9621",0.0,0.0,8304.501801540748,0,0.0,0.0,"{""type"":""MultiPoint"",""coordinates"":[]}"
"282,9621","282,9621",0.0,0.0,8425.97051858423,0,0.0,0.0,"{""type"":""MultiPoint"",""coordinates"":[]}"
"283,9621","283,9621",0.26912344342344785,0.2295613379919232,8547.439638671032,1,0.3120434082996305,0.042919964876182645,"{""type"":""MultiPoint"",""coordinates"":[]}"
"284,9621","284,9621",1.1239202345631827,0.5500218917418235,8668.90913608676,1,1.6566272942212286,0.5327070596580459,"{""type"":""MultiPoint"",""coordinates"":[]}"
"285,9621","285,9621",2.6524987231605746,0.906596866466112,8790.379007590353,1,3.449727746490133,0.7972290233295584,"{""type"":""MultiPoint"",""coordinates"":[]}"
"286,9621","286,9621",0.6169739261257523,0.3622954825443257,8911.849247350327,1,1.0300314019742085,0.41305747584845626,"{""type"":""MultiPoint"",""coordinates"":[]}"
"287,9621","287,9621",0.3555783311879337,0.27352435272366965,9033.319861472683,1,0.4858718569614084,0.13029352577347472,"{""type"":""MultiPoint"",""coordinates"":[]}"
"288,9621","288,9621",0.1974301079925068,0.1801776836664457,9154.790829741693,1,0.1974301079925068,0.0,"{""type"":""MultiPoint"",""coordinates"":[]}"
"289,9621","289,9621",0.04330453558479759,0.04239311382710608,9276.262142423004,1,0.04330453558479759,0.0,"{""type"":""MultiPoint"",""coordinates"":[]}"
"290,9621","290,9621",0.0,0.0,9397.733806691096,0,0.0,0.0,"{""type"":""MultiPoint"",""coordinates"":[]}"
"291,9621","291,9621",0.0,0.0,9519.205818154407,0,0.0,0.0,"{""type"":""MultiPoint"",""coordinates"":[]}"
"292,9621","292,9621",0.0,0.0,9637.582287752399,0,0.0,0.0,"{""type"":""MultiPoint"",""coordinates"":[]}"
"293,9621","293,9621",0.0,0.0,9568.53614831337,0,0.0,0.0,"{""type"":""MultiPoint"",""coordinates"":[]}"
"294,9621","294,9621",0.0,0.0,9499.489366305837,0,0.0,0.0,"{""type"":""MultiPoint"",""coordinates"":[]}"
"295,9621","295,9621",0.0,0.0,9430.44193364335,0,0.0,0.0,"{""type"":""MultiPoint"",""coordinates"":[]}"
"296,9621","296,9621",0.0,0.0,9361.39385890172,0,0.0,0.0,"{""type"":""MultiPoint"",""coordinates"":[]}"
"297,9621","297,9621",0.014945503819060306,0.01483492023368719,9292.345149697765,1,0.014945503819060306,0.0,"{""type"":""MultiPoint"",""coordinates"":[]}"
"298,9621","298,9621",0.28255620928227443,0.2488551250027821,9223.295802906205,1,0.28255620928227443,0.0,"{""type"":""MultiPoint"",""coordinates"":[]}"
"299,9621","299,9621",0.2619355066209777,0.232646658709341,9154.245819260652,1,0.2619355066209777,0.0,"{""type"":""MultiPoint"",""coordinates"":[]}"
"300,9621","300,9621",0.0681758080166226,0.06595234123833849,9085.195208951716,1,0.0681758080166226,0.0,"{""type"":""MultiPoint"",""coordinates"":[]}"
"301,9621","301,9621",0.0,0.0,9016.143975763829,0,0.0,0.0,"{""type"":""MultiPoint"",""coordinates"":[]}"
"302,9621","302,9621",0.0,0.0,8947.09212229957,0,0.0,0.0,"{""type"":""MultiPoint"",""coordinates"":[]}"
"303,9621","303,9621",0.0,0.0,8878.039641835163,0,0.0,0.0,"{""type"":""MultiPoint"",""coordinates"":[]}"
"304,9621","304,9621",0.0,0.0,8808.986552182752,0,0.0,0.0,"{""type"":""MultiPoint"",""coordinates"":[]}"
"305,9621","305,9621",0.0,0.0,8739.932851994512,0,0.0,0.0,"{""type"":""MultiPoint"",""coordinates"":[]}"
"306,9621","306,9621",0.0,0.0,8670.878543566956,0,0.0,0.0,"{""type"":""MultiPoint"",""coordinates"":[]}"
"307,9621","307,9621",0.0,0.0,8601.823623961156,0,0.0,0.0,"{""type"":""MultiPoint"",""coordinates"":[]}"
"308,9621","308,9621",0.0,0.0,8532.768105620524,0,0.0,0.0,"{""type"":""MultiPoint"",""coordinates"":[]}"
"309,9621","309,9621",0.0,0.0,8463.711991331933,0,0.0,0.0,"{""type"":""MultiPoint"",""coordinates"":[]}"
"310,9621","310,9621",0.0,0.0,8394.655284169887,0,0.0,0.0,"{""type"":""MultiPoint"",""coordinates"":[]}"
"311,9621","311,9621",-0.0440046500562176,-0.04306394352736446,8325.597977537274,1,0.0,0.0440046500562176,"{""type"":""MultiPoint"",""coordinates"":[]}"
"312,9621","312,9621",-0.004072161469741098,-0.002793527563978493,8256.5400879179,1,0.4556778757848014,0.4597500372545425,"{""type"":""MultiPoint"",""coordinates"":[]}"
"313,9621","313,9621",0.19138121402706582,0.12674445273280388,8187.481607012113,1,0.6076884852039217,0.4163072711768559,"{""type"":""MultiPoint"",""coordinates"":[]}"
"314,9621","314,9621",0.010457437473400513,0.009748327369961271,8118.422550449079,1,0.07797893428493859,0.06752149681153807,"{""type"":""MultiPoint"",""coordinates"":[]}"
"315,9621","315,9621",0.12318653660271205,0.11616976757468468,7954.184205759484,1,0.12318653660271205,0.0,"{""type"":""MultiPoint"",""coordinates"":[]}"
"316,9621","316,9621",0.5599024116896503,0.44462326269550084,7780.998336286465,1,0.5599024116896503,0.0,"{""type"":""MultiPoint"",""coordinates"":[]}"
"317,9621","317,9621",0.5366716574735957,0.4296188161487931,7607.811432282848,1,0.5366716574735957,0.0,"{""type"":""MultiPoint"",""coordinates"":[]}"
"318,9621","318,9621",0.3243866646617217,0.2809494576744824,7434.623505418908,1,0.3243866646617217,0.0,"{""type"":""MultiPoint"",""coordinates"":[]}"
"319,9621","319,9621",-0.07328698696104458,-0.057322930403641975,7261.43456587339,1,0.24219995131866834,0.3154869382797129,"{""type"":""MultiPoint"",""coordinates"":[]}"
"320,9621","320,9621",0.42995807958100934,0.33116428333963804,7088.244622882828,1,0.5251455900598397,0.09518751047883041,"{""type"":""MultiPoint"",""coordinates"":[]}"
"321,9621","321,9621",0.026674882762956247,0.026325310976543104,6915.0536804895455,1,0.026674882762956247,0.0,"{""type"":""MultiPoint"",""coordinates"":[]}"
"322,9621","322,9621",0.0,0.0,6741.861738846473,0,0.0,0.0,"{""type"":""MultiPoint"",""coordinates"":[]}"
"323,9621","323,9621",0.0,0.0,6568.668824189857,0,0.0,0.0,"{""type"":""MultiPoint"",""coordinates"":[]}"
"324,9621","324,9621",0.0,0.0,6395.474931254349,0,0.0,0.0,"{""type"":""MultiPoint"",""coordinates"":[]}"
"325,9621","325,9621",0.0,0.0,6222.280079929401,0,0.0,0.0,"{""type"":""MultiPoint"",""coordinates"":[]}"
"326,9621","326,9621",0.0,0.0,6049.084266806912,0,0.0,0.0,"{""type"":""MultiPoint"",""coordinates"":[]}"
"327,9621","327,9621",0.0,0.0,5875.887501875692,0,0.0,0.0,"{""type"":""MultiPoint"",""coordinates"":[]}"
"328,9621","328,9621",0.0,0.0,5702.689805757725,0,0.0,0.0,"{""type"":""MultiPoint"",""coordinates"":[]}"
"329,9621","329,9621",0.0,0.0,5529.4911712289095,0,0.0,0.0,"{""type"":""MultiPoint"",""coordinates"":[]}"
"330,9621","330,9621",0.0,0.0,5356.291616576814,0,0.0,0.0,"{""type"":""MultiPoint"",""coordinates"":[]}"
"331,9621","331,9621",0.0,0.0,5183.091149963862,0,0.0,0.0,"{""type"":""MultiPoint"",""coordinates"":[]}"
"332,9621","332,9621",0.0,0.0,5009.889778261078,0,0.0,0.0,"{""type"":""MultiPoint"",""coordinates"":[]}"
"333,9621","333,9621",0.010293332351589937,0.01024071675798095,4836.687499340086,1,0.010293332351589937,0.0,"{""type"":""MultiPoint"",""coordinates"":[]}"
"334,9621","334,9621",0.2826132594212277,0.24718963271600353,4663.48434358001,1,0.2904277695725634,0.007814510151335639,"{""type"":""MultiPoint"",""coordinates"":[]}"
"335,9621","335,9621",0.6841060618857202,0.45153982555694694,4490.280300529453,1,0.8827591780828287,0.19865311619710843,"{""type"":""MultiPoint"",""coordinates"":[]}"
"336,9621","336,9621",0.9096913386314904,0.5730852628822721,4317.075379722738,1,1.0854116936966982,0.17572035506520778,"{""type"":""MultiPoint"",""coordinates"":[]}"
"337,9621","337,9621",0.4223349734451877,0.3503296905001935,4143.869597470574,1,0.4290078170342397,0.006672843589051946,"{""type"":""MultiPoint"",""coordinates"":[]}"
"338,9621","338,9621",0.0,0.0,3970.662967006838,0,0.0,0.0,"{""type"":""MultiPoint"",""coordinates"":[]}"
"339,9621","339,9621",0.0,0.0,3908.2755057511345,0,0.0,0.0,"{""type"":""MultiPoint"",""coordinates"":[]}"
"340,9621","340,9621",0.0,0.0,4009.4808319267827,0,0.0,0.0,"{""type"":""MultiPoint"",""coordinates"":[]}"
"341,9621","341,9621",0.0,0.0,4113.784803963236,0,0.0,0.0,"{""type"":""MultiPoint"",""coordinates"":[]}"
"342,9621","342,9621",0.0,0.0,4218.089030299907,0,0.0,0.0,"{""type"":""MultiPoint"",""coordinates"":[]}"
"343,9621","343,9621",0.0,0.0,4322.393489790585,0,0.0,0.0,"{""type"":""MultiPoint"",""coordinates"":[]}"
"344,9621","344,9621",0.0,0.0,4426.698196725032,0,0.0,0.0,"{""type"":""MultiPoint"",""coordinates"":[]}"
"345,9621","345,9621",0.0,0.0,4531.003124387224,0,0.0,0.0,"{""type"":""MultiPoint"",""coordinates"":[]}"
"346,9621","346,9621",0.0,0.0,4635.308290001349,0,0.0,0.0,"{""type"":""MultiPoint"",""coordinates"":[]}"
"347,9621","347,9621",0.0,0.0,4582.100935086694,0,0.0,0.0,"{""type"":""MultiPoint"",""coordinates"":[]}"
"348,9621","348,9621",0.0,0.0,4220.529758633794,0,0.0,0.0,"{""type"":""MultiPoint"",""coordinates"":[]}"
"349,9621","349,9621",0.0,0.0,3858.957082851653,0,0.0,0.0,"{""type"":""MultiPoint"",""coordinates"":[]}"
"350,9621","350,9621",0.0,0.0,3497.382931698626,0,0.0,0.0,"{""type"":""MultiPoint"",""coordinates"":[]}"
"351,9621","351,9621",0.0,0.0,3135.8073028526655,0,0.0,0.0,"{""type"":""MultiPoint"",""coordinates"":[]}"
"352,9621","352,9621",0.0,0.0,2844.6935273425065,0,0.0,0.0,"{""type"":""MultiPoint"",""coordinates"":[]}"
"353,9621","353,9621",0.13816729492734495,0.12941933274431192,2812.180120471201,1,0.13816729492734495,0.0,"{""type"":""MultiPoint"",""coordinates"":[]}"
"354,9621","354,9621",0.14208121806334909,0.132852227849761,2808.9428376237347,1,0.14208121806334909,0.0,"{""type"":""MultiPoint"",""coordinates"":[]}"
"355,9621","355,9621",0.05419282039102765,0.05277537493487077,2805.7054080510716,1,0.05419282039102765,0.0,"{""type"":""MultiPoint"",""coordinates"":[]}"
"356,9621","356,9621",0.0,0.0,2802.467844873912,0,0.0,0.0,"{""type"":""MultiPoint"",""coordinates"":[]}"
"357,9621","357,9621",0.0,0.0,2799.2301376199475,0,0.0,0.0,"{""type"":""MultiPoint"",""coordinates"":[]}"
"358,9621","358,9621",0.0,0.0,2795.9922818613454,0,0.0,0.0,"{""type"":""MultiPoint"",""coordinates"":[]}"
"359,9621","359,9621",0.0,0.0,2792.7542801451705,0,0.0,0.0,"{""type"":""MultiPoint"",""coordinates"":[]}"
"360,9621","360,9621",0.0,0.0,2789.5161399260955,0,0.0,0.0,"{""type"":""MultiPoint"",""coordinates"":[]}"
"361,9621","361,9621",0.0,0.0,2786.2778579228425,0,0.0,0.0,"{""type"":""MultiPoint"",""coordinates"":[]}"
"362,9621","362,9621",0.0,0.0,2783.0394339778054,0,0.0,0.0,"{""type"":""MultiPoint"",""coordinates"":[]}"
"363,9621","363,9621",0.0,0.0,2779.80087258262,0,0.0,0.0,"{""type"":""MultiPoint"",""coordinates"":[]}"
"364,9621","364,9621",0.0,0.0,2776.5621623551438,0,0.0,0.0,"{""type"":""MultiPoint"",""coordinates"":[]}"
"365,9621","365,9621",0.0,0.0,2773.323309450948,0,0.0,0.0,"{""type"":""MultiPoint"",""coordinates"":[]}"
"366,9621","366,9621",0.0,0.0,2770.0843221621376,0,0.0,0.0,"{""type"":""MultiPoint"",""coordinates"":[]}"
"367,9621","367,9621",0.0,0.0,2766.845189767368,0,0.0,0.0,"{""type"":""MultiPoint"",""coordinates"":[]}"
"368,9621","368,9621",0.0,0.0,2763.6059146603066,0,0.0,0.0,"{""type"":""MultiPoint"",""coordinates"":[]}"
"369,9621","369,9621",0.0,0.0,2760.3664950720154,0,0.0,0.0,"{""type"":""MultiPoint"",""coordinates"":[]}"
"370,9621","370,9621",0.0,0.0,2757.1269398608943,0,0.0,0.0,"{""type"":""MultiPoint"",""coordinates"":[]}"
"371,9621","371,9621",0.0,0.0,2753.8872491329357,0,0.0,0.0,"{""type"":""MultiPoint"",""coordinates"":[]}"
"372,9621","372,9621",0.0,0.0,2750.647406726909,0,0.0,0.0,"{""type"":""MultiPoint"",""coordinates"":[]}"
"373,9621","373,9621",0.0,0.0,2747.407433103331,0,0.0,0.0,"{""type"":""MultiPoint"",""coordinates"":[]}"
"374,9621","374,9621",0.0,0.0,2744.167315616932,0,0.0,0.0,"{""type"":""MultiPoint"",""coordinates"":[]}"
"375,9621","375,9621",0.0,0.0,2740.9270497094044,0,0.0,0.0,"{""type"":""MultiPoint"",""coordinates"":[]}"
"376,9621","376,9621",0.0,0.0,2737.6866507790774,0,0.0,0.0,"{""type"":""MultiPoint"",""coordinates"":[]}"
"377,9621","377,9621",0.0,0.0,2734.4461188173336,0,0.0,0.0,"{""type"":""MultiPoint"",""coordinates"":[]}"
"378,9621","378,9621",0.0,0.0,2731.2054393167314,0,0.0,0.0,"{""type"":""MultiPoint"",""coordinates"":[]}"
"379,9621","379,9621",0.0,0.0,2727.964620010642,0,0.0,0.0,"{""type"":""MultiPoint"",""coordinates"":[]}"
"380,9621","380,9621",0.0,0.0,2724.723655228757,0,0.0,0.0,"{""type"":""MultiPoint"",""coordinates"":[]}"
"381,9621","381,9621",0.0,0.0,2721.482567116568,0,0.0,0.0,"{""type"":""MultiPoint"",""coordinates"":[]}"
"382,9621","382,9621",0.0,0.0,2718.241328612106,0,0.0,0.0,"{""type"":""MultiPoint"",""coordinates"":[]}"
"383,9621","383,9621",0.0,0.0,2714.999949801058,0,0.0,0.0,"{""type"":""MultiPoint"",""coordinates"":[]}"
"384,9621","384,9621",0.0,0.0,2711.7584345777714,0,0.0,0.0,"{""type"":""MultiPoint"",""coordinates"":[]}"
"385,9621","385,9621",0.0,0.0,2708.5167849013574,0,0.0,0.0,"{""type"":""MultiPoint"",""coordinates"":[]}"
"386,9621","386,9621",0.0,0.0,2705.274995349592,0,0.0,0.0,"{""type"":""MultiPoint"",""coordinates"":[]}"
"387,9621","387,9621",0.0,0.0,2702.0330625665556,0,0.0,0.0,"{""type"":""MultiPoint"",""coordinates"":[]}"
"388,9621","388,9621",0.0,0.0,2698.790998316463,0,0.0,0.0,"{""type"":""MultiPoint"",""coordinates"":[]}"
"389,9621","389,9621",0.0,0.0,2695.5487969844103,0,0.0,0.0,"{""type"":""MultiPoint"",""coordinates"":[]}"
"390,9621","390,9621",0.0,0.0,2692.306447161268,0,0.0,0.0,"{""type"":""MultiPoint"",""coordinates"":[]}"
"391,9621","391,9621",0.0,0.0,2689.063967069447,0,0.0,0.0,"{""type"":""MultiPoint"",""coordinates"":[]}"
"392,9621","392,9621",0.0,0.0,2685.821352256867,0,0.0,0.0,"{""type"":""MultiPoint"",""coordinates"":[]}"
"393,9621","393,9621",0.0,0.0,2682.5785924323955,0,0.0,0.0,"{""type"":""MultiPoint"",""coordinates"":[]}"
"394,9621","394,9621",0.0,0.0,2679.335708881573,0,0.0,0.0,"{""type"":""MultiPoint"",""coordinates"":[]}"
"395,9621","395,9621",0.0,0.0,2676.092680761546,0,0.0,0.0,"{""type"":""MultiPoint"",""coordinates"":[]}"
"396,9621","396,9621",0.0,0.0,2672.849508137837,0,0.0,0.0,"{""type"":""MultiPoint"",""coordinates"":[]}"
"397,9621","397,9621",0.0,0.0,2669.606209486586,0,0.0,0.0,"{""type"":""MultiPoint"",""coordinates"":[]}"
"398,9621","398,9621",0.0,0.0,2666.3627644232693,0,0.0,0.0,"{""type"":""MultiPoint"",""coordinates"":[]}"
"399,9621","399,9621",0.0,0.0,2663.119189512003,0,0.0,0.0,"{""type"":""MultiPoint"",""coordinates"":[]}"
"400,9621","400,9621",0.0,0.0,2659.875472171564,0,0.0,0.0,"{""type"":""MultiPoint"",""coordinates"":[]}"
"401,9621","401,9621",0.0,0.0,2656.6316274565606,0,0.0,0.0,"{""type"":""MultiPoint"",""coordinates"":[]}"
"402,9621","402,9621",0.0,0.0,2653.387646203413,0,0.0,0.0,"{""type"":""MultiPoint"",""coordinates"":[]}"
"403,9621","403,9621",0.0,0.0,2399.1702097575353,0,0.0,0.0,"{""type"":""MultiPoint"",""coordinates"":[]}"
"404,9621","404,9621",0.0,0.0,2020.6616067072005,0,0.0,0.0,"{""type"":""MultiPoint"",""coordinates"":[]}"
"405,9621","405,9621",0.0,0.0,1642.1520117442606,0,0.0,0.0,"{""type"":""MultiPoint"",""coordinates"":[]}"
"406,9621","406,9621",0.0,0.0,1263.641448432944,0,0.0,0.0,"{""type"":""MultiPoint"",""coordinates"":[]}"
"407,9621","407,9621",0.0,0.0,885.1299269355618,0,0.0,0.0,"{""type"":""MultiPoint"",""coordinates"":[]}"
"408,9621","408,9621",0.0,0.0,506.61748198423624,0,0.0,0.0,"{""type"":""MultiPoint"",""coordinates"":[]}"
"409,9621","409,9621",0.0,0.0,128.10411253985987,0,0.0,0.0,"{""type"":""MultiPoint"",""coordinates"":[]}"
"410,9621","410,9621",0.0,0.0,250.4101713422321,0,0.0,0.0,"{""type"":""MultiPoint"",""coordinates"":[]}"
"411,9621","411,9621",0.0,0.0,628.9253168820869,0,0.0,0.0,"{""type"":""MultiPoint"",""coordinates"":[]}"
"412,9621","412,9621",0.0,0.0,1007.4413347477844,0,0.0,0.0,"{""type"":""MultiPoint"",""coordinates"":[]}"
"413,9621","413,9621",0.0,0.0,1385.9582030493032,0,0.0,0.0,"{""type"":""MultiPoint"",""coordinates"":[]}"
"414,9621","414,9621",0.0,0.0,1764.47590319192,0,0.0,0.0,"{""type"":""MultiPoint"",""coordinates"":[]}"
"415,9621","415,9621",0.0,0.0,2142.994412651475,0,0.0,0.0,"{""type"":""MultiPoint"",""coordinates"":[]}"
"416,9621","416,9621",0.0,0.0,2521.5137285674477,0,0.0,0.0,"{""type"":""MultiPoint"",""coordinates"":[]}"
"417,9621","417,9621",0.0,0.0,2900.033812836079,0,0.0,0.0,"{""type"":""MultiPoint"",""coordinates"":[]}"
"418,9621","418,9621",0.0,0.0,3278.554669256213,0,0.0,0.0,"{""type"":""MultiPoint"",""coordinates"":[]}"
"419,9621","419,9621",0.0,0.0,3657.076258743723,0,0.0,0.0,"{""type"":""MultiPoint"",""coordinates"":[]}"
"420,9621","420,9621",0.0,0.0,4035.598581670694,0,0.0,0.0,"{""type"":""MultiPoint"",""coordinates"":[]}"
"421,9621","421,9621",0.0,0.0,4414.121606335032,0,0.0,0.0,"{""type"":""MultiPoint"",""coordinates"":[]}"
"422,9621","422,9621",0.0,0.0,4792.645332045722,0,0.0,0.0,"{""type"":""MultiPoint"",""coordinates"":[]}"
"423,9621","423,9621",0.03777566608248663,0.03707964007830525,5171.169724876579,1,0.03777566608248663,0.0,"{""type"":""MultiPoint"",""coordinates"":[]}"
"424,9621","424,9621",0.10525319913768362,0.10007444821238906,5551.047985808969,1,0.10525319913768362,0.0,"{""type"":""MultiPoint"",""coordinates"":[]}"
"425,9621","425,9621",-0.08945167971970586,-0.08560103596693652,5938.583486562764,1,8.95790176754014E-4,0.09034746989645986,"{""type"":""MultiPoint"",""coordinates"":[]}"
"426,9621","426,9621",0.1281172102643854,0.12055005748646931,6326.119629907619,1,0.1281172102643854,0.0,"{""type"":""MultiPoint"",""coordinates"":[]}"
"427,9621","427,9621",0.11784057735988886,0.1113987682859223,6713.656386559165,1,0.11784057735988886,0.0,"{""type"":""MultiPoint"",""coordinates"":[]}"
"428,9621","428,9621",0.23357847605972257,0.20991927560379633,7101.193748274229,1,0.23357847605972257,0.0,"{""type"":""MultiPoint"",""coordinates"":[]}"
"429,9621","429,9621",0.4750497897432033,0.38869174498017434,7488.731702173873,1,0.4750497897432033,0.0,"{""type"":""MultiPoint"",""coordinates"":[]}"
"430,9621","430,9621",0.38263277130489365,0.3239894869133152,7796.235977285819,1,0.38263277130489365,0.0,"{""type"":""MultiPoint"",""coordinates"":[]}"
"431,9621","431,9621",0.10917954046161282,0.1036205892788867,7304.742761463171,1,0.10917954046161282,0.0,"{""type"":""MultiPoint"",""coordinates"":[]}"
"432,9621","432,9621",0.0,0.0,6813.248619501626,0,0.0,0.0,"{""type"":""MultiPoint"",""coordinates"":[]}"
"433,9621","433,9621",0.0,0.0,6321.753570983457,0,0.0,0.0,"{""type"":""MultiPoint"",""coordinates"":[]}"
"434,9621","434,9621",0.0,0.0,5830.25764038618,0,0.0,0.0,"{""type"":""MultiPoint"",""coordinates"":[]}"
"435,9621","435,9621",0.0,0.0,5338.760836357935,0,0.0,0.0,"{""type"":""MultiPoint"",""coordinates"":[]}"
"436,9621","436,9621",0.0,0.0,4847.263189745203,0,0.0,0.0,"{""type"":""MultiPoint"",""coordinates"":[]}"
"437,9621","437,9621",0.0,0.0,4355.764726356261,0,0.0,0.0,"{""type"":""MultiPoint"",""coordinates"":[]}"
"438,9621","438,9621",0.0,0.0,3864.2654560404276,0,0.0,0.0,"{""type"":""MultiPoint"",""coordinates"":[]}"
"439,9621","439,9621",0.0,0.0,3372.7654074191505,0,0.0,0.0,"{""type"":""MultiPoint"",""coordinates"":[]}"
"440,9621","440,9621",0.0,0.0,2881.264601637263,0,0.0,0.0,"{""type"":""MultiPoint"",""coordinates"":[]}"
"441,9621","441,9621",0.0,0.0,2389.7630598024016,0,0.0,0.0,"{""type"":""MultiPoint"",""coordinates"":[]}"
"442,9621","442,9621",0.0,0.0,1898.260802468877,0,0.0,0.0,"{""type"":""MultiPoint"",""coordinates"":[]}"
"443,9621","443,9621",-0.07891602275463251,-0.07567489549031423,1406.7578427858869,1,0.003869227873973358,0.08278525062860587,"{""type"":""MultiPoint"",""coordinates"":[]}"
"444,9621","444,9621",-0.44637733064178325,-0.27187322936386976,915.254226164814,1,0.42877041434600355,0.8751477449877868,"{""type"":""MultiPoint"",""coordinates"":[]}"
"445,9621","445,9621",-0.3022242705469156,-0.17001458085196453,423.7499524068242,1,0.6308050403694907,0.9330293109164063,"{""type"":""MultiPoint"",""coordinates"":[]}"
"446,9621","446,9621",0.08383941066081395,0.07584235887558803,67.75495649851598,1,0.14789261439279336,0.06405320373197941,"{""type"":""MultiPoint"",""coordinates"":[]}"
"447,9621","447,9621",0.0,0.0,559.2604748006997,0,0.0,0.0,"{""type"":""MultiPoint"",""coordinates"":[]}"
"448,9621","448,9621",0.0,0.0,1050.7665816857748,0,0.0,0.0,"{""type"":""MultiPoint"",""coordinates"":[]}"
"449,9621","449,9621",-0.02023529279833681,-0.019759518282961675,1542.2732410137403,1,0.013993918003436336,0.034229210801773144,"{""type"":""MultiPoint"",""coordinates"":[]}"
"450,9621","450,9621",0.07389026339794451,0.07127715992750203,2033.780451147687,1,0.07404514670473986,1.5488330679535358E-4,"{""type"":""MultiPoint"",""coordinates"":[]}"
"451,9621","451,9621",0.2739737255130699,0.2421409333211872,2525.288194759988,1,0.2739737255130699,0.0,"{""type"":""MultiPoint"",""coordinates"":[]}"
"452,9621","452,9621",0.29691353157544753,0.2599872350898813,3016.796428622901,1,0.29691353157544753,0.0,"{""type"":""MultiPoint"",""coordinates"":[]}"
"453,9621","453,9621",0.15766724004195284,0.1464069803790079,3508.305151222409,1,0.15766724004195284,0.0,"{""type"":""MultiPoint"",""coordinates"":[]}"
"454,9621","454,9621",0.06695428847247718,0.06480813023271996,4065.4984543957967,1,0.06695428847247718,0.0,"{""type"":""MultiPoint"",""coordinates"":[]}"
"455,9621","455,9621",0.28820182864482585,0.2532473146645206,4767.578123537579,1,0.28820182864482585,0.0,"{""type"":""MultiPoint"",""coordinates"":[]}"
"456,9621","456,9621",0.11275776550237493,0.10674992043095634,5561.731375673263,1,0.11366138690755956,9.03621405184626E-4,"{""type"":""MultiPoint"",""coordinates"":[]}"
"457,9621","457,9621",0.04001288367092763,0.03846017108229492,6413.847775337228,1,0.06050664313946962,0.02049375946854199,"{""type"":""MultiPoint"",""coordinates"":[]}"
"458,9621","458,9621",0.08309855255385155,0.07935618606511298,7303.667876874767,1,0.08925785282363843,0.006159300269786877,"{""type"":""MultiPoint"",""coordinates"":[]}"
"459,9621","459,9621",0.0,0.0,8218.95502944747,0,0.0,0.0,"{""type"":""MultiPoint"",""coordinates"":[]}"
"460,9621","460,9621",0.0960303972147794,0.09169492282624218,9152.071821124322,1,0.0960303972147794,0.0,"{""type"":""MultiPoint"",""coordinates"":[]}"
"461,9621","461,9621",0.16954182224418116,0.15661206719293097,10098.076991659073,1,0.16954182224418116,0.0,"{""type"":""MultiPoint"",""coordinates"":[]}"
"233,9622","233,9622",0.00453812174556396,0.004527855518948387,10349.799055623618,1,0.00453812174556396,0.0,"{""type"":""MultiPoint"",""coordinates"":[]}"
"234,9622","234,9622",0.1368101237929714,0.12822620327919573,9488.872168393098,1,0.1368101237929714,0.0,"{""type"":""MultiPoint"",""coordinates"":[]}"
"235,9622","235,9622",0.2997970151115362,0.26220811005413014,8657.774974102615,1,0.2997970151115362,0.0,"{""type"":""MultiPoint"",""coordinates"":[]}"
"236,9622","236,9622",0.7636527369632182,0.567387077072941,7865.97109099266,1,0.7636527369632182,0.0,"{""type"":""MultiPoint"",""coordinates"":[]}"
"237,9622","237,9622",1.3890278487665955,0.795035560075771,7126.572760083757,1,1.532712713298548,0.14368486453195253,"{""type"":""MultiPoint"",""coordinates"":[]}"
"238,9622","238,9622",2.038518406517003,0.7843128407777353,6457.609659410282,1,2.7502631560004134,0.7117447494834106,"{""type"":""MultiPoint"",""coordinates"":[]}"
"239,9622","239,9622",2.203132094831937,0.5559272668338988,5883.161231607275,1,4.166095472288017,1.96296337745608,"{""type"":""MultiPoint"",""coordinates"":[]}"
"240,9622","240,9622",2.5215941013641734,0.6331819639419527,5433.291155570658,1,4.375384909435384,1.8537908080712107,"{""type"":""MultiPoint"",""coordinates"":[]}"
"241,9622","241,9622",3.481208209563228,1.0875449234561794,5140.810269753368,1,4.251031244649857,0.7698230350866289,"{""type"":""MultiPoint"",""coordinates"":[]}"
"242,9622","242,9622",3.3043496076825387,1.0362069682962125,5030.214919036858,1,4.121417877743547,0.8170682700610085,"{""type"":""MultiPoint"",""coordinates"":[]}"
"243,9622","243,9622",1.939727210159441,0.5941918915644946,4986.137822111555,1,3.3298300821032734,1.3901028719438324,"{""type"":""MultiPoint"",""coordinates"":[]}"
"244,9622","244,9622",0.4994593917504382,0.09635443367382646,4942.060251427275,1,4.4373036907291645,3.9378442989787263,"{""type"":""MultiPoint"",""coordinates"":[]}"
"245,9622","245,9622",-1.0369418737919718,-0.12857359854110628,4897.982229037448,1,6.557603628227586,7.594545502019558,"{""type"":""MultiPoint"",""coordinates"":[]}"
"246,9622","246,9622",0.7663269226524534,0.13296204725960203,4853.903732329358,1,5.155153221508904,4.388826298856451,"{""type"":""MultiPoint"",""coordinates"":[]}"
"247,9622","247,9622",2.1185626059235214,0.6327574722422837,4809.824790775436,1,3.5183974103707345,1.399834804447213,"{""type"":""MultiPoint"",""coordinates"":[]}"
"248,9622","248,9622",2.3330989156246593,0.8597278826332092,4765.745395233154,1,3.045442817147926,0.7123439015232671,"{""type"":""MultiPoint"",""coordinates"":[]}"
"249,9622","249,9622",1.9659466651515065,0.7782283547210993,4721.665534016115,1,2.635383215521136,0.6694365503696296,"{""type"":""MultiPoint"",""coordinates"":[]}"
"250,9622","250,9622",1.9079409984187183,0.8181247383105306,4677.585222130915,1,2.4147105591928857,0.5067695607741672,"{""type"":""MultiPoint"",""coordinates"":[]}"
"251,9622","251,9622",2.170094433814695,0.889619809641786,4633.504474998132,1,2.6831946705710394,0.5131002367563443,"{""type"":""MultiPoint"",""coordinates"":[]}"
"252,9622","252,9622",1.0414879540398065,0.45353869756201404,4589.423271750793,1,1.856332237534576,0.8148442834947696,"{""type"":""MultiPoint"",""coordinates"":[]}"
"253,9622","253,9622",-2.246380788414446,-0.5324350186853406,4545.341622183478,1,2.1950831482671704,4.441463936681616,"{""type"":""MultiPoint"",""coordinates"":[]}"
"254,9622","254,9622",0.00508029044490943,0.002111413660127126,4508.443239776648,1,1.4086495818544738,1.4035692914095643,"{""type"":""MultiPoint"",""coordinates"":[]}"
"255,9622","255,9622",0.48545349746534255,0.31567041667921086,4564.516480341079,1,0.7933250648314004,0.30787156736605786,"{""type"":""MultiPoint"",""coordinates"":[]}"
"256,9622","256,9622",0.17638954423265915,0.14517795700027838,4626.055229808665,1,0.30531648495425917,0.12892694072160002,"{""type"":""MultiPoint"",""coordinates"":[]}"
"257,9622","257,9622",0.0,0.0,4687.594175243688,0,0.0,0.0,"{""type"":""MultiPoint"",""coordinates"":[]}"
"258,9622","258,9622",0.03532637555034268,0.03471671570451897,4749.133315487826,1,0.03532637555034268,0.0,"{""type"":""MultiPoint"",""coordinates"":[]}"
"259,9622","259,9622",0.04582881152476889,0.0448096921387904,4810.672639184075,1,0.04582881152476889,0.0,"{""type"":""MultiPoint"",""coordinates"":[]}"
"260,9622","260,9622",0.0,0.0,4872.2121540951275,0,0.0,0.0,"{""type"":""MultiPoint"",""coordinates"":[]}"
"261,9622","261,9622",0.0,0.0,4933.751853317738,0,0.0,0.0,"{""type"":""MultiPoint"",""coordinates"":[]}"
"262,9622","262,9622",0.0,0.0,5004.385190755145,0,0.0,0.0,"{""type"":""MultiPoint"",""coordinates"":[]}"
"263,9622","263,9622",0.0,0.0,5125.845875878218,0,0.0,0.0,"{""type"":""MultiPoint"",""coordinates"":[]}"
"264,9622","264,9622",0.0,0.0,5247.300770000999,0,0.0,0.0,"{""type"":""MultiPoint"",""coordinates"":[]}"
"265,9622","265,9622",0.0,0.0,5368.756176923596,0,0.0,0.0,"{""type"":""MultiPoint"",""coordinates"":[]}"
"266,9622","266,9622",0.0,0.0,5490.212098860465,0,0.0,0.0,"{""type"":""MultiPoint"",""coordinates"":[]}"
"267,9622","267,9622",0.0,0.0,5611.668528968391,0,0.0,0.0,"{""type"":""MultiPoint"",""coordinates"":[]}"
"268,9622","268,9622",0.0,0.0,5733.125458810696,0,0.0,0.0,"{""type"":""MultiPoint"",""coordinates"":[]}"
"269,9622","269,9622",0.0,0.0,5854.582885999451,0,0.0,0.0,"{""type"":""MultiPoint"",""coordinates"":[]}"
"270,9622","270,9622",0.0,0.0,5976.040808943154,0,0.0,0.0,"{""type"":""MultiPoint"",""coordinates"":[]}"
"271,9622","271,9622",0.0,0.0,6097.499206615561,0,0.0,0.0,"{""type"":""MultiPoint"",""coordinates"":[]}"
"272,9622","272,9622",0.0,0.0,6218.9580884903535,0,0.0,0.0,"{""type"":""MultiPoint"",""coordinates"":[]}"
"273,9622","273,9622",0.0,0.0,6340.417445782266,0,0.0,0.0,"{""type"":""MultiPoint"",""coordinates"":[]}"
"274,9622","274,9622",0.0,0.0,6461.877256656548,0,0.0,0.0,"{""type"":""MultiPoint"",""coordinates"":[]}"
"275,9622","275,9622",0.0,0.0,6583.337541874111,0,0.0,0.0,"{""type"":""MultiPoint"",""coordinates"":[]}"
"276,9622","276,9622",0.0,0.0,6704.798278862207,0,0.0,0.0,"{""type"":""MultiPoint"",""coordinates"":[]}"
"277,9622","277,9622",0.0,0.0,6826.259467917908,0,0.0,0.0,"{""type"":""MultiPoint"",""coordinates"":[]}"
"278,9622","278,9622",0.0,0.0,6947.721087708452,0,0.0,0.0,"{""type"":""MultiPoint"",""coordinates"":[]}"
"279,9622","279,9622",0.0,0.0,7069.183147930793,0,0.0,0.0,"{""type"":""MultiPoint"",""coordinates"":[]}"
"280,9622","280,9622",0.0,0.0,7190.645645933745,0,0.0,0.0,"{""type"":""MultiPoint"",""coordinates"":[]}"
"281,9622","281,9622",0.0,0.0,7312.108563255618,0,0.0,0.0,"{""type"":""MultiPoint"",""coordinates"":[]}"
"282,9622","282,9622",0.0,0.0,7433.571900773761,0,0.0,0.0,"{""type"":""MultiPoint"",""coordinates"":[]}"
"283,9622","283,9622",0.021238526048725604,0.0209447411667869,7555.035648102509,1,0.024682998044850083,0.0034444719961244778,"{""type"":""MultiPoint"",""coordinates"":[]}"
"284,9622","284,9622",0.12634257624249254,0.10835140020416834,7676.499801293413,1,0.2303565506296753,0.10401397438718277,"{""type"":""MultiPoint"",""coordinates"":[]}"
"285,9622","285,9622",0.28792404641546276,0.2219287957229953,7797.964361629031,1,0.4466538265589672,0.15872978014350445,"{""type"":""MultiPoint"",""coordinates"":[]}"
"286,9622","286,9622",0.18287972035165317,0.16182835409905588,7919.429318888579,1,0.22398958010383913,0.04110985975218594,"{""type"":""MultiPoint"",""coordinates"":[]}"
"287,9622","287,9622",0.016470342415637496,0.01615171204102185,8040.894657701979,1,0.027984683487127744,0.011514341071490247,"{""type"":""MultiPoint"",""coordinates"":[]}"
"288,9622","288,9622",0.0,0.0,8162.360381186303,0,0.0,0.0,"{""type"":""MultiPoint"",""coordinates"":[]}"
"289,9622","289,9622",0.0,0.0,8283.826488250217,0,0.0,0.0,"{""type"":""MultiPoint"",""coordinates"":[]}"
"290,9622","290,9622",0.0,0.0,8405.292971224257,0,0.0,0.0,"{""type"":""MultiPoint"",""coordinates"":[]}"
"291,9622","291,9622",0.0,0.0,8526.759806745655,0,0.0,0.0,"{""type"":""MultiPoint"",""coordinates"":[]}"
"292,9622","292,9622",0.0,0.0,8640.112911268101,0,0.0,0.0,"{""type"":""MultiPoint"",""coordinates"":[]}"
"293,9622","293,9622",0.0,0.0,8571.06169119504,0,0.0,0.0,"{""type"":""MultiPoint"",""coordinates"":[]}"
"294,9622","294,9622",0.0,0.0,8502.009835256746,0,0.0,0.0,"{""type"":""MultiPoint"",""coordinates"":[]}"
"295,9622","295,9622",0.0,0.0,8432.957356882154,0,0.0,0.0,"{""type"":""MultiPoint"",""coordinates"":[]}"
"296,9622","296,9622",0.0,0.0,8363.904272572589,0,0.0,0.0,"{""type"":""MultiPoint"",""coordinates"":[]}"
"297,9622","297,9622",0.0285746848139921,0.028174042753066383,8294.850568398193,1,0.0285746848139921,0.0,"{""type"":""MultiPoint"",""coordinates"":[]}"
"298,9622","298,9622",0.343167479201235,0.2871637196139137,8225.79624659464,1,0.3748083784694039,0.03164089926816885,"{""type"":""MultiPoint"",""coordinates"":[]}"
"299,9622","299,9622",0.5269510055843153,0.42075245691945873,8156.74133066698,1,0.5342990377171319,0.007348032132816701,"{""type"":""MultiPoint"",""coordinates"":[]}"
"300,9622","300,9622",0.21083987425145218,0.19131422977667037,8087.685799845357,1,0.21083987425145218,0.0,"{""type"":""MultiPoint"",""coordinates"":[]}"
"301,9622","301,9622",0.0,0.0,8018.629664385656,0,0.0,0.0,"{""type"":""MultiPoint"",""coordinates"":[]}"
"302,9622","302,9622",0.0,0.0,7949.572936816117,0,0.0,0.0,"{""type"":""MultiPoint"",""coordinates"":[]}"
"303,9622","303,9622",0.0,0.0,7880.5156129010265,0,0.0,0.0,"{""type"":""MultiPoint"",""coordinates"":[]}"
"304,9622","304,9622",0.0,0.0,7811.4576995344905,0,0.0,0.0,"{""type"":""MultiPoint"",""coordinates"":[]}"
"305,9622","305,9622",0.0,0.0,7742.3992002255845,0,0.0,0.0,"{""type"":""MultiPoint"",""coordinates"":[]}"
"306,9622","306,9622",0.0,0.0,7673.340113547422,0,0.0,0.0,"{""type"":""MultiPoint"",""coordinates"":[]}"
"307,9622","307,9622",0.0,0.0,7604.280455175323,0,0.0,0.0,"{""type"":""MultiPoint"",""coordinates"":[]}"
"308,9622","308,9622",0.0,0.0,7535.220208885671,0,0.0,0.0,"{""type"":""MultiPoint"",""coordinates"":[]}"
"309,9622","309,9622",0.0,0.0,7466.15939417588,0,0.0,0.0,"{""type"":""MultiPoint"",""coordinates"":[]}"
"310,9622","310,9622",0.0,0.0,7397.09800585213,0,0.0,0.0,"{""type"":""MultiPoint"",""coordinates"":[]}"
"311,9622","311,9622",0.0,0.0,7328.036056658762,0,0.0,0.0,"{""type"":""MultiPoint"",""coordinates"":[]}"
"312,9622","312,9622",0.046556732196309736,0.03541056481475158,7258.973540231169,1,0.33818529176283374,0.291628559566524,"{""type"":""MultiPoint"",""coordinates"":[]}"
"313,9622","313,9622",0.2929593753324796,0.18352865727254136,7189.9104679516595,1,0.7472172799992234,0.45425790466674376,"{""type"":""MultiPoint"",""coordinates"":[]}"
"314,9622","314,9622",0.021304836871793548,0.0192792682764681,7120.846830005856,1,0.1157512459473009,0.09444640907550735,"{""type"":""MultiPoint"",""coordinates"":[]}"
"315,9622","315,9622",0.08253824795047712,0.07930851324996831,6969.32584831713,1,0.08253824795047712,0.0,"{""type"":""MultiPoint"",""coordinates"":[]}"
"316,9622","316,9622",0.7410218840290975,0.544480614850137,6796.135534282484,1,0.7649388344704645,0.02391695044136701,"{""type"":""MultiPoint"",""coordinates"":[]}"
"317,9622","317,9622",0.9971630471633253,0.6468959689139168,6622.944212379428,1,1.0934234895865533,0.09626044242322804,"{""type"":""MultiPoint"",""coordinates"":[]}"
"318,9622","318,9622",0.5890932117094827,0.4411799728873902,6449.7518875871365,1,0.6514020284323379,0.062308816722855175,"{""type"":""MultiPoint"",""coordinates"":[]}"
"319,9622","319,9622",0.13493131037287565,0.12066525175406392,6276.558577199725,1,0.1870505108778152,0.05211920050493958,"{""type"":""MultiPoint"",""coordinates"":[]}"
"320,9622","320,9622",0.1465221589488935,0.13519024244292804,6103.364273655504,1,0.15873327409131927,0.012211115142425765,"{""type"":""MultiPoint"",""coordinates"":[]}"
"321,9622","321,9622",0.0,0.0,5930.169002265403,0,0.0,0.0,"{""type"":""MultiPoint"",""coordinates"":[]}"
"322,9622","322,9622",0.0,0.0,5756.972770298087,0,0.0,0.0,"{""type"":""MultiPoint"",""coordinates"":[]}"
"323,9622","323,9622",0.0,0.0,5583.775564822307,0,0.0,0.0,"{""type"":""MultiPoint"",""coordinates"":[]}"
"324,9622","324,9622",0.0,0.0,5410.577419219492,0,0.0,0.0,"{""type"":""MultiPoint"",""coordinates"":[]}"
"325,9622","325,9622",0.0,0.0,5237.378332436224,0,0.0,0.0,"{""type"":""MultiPoint"",""coordinates"":[]}"
"326,9622","326,9622",0.0,0.0,5064.178305760533,0,0.0,0.0,"{""type"":""MultiPoint"",""coordinates"":[]}"
"327,9622","327,9622",0.0,0.0,4890.977363633709,0,0.0,0.0,"{""type"":""MultiPoint"",""coordinates"":[]}"
"328,9622","328,9622",0.0,0.0,4717.775505672451,0,0.0,0.0,"{""type"":""MultiPoint"",""coordinates"":[]}"
"329,9622","329,9622",0.0,0.0,4544.572737598208,0,0.0,0.0,"{""type"":""MultiPoint"",""coordinates"":[]}"
"330,9622","330,9622",0.03357498609161994,0.03302365299060553,4371.369069257609,1,0.03357498609161994,0.0,"{""type"":""MultiPoint"",""coordinates"":[]}"
"331,9622","331,9622",0.07593443507515497,0.07318952593802115,4198.164501559984,1,0.07593443507515497,0.0,"{""type"":""MultiPoint"",""coordinates"":[]}"
"332,9622","332,9622",0.08150077591918432,0.07795033888033169,4024.959060645276,1,0.08682717486589085,0.00532639894670653,"{""type"":""MultiPoint"",""coordinates"":[]}"
"333,9622","333,9622",0.09454805104324977,0.08169211408563136,3851.7527465236194,1,0.2052882058279855,0.11074015478473571,"{""type"":""MultiPoint"",""coordinates"":[]}"
"334,9622","334,9622",0.4094991541077361,0.31291902494111623,3678.545565891629,1,0.5240530912551291,0.11455393714739302,"{""type"":""MultiPoint"",""coordinates"":[]}"
"335,9622","335,9622",0.7721109070036918,0.438167635763414,3505.337529282481,1,1.1762943529613215,0.4041834459576297,"{""type"":""MultiPoint"",""coordinates"":[]}"
"336,9622","336,9622",1.0470611240255505,0.5513943995164576,3332.128644132682,1,1.4703336738764423,0.4232725498508917,"{""type"":""MultiPoint"",""coordinates"":[]}"
"337,9622","337,9622",0.6423065397531201,0.46672730694859443,3158.918918967252,1,0.7222372022495693,0.0799306624964492,"{""type"":""MultiPoint"",""coordinates"":[]}"
"338,9622","338,9622",0.07350284628525466,0.07092698974003485,2985.7083563282977,1,0.07350284628525466,0.0,"{""type"":""MultiPoint"",""coordinates"":[]}"
"339,9622","339,9622",0.0,0.0,2911.0108366934683,0,0.0,0.0,"{""type"":""MultiPoint"",""coordinates"":[]}"
"340,9622","340,9622",0.0,0.0,3014.859842276162,0,0.0,0.0,"{""type"":""MultiPoint"",""coordinates"":[]}"
"341,9622","341,9622",0.0,0.0,3119.159881382012,0,0.0,0.0,"{""type"":""MultiPoint"",""coordinates"":[]}"
"342,9622","342,9622",0.0,0.0,3223.4601949445905,0,0.0,0.0,"{""type"":""MultiPoint"",""coordinates"":[]}"
"343,9622","343,9622",0.0,0.0,3327.7607762071257,0,0.0,0.0,"{""type"":""MultiPoint"",""coordinates"":[]}"
"344,9622","344,9622",0.0,0.0,3432.0616135611863,0,0.0,0.0,"{""type"":""MultiPoint"",""coordinates"":[]}"
"345,9622","345,9622",0.0,0.0,3536.362711964358,0,0.0,0.0,"{""type"":""MultiPoint"",""coordinates"":[]}"
"346,9622","346,9622",0.0,0.0,3640.6640614594426,0,0.0,0.0,"{""type"":""MultiPoint"",""coordinates"":[]}"
"347,9622","347,9622",0.0,0.0,3649.638456750341,0,0.0,0.0,"{""type"":""MultiPoint"",""coordinates"":[]}"
"348,9622","348,9622",0.0,0.0,3288.0638267481145,0,0.0,0.0,"{""type"":""MultiPoint"",""coordinates"":[]}"
"349,9622","349,9622",0.0,0.0,2926.4877132216307,0,0.0,0.0,"{""type"":""MultiPoint"",""coordinates"":[]}"
"350,9622","350,9622",0.0,0.0,2564.910141131523,0,0.0,0.0,"{""type"":""MultiPoint"",""coordinates"":[]}"
"351,9622","351,9622",0.06798017180639587,0.06576917464130952,2203.331124970061,1,0.06798017180639587,0.0,"{""type"":""MultiPoint"",""coordinates"":[]}"
"352,9622","352,9622",0.386092056108398,0.32648831711072507,1861.0961662294194,1,0.386092056108398,0.0,"{""type"":""MultiPoint"",""coordinates"":[]}"
"353,9622","353,9622",0.6052044872752208,0.4732511548684795,1812.062032353035,1,0.6052044872752208,0.0,"{""type"":""MultiPoint"",""coordinates"":[]}"
"354,9622","354,9622",0.2440339322006386,0.21835927063360186,1808.8211360079408,1,0.2440339322006386,0.0,"{""type"":""MultiPoint"",""coordinates"":[]}"
"355,9622","355,9622",0.11346712876732681,0.10747868663951277,1805.5801257281269,1,0.11346712876732681,0.0,"{""type"":""MultiPoint"",""coordinates"":[]}"
"356,9622","356,9622",0.03132198720327686,0.03084146200331861,1802.338989492298,1,0.03132198720327686,0.0,"{""type"":""MultiPoint"",""coordinates"":[]}"
"357,9622","357,9622",0.0,0.0,1799.0977321279247,0,0.0,0.0,"{""type"":""MultiPoint"",""coordinates"":[]}"
"358,9622","358,9622",0.0,0.0,1795.856363531037,0,0.0,0.0,"{""type"":""MultiPoint"",""coordinates"":[]}"
"359,9622","359,9622",0.0,0.0,1792.614879384154,0,0.0,0.0,"{""type"":""MultiPoint"",""coordinates"":[]}"
"360,9622","360,9622",0.0,0.0,1789.3732772334495,0,0.0,0.0,"{""type"":""MultiPoint"",""coordinates"":[]}"
"361,9622","361,9622",0.0,0.0,1786.1315533561703,0,0.0,0.0,"{""type"":""MultiPoint"",""coordinates"":[]}"
"362,9622","362,9622",0.0,0.0,1782.8897107474634,0,0.0,0.0,"{""type"":""MultiPoint"",""coordinates"":[]}"
"363,9622","363,9622",0.0,0.0,1779.6477485359844,0,0.0,0.0,"{""type"":""MultiPoint"",""coordinates"":[]}"
"364,9622","364,9622",0.0,0.0,1776.4056757712624,0,0.0,0.0,"{""type"":""MultiPoint"",""coordinates"":[]}"
"365,9622","365,9622",0.0,0.0,1773.1634777463732,0,0.0,0.0,"{""type"":""MultiPoint"",""coordinates"":[]}"
"366,9622","366,9622",0.0,0.0,1769.9211699201987,0,0.0,0.0,"{""type"":""MultiPoint"",""coordinates"":[]}"
"367,9622","367,9622",0.0,0.0,1766.678746396858,0,0.0,0.0,"{""type"":""MultiPoint"",""coordinates"":[]}"
"368,9622","368,9622",0.0,0.0,1763.43619889992,0,0.0,0.0,"{""type"":""MultiPoint"",""coordinates"":[]}"
"369,9622","369,9622",0.0,0.0,1760.1935402793401,0,0.0,0.0,"{""type"":""MultiPoint"",""coordinates"":[]}"
"370,9622","370,9622",0.0,0.0,1756.9507668634,0,0.0,0.0,"{""type"":""MultiPoint"",""coordinates"":[]}"
"371,9622","371,9622",0.0,0.0,1753.707871900147,0,0.0,0.0,"{""type"":""MultiPoint"",""coordinates"":[]}"
"372,9622","372,9622",0.0,0.0,1750.4648640991563,0,0.0,0.0,"{""type"":""MultiPoint"",""coordinates"":[]}"
"373,9622","373,9622",0.0,0.0,1747.2217398266919,0,0.0,0.0,"{""type"":""MultiPoint"",""coordinates"":[]}"
"374,9622","374,9622",0.0,0.0,1743.9785024228672,0,0.0,0.0,"{""type"":""MultiPoint"",""coordinates"":[]}"
"375,9622","375,9622",0.0,0.0,1740.7351491052862,0,0.0,0.0,"{""type"":""MultiPoint"",""coordinates"":[]}"
"376,9622","376,9622",0.0,0.0,1737.4916833509644,0,0.0,0.0,"{""type"":""MultiPoint"",""coordinates"":[]}"
"377,9622","377,9622",0.0,0.0,1734.248090636149,0,0.0,0.0,"{""type"":""MultiPoint"",""coordinates"":[]}"
"378,9622","378,9622",0.0,0.0,1731.0043936458842,0,0.0,0.0,"{""type"":""MultiPoint"",""coordinates"":[]}"
"379,9622","379,9622",0.0,0.0,1727.7605781006575,0,0.0,0.0,"{""type"":""MultiPoint"",""coordinates"":[]}"
"380,9622","380,9622",0.0,0.0,1724.5166503349717,0,0.0,0.0,"{""type"":""MultiPoint"",""coordinates"":[]}"
"381,9622","381,9622",0.0,0.0,1721.2726012907312,0,0.0,0.0,"{""type"":""MultiPoint"",""coordinates"":[]}"
"382,9622","382,9622",0.0,0.0,1718.0284371851872,0,0.0,0.0,"{""type"":""MultiPoint"",""coordinates"":[]}"
"383,9622","383,9622",0.0,0.0,1714.7841716526925,0,0.0,0.0,"{""type"":""MultiPoint"",""coordinates"":[]}"
"384,9622","384,9622",0.0,0.0,1711.5397922157267,0,0.0,0.0,"{""type"":""MultiPoint"",""coordinates"":[]}"
"385,9622","385,9622",0.0,0.0,1708.2952859006418,0,0.0,0.0,"{""type"":""MultiPoint"",""coordinates"":[]}"
"386,9622","386,9622",0.0,0.0,1705.05067153821,0,0.0,0.0,"{""type"":""MultiPoint"",""coordinates"":[]}"
"387,9622","387,9622",0.0,0.0,1701.8059448942586,0,0.0,0.0,"{""type"":""MultiPoint"",""coordinates"":[]}"
"388,9622","388,9622",0.0,0.0,1698.561102604362,0,0.0,0.0,"{""type"":""MultiPoint"",""coordinates"":[]}"
"389,9622","389,9622",0.0,0.0,1695.3161509932868,0,0.0,0.0,"{""type"":""MultiPoint"",""coordinates"":[]}"
"390,9622","390,9622",0.0,0.0,1692.071087975536,0,0.0,0.0,"{""type"":""MultiPoint"",""coordinates"":[]}"
"391,9622","391,9622",0.0,0.0,1688.8259092397782,0,0.0,0.0,"{""type"":""MultiPoint"",""coordinates"":[]}"
"392,9622","392,9622",0.0,0.0,1685.5806117370214,0,0.0,0.0,"{""type"":""MultiPoint"",""coordinates"":[]}"
"393,9622","393,9622",0.0,0.0,1682.3352033553824,0,0.0,0.0,"{""type"":""MultiPoint"",""coordinates"":[]}"
"394,9622","394,9622",0.0,0.0,1679.0896838077163,0,0.0,0.0,"{""type"":""MultiPoint"",""coordinates"":[]}"
"395,9622","395,9622",0.0,0.0,1675.844055443894,0,0.0,0.0,"{""type"":""MultiPoint"",""coordinates"":[]}"
"396,9622","396,9622",0.0,0.0,1672.5983139717948,0,0.0,0.0,"{""type"":""MultiPoint"",""coordinates"":[]}"
"397,9622","397,9622",0.0,0.0,1669.3524569688982,0,0.0,0.0,"{""type"":""MultiPoint"",""coordinates"":[]}"
"398,9622","398,9622",0.0,0.0,1666.106499229933,0,0.0,0.0,"{""type"":""MultiPoint"",""coordinates"":[]}"
"399,9622","399,9622",0.0,0.0,1662.8604229568366,0,0.0,0.0,"{""type"":""MultiPoint"",""coordinates"":[]}"
"400,9622","400,9622",0.0,0.0,1659.614234567573,0,0.0,0.0,"{""type"":""MultiPoint"",""coordinates"":[]}"
"401,9622","401,9622",0.0,0.0,1656.3679318360375,0,0.0,0.0,"{""type"":""MultiPoint"",""coordinates"":[]}"
"402,9622","402,9622",0.0,0.0,1653.1215176754229,0,0.0,0.0,"{""type"":""MultiPoint"",""coordinates"":[]}"
"403,9622","403,9622",0.0,0.0,1473.2661241020896,0,0.0,0.0,"{""type"":""MultiPoint"",""coordinates"":[]}"
"404,9622","404,9622",0.0,0.0,1094.755353127636,0,0.0,0.0,"{""type"":""MultiPoint"",""coordinates"":[]}"
"405,9622","405,9622",0.0,0.0,716.2436126399788,0,0.0,0.0,"{""type"":""MultiPoint"",""coordinates"":[]}"
"406,9622","406,9622",0.0,0.0,337.7309205636161,0,0.0,0.0,"{""type"":""MultiPoint"",""coordinates"":[]}"
"407,9622","407,9622",0.0,0.0,40.78269154147782,0,0.0,0.0,"{""type"":""MultiPoint"",""coordinates"":[]}"
"408,9622","408,9622",0.0,0.0,419.2972322710295,0,0.0,0.0,"{""type"":""MultiPoint"",""coordinates"":[]}"
"409,9622","409,9622",0.0,0.0,797.8126738943162,0,0.0,0.0,"{""type"":""MultiPoint"",""coordinates"":[]}"
"410,9622","410,9622",0.0,0.0,1176.3289882647655,0,0.0,0.0,"{""type"":""MultiPoint"",""coordinates"":[]}"
"411,9622","411,9622",0.0,0.0,1554.8461668669515,0,0.0,0.0,"{""type"":""MultiPoint"",""coordinates"":[]}"
"412,9622","412,9622",0.0,0.0,1933.3641951200464,0,0.0,0.0,"{""type"":""MultiPoint"",""coordinates"":[]}"
"413,9622","413,9622",0.0,0.0,2311.8830538121433,0,0.0,0.0,"{""type"":""MultiPoint"",""coordinates"":[]}"
"414,9622","414,9622",0.0,0.0,2690.402720954879,0,0.0,0.0,"{""type"":""MultiPoint"",""coordinates"":[]}"
"415,9622","415,9622",0.0,0.0,3068.9231867510352,0,0.0,0.0,"{""type"":""MultiPoint"",""coordinates"":[]}"
"416,9622","416,9622",0.0,0.0,3447.444426348024,0,0.0,0.0,"{""type"":""MultiPoint"",""coordinates"":[]}"
"417,9622","417,9622",0.0,0.0,3825.966417740323,0,0.0,0.0,"{""type"":""MultiPoint"",""coordinates"":[]}"
"418,9622","418,9622",0.0,0.0,4204.489158746042,0,0.0,0.0,"{""type"":""MultiPoint"",""coordinates"":[]}"
"419,9622","419,9622",0.024393305976864597,0.024100540742484602,4583.0126225310605,1,0.024393305976864597,0.0,"{""type"":""MultiPoint"",""coordinates"":[]}"
"420,9622","420,9622",0.3341820001071711,0.2883183700518977,4961.536796613633,1,0.3341820001071711,0.0,"{""type"":""MultiPoint"",""coordinates"":[]}"
"421,9622","421,9622",0.2556852758557159,0.2276814600984613,5340.061659595054,1,0.2556852758557159,0.0,"{""type"":""MultiPoint"",""coordinates"":[]}"
"422,9622","422,9622",0.019905016320119873,0.01970950170534215,5718.58719100956,1,0.019905016320119873,0.0,"{""type"":""MultiPoint"",""coordinates"":[]}"
"423,9622","423,9622",0.047024434024322,0.04595226879309498,6097.113386924404,1,0.047024434024322,0.0,"{""type"":""MultiPoint"",""coordinates"":[]}"
"424,9622","424,9622",0.06309812572545496,0.061187405283359184,6475.640211466027,1,0.06309812572545496,0.0,"{""type"":""MultiPoint"",""coordinates"":[]}"
"425,9622","425,9622",0.034280735177191976,0.033633387920583825,6860.796542222461,1,0.03648360893913306,0.002202873761941082,"{""type"":""MultiPoint"",""coordinates"":[]}"
"426,9622","426,9622",0.274149764594426,0.21504647331176824,7248.334403106586,1,0.4168236327860926,0.14267386819166655,"{""type"":""MultiPoint"",""coordinates"":[]}"
"427,9622","427,9622",0.48939421438072217,0.3500337294122403,7635.872870283095,1,0.6570778603792768,0.16768364599855465,"{""type"":""MultiPoint"",""coordinates"":[]}"
"428,9622","428,9622",0.7747901697600187,0.494271061309647,8023.411922762669,1,0.9867199572614826,0.21192978750146393,"{""type"":""MultiPoint"",""coordinates"":[]}"
"429,9622","429,9622",1.642598707804105,0.7984569324285737,8410.951541226688,1,1.9866671565085912,0.34406844870448594,"{""type"":""MultiPoint"",""coordinates"":[]}"
"430,9622","430,9622",1.0368716557764466,0.6326604039108972,8667.513446613408,1,1.2116473759125814,0.17477572013613482,"{""type"":""MultiPoint"",""coordinates"":[]}"
"431,9622","431,9622",0.5895090725315023,0.46215606306532186,8176.021668928453,1,0.5929406700063022,0.0034315974747999804,"{""type"":""MultiPoint"",""coordinates"":[]}"
"432,9622","432,9622",0.13280612817681084,0.12469785370328842,7684.528938609203,1,0.13280612817681084,0.0,"{""type"":""MultiPoint"",""coordinates"":[]}"
"433,9622","433,9622",0.0,0.0,7193.0352831981745,0,0.0,0.0,"{""type"":""MultiPoint"",""coordinates"":[]}"
"434,9622","434,9622",0.023050515060956765,0.022788865086593783,6701.540723216089,1,0.023050515060956765,0.0,"{""type"":""MultiPoint"",""coordinates"":[]}"
"435,9622","435,9622",0.0,0.0,6210.045290646724,0,0.0,0.0,"{""type"":""MultiPoint"",""coordinates"":[]}"
"436,9622","436,9622",0.0,0.0,5718.548988038222,0,0.0,0.0,"{""type"":""MultiPoint"",""coordinates"":[]}"
"437,9622","437,9622",0.0,0.0,5227.051854012493,0,0.0,0.0,"{""type"":""MultiPoint"",""coordinates"":[]}"
"438,9622","438,9622",0.0,0.0,4735.55390463212,0,0.0,0.0,"{""type"":""MultiPoint"",""coordinates"":[]}"
"439,9622","439,9622",0.0,0.0,4244.055144955463,0,0.0,0.0,"{""type"":""MultiPoint"",""coordinates"":[]}"
"440,9622","440,9622",0.0,0.0,3752.55562535064,0,0.0,0.0,"{""type"":""MultiPoint"",""coordinates"":[]}"
"441,9622","441,9622",0.0,0.0,3261.05535104488,0,0.0,0.0,"{""type"":""MultiPoint"",""coordinates"":[]}"
"442,9622","442,9622",0.0,0.0,2769.554330035856,0,0.0,0.0,"{""type"":""MultiPoint"",""coordinates"":[]}"
"443,9622","443,9622",-0.05791753840089904,-0.05612400265132636,2278.052621237871,1,0.0032687583274193708,0.061186296728318414,"{""type"":""MultiPoint"",""coordinates"":[]}"
"444,9622","444,9622",-0.12255206728448292,-0.08786917608307088,1786.5502079531302,1,0.33433178434266936,0.4568838516271523,"{""type"":""MultiPoint"",""coordinates"":[]}"
"445,9622","445,9622",0.016434066514736,0.011009204826909591,1295.0471250619178,1,0.5009890145589473,0.4845549480442113,"{""type"":""MultiPoint"",""coordinates"":[]}"
"446,9622","446,9622",0.07531358297815477,0.069697523613381,803.5434091198421,1,0.11867178959964787,0.0433582066214931,"{""type"":""MultiPoint"",""coordinates"":[]}"
"447,9622","447,9622",0.028866096718145832,0.028457318858719747,312.03906301344716,1,0.028866096718145832,0.0,"{""type"":""MultiPoint"",""coordinates"":[]}"
"448,9622","448,9622",0.062373564017247654,0.06050561616354075,179.46589807777747,1,0.062373564017247654,0.0,"{""type"":""MultiPoint"",""coordinates"":[]}"
"449,9622","449,9622",0.3539473774468797,0.29441396739939246,670.9714349069765,1,0.3878549601277735,0.033907582680893764,"{""type"":""MultiPoint"",""coordinates"":[]}"
"450,9622","450,9622",0.5167538975174092,0.3625514664284034,1162.477526238648,1,0.6992809736514336,0.1825270761340244,"{""type"":""MultiPoint"",""coordinates"":[]}"
"451,9622","451,9622",0.8174663825241264,0.5123551655571814,1653.9841610484048,1,1.0389914482015454,0.2215250656774191,"{""type"":""MultiPoint"",""coordinates"":[]}"
"452,9622","452,9622",0.8601277942373734,0.5251351692638432,2145.4913197528126,1,1.1054492546883345,0.24532146045096112,"{""type"":""MultiPoint"",""coordinates"":[]}"
"453,9622","453,9622",0.6650520506401771,0.44538136193780054,2659.8731469062664,1,0.8503475972380364,0.18529554659785927,"{""type"":""MultiPoint"",""coordinates"":[]}"
"454,9622","454,9622",0.6821269699290151,0.45595997608142247,3357.8208954283077,1,0.8629164559369221,0.18078948600790698,"{""type"":""MultiPoint"",""coordinates"":[]}"
"455,9622","455,9622",0.8316420453598197,0.5881843701942658,4180.4928770041315,1,0.870265019052145,0.03862297369232537,"{""type"":""MultiPoint"",""coordinates"":[]}"
"456,9622","456,9622",0.5972559935579154,0.46655918803489765,5067.504632682052,1,0.6018945580373889,0.004638564479473519,"{""type"":""MultiPoint"",""coordinates"":[]}"
"457,9622","457,9622",0.5348233950694335,0.39141706585761266,5990.34301046111,1,0.651189535294902,0.11636614022546843,"{""type"":""MultiPoint"",""coordinates"":[]}"
"458,9622","458,9622",0.29763877717140186,0.24560499043927966,6934.720077021991,1,0.36676471795223337,0.06912594078083152,"{""type"":""MultiPoint"",""coordinates"":[]}"
"459,9622","459,9622",0.09532032380560915,0.09104685364479062,7892.908647132199,1,0.09532032380560915,0.0,"{""type"":""MultiPoint"",""coordinates"":[]}"
"460,9622","460,9622",0.10675067924536191,0.10142840635963983,8860.429312033953,1,0.10675067924536191,0.0,"{""type"":""MultiPoint"",""coordinates"":[]}"
"461,9622","461,9622",0.3939304601646469,0.3321274259897585,9834.528447886767,1,0.3939304601646469,0.0,"{""type"":""MultiPoint"",""coordinates"":[]}"
"233,9623","233,9623",0.3402352640269862,0.26694191310918364,9902.353126915921,1,0.45224391154696336,0.11200864751997719,"{""type"":""MultiPoint"",""coordinates"":[]}"
"234,9623","234,9623",0.5405011118071243,0.4253892557875725,8998.714754991823,1,0.5599568792919675,0.019455767484843067,"{""type"":""MultiPoint"",""coordinates"":[]}"
"235,9623","235,9623",0.3350687725341892,0.2730277327550829,8117.582772749717,1,0.40238199283509224,0.06731322030090306,"{""type"":""MultiPoint"",""coordinates"":[]}"
"236,9623","236,9623",0.7869164887226169,0.5363395450701521,7267.151337229362,1,0.8956603083577903,0.10874381963517342,"{""type"":""MultiPoint"",""coordinates"":[]}"
"237,9623","237,9623",1.338181923759402,0.7028880373845436,6459.560836358682,1,1.6506694025010304,0.31248747874162863,"{""type"":""MultiPoint"",""coordinates"":[]}"
"238,9623","238,9623",2.3801668612135085,0.7683393190199836,5713.0120681346325,1,3.438809647531567,1.0586427863180587,"{""type"":""MultiPoint"",""coordinates"":[]}"
"239,9623","239,9623",2.13360176847814,0.4848652334307775,5054.628735617094,1,4.553075726309869,2.419473957831729,"{""type"":""MultiPoint"",""coordinates"":[]}"
"240,9623","240,9623",1.8360060375847231,0.3370223454703454,4523.079978619348,1,5.417198164822304,3.581192127237581,"{""type"":""MultiPoint"",""coordinates"":[]}"
"241,9623","241,9623",2.6879366649544405,0.6641016273180644,4167.188644045782,1,4.539119428151275,1.8511827631968345,"{""type"":""MultiPoint"",""coordinates"":[]}"
"242,9623","242,9623",2.9421996080303834,0.7265772233718064,4031.6188604062463,1,4.697093403910936,1.754893795880553,"{""type"":""MultiPoint"",""coordinates"":[]}"
"243,9623","243,9623",1.7464899878098068,0.47593613235977306,3987.5354136802343,1,3.6118420151383375,1.8653520273285307,"{""type"":""MultiPoint"",""coordinates"":[]}"
"244,9623","244,9623",0.31350374527466496,0.05427911792650342,3943.45153216716,1,4.9339406785801945,4.6204369333055295,"{""type"":""MultiPoint"",""coordinates"":[]}"
"245,9623","245,9623",-5.233285046506069,-0.3031473123825221,3899.367205167354,1,13.778534929325243,19.011819975831312,"{""type"":""MultiPoint"",""coordinates"":[]}"
"246,9623","246,9623",0.39466756833023986,0.036624450157504373,3855.2824485070687,1,9.974606378564555,9.579938810234315,"{""type"":""MultiPoint"",""coordinates"":[]}"
"247,9623","247,9623",2.5522909582673106,0.5288016271145866,3811.1972538003693,1,5.214652623490354,2.662361665223043,"{""type"":""MultiPoint"",""coordinates"":[]}"
"248,9623","248,9623",2.7578178051506788,0.7463582649806915,3767.111631062936,1,4.2438961033293,1.4860782981786214,"{""type"":""MultiPoint"",""coordinates"":[]}"
"249,9623","249,9623",2.213929282347875,0.7249246885164314,3723.0255790198194,1,3.293564834771904,1.0796355524240286,"{""type"":""MultiPoint"",""coordinates"":[]}"
"250,9623","250,9623",2.135791118631833,0.909786665190252,3678.939105749157,1,2.5752046339159733,0.43941351528414035,"{""type"":""MultiPoint"",""coordinates"":[]}"
"251,9623","251,9623",1.2672911183321807,0.5100167193478763,3634.8522013945226,1,2.1720782150552043,0.9047870967230235,"{""type"":""MultiPoint"",""coordinates"":[]}"
"252,9623","252,9623",-0.7942668992661623,-0.19434981638396165,3590.764871535845,1,2.70251232939761,3.4967792286637724,"{""type"":""MultiPoint"",""coordinates"":[]}"
"253,9623","253,9623",-4.268217208025045,-0.7492057261923646,3546.6771281350734,1,2.826901915580299,7.095119123605344,"{""type"":""MultiPoint"",""coordinates"":[]}"
"254,9623","254,9623",-0.3280899191516584,-0.11899739705537316,3508.8981546435443,1,1.596326211956252,1.9244161311079104,"{""type"":""MultiPoint"",""coordinates"":[]}"
"255,9623","255,9623",-0.32071288545688437,-0.13592424078784648,3566.7629424649294,1,1.2027725069006865,1.5234853923575709,"{""type"":""MultiPoint"",""coordinates"":[]}"
"256,9623","256,9623",0.2282807313224191,0.1375873435616511,3628.2956492790145,1,0.7759264715716373,0.5476457402492182,"{""type"":""MultiPoint"",""coordinates"":[]}"
"257,9623","257,9623",0.011336941205098958,0.011273159692637766,3689.828585789705,1,0.011336941205098958,0.0,"{""type"":""MultiPoint"",""coordinates"":[]}"
"258,9623","258,9623",0.0,0.0,3751.361729834621,0,0.0,0.0,"{""type"":""MultiPoint"",""coordinates"":[]}"
"259,9623","259,9623",0.0,0.0,3812.8950957969078,0,0.0,0.0,"{""type"":""MultiPoint"",""coordinates"":[]}"
"260,9623","260,9623",0.0,0.0,3874.4286719312654,0,0.0,0.0,"{""type"":""MultiPoint"",""coordinates"":[]}"
"261,9623","261,9623",0.0,0.0,3935.96245399081,0,0.0,0.0,"{""type"":""MultiPoint"",""coordinates"":[]}"
"262,9623","262,9623",0.0,0.0,4012.104506498328,0,0.0,0.0,"{""type"":""MultiPoint"",""coordinates"":[]}"
"263,9623","263,9623",0.0,0.0,4133.5530234784765,0,0.0,0.0,"{""type"":""MultiPoint"",""coordinates"":[]}"
"264,9623","264,9623",0.0,0.0,4255.00209068304,0,0.0,0.0,"{""type"":""MultiPoint"",""coordinates"":[]}"
"265,9623","265,9623",0.0,0.0,4376.451703717683,0,0.0,0.0,"{""type"":""MultiPoint"",""coordinates"":[]}"
"266,9623","266,9623",0.0,0.0,4497.901855864123,0,0.0,0.0,"{""type"":""MultiPoint"",""coordinates"":[]}"
"267,9623","267,9623",0.006803476881838131,0.006780437671787575,4619.35254009966,1,0.006803476881838131,0.0,"{""type"":""MultiPoint"",""coordinates"":[]}"
"268,9623","268,9623",0.025117415052076198,0.024807157300193883,4740.80374737705,1,0.025117415052076198,0.0,"{""type"":""MultiPoint"",""coordinates"":[]}"
"269,9623","269,9623",0.02928646904790504,0.028865813683250335,4862.255480586473,1,0.02928646904790504,0.0,"{""type"":""MultiPoint"",""coordinates"":[]}"
"270,9623","270,9623",0.15464994243716135,0.14302783725029566,4983.707722388366,1,0.16042525836662072,0.005775315929459383,"{""type"":""MultiPoint"",""coordinates"":[]}"
"271,9623","271,9623",0.24575542319016389,0.21770592303154304,5105.160483595824,1,0.2561739636737793,0.01041854048361544,"{""type"":""MultiPoint"",""coordinates"":[]}"
"272,9623","272,9623",0.20304587121727405,0.18386509170467863,5226.613738273983,1,0.20895212536683755,0.0059062541495634915,"{""type"":""MultiPoint"",""coordinates"":[]}"
"273,9623","273,9623",0.010736727598801399,0.010679498212162917,5348.0674857933445,1,0.010736727598801399,0.0,"{""type"":""MultiPoint"",""coordinates"":[]}"
"274,9623","274,9623",0.0,0.0,5469.521732487122,0,0.0,0.0,"{""type"":""MultiPoint"",""coordinates"":[]}"
"275,9623","275,9623",0.0,0.0,5590.976459157187,0,0.0,0.0,"{""type"":""MultiPoint"",""coordinates"":[]}"
"276,9623","276,9623",0.0,0.0,5712.431662614352,0,0.0,0.0,"{""type"":""MultiPoint"",""coordinates"":[]}"
"277,9623","277,9623",0.0,0.0,5833.887340141904,0,0.0,0.0,"{""type"":""MultiPoint"",""coordinates"":[]}"
"278,9623","278,9623",0.0,0.0,5955.343485610282,0,0.0,0.0,"{""type"":""MultiPoint"",""coordinates"":[]}"
"279,9623","279,9623",0.0,0.0,6076.800089874544,0,0.0,0.0,"{""type"":""MultiPoint"",""coordinates"":[]}"
"280,9623","280,9623",0.0,0.0,6198.257152792987,0,0.0,0.0,"{""type"":""MultiPoint"",""coordinates"":[]}"
"281,9623","281,9623",0.0,0.0,6319.714663227091,0,0.0,0.0,"{""type"":""MultiPoint"",""coordinates"":[]}"
"282,9623","282,9623",0.0,0.0,6441.172625501369,0,0.0,0.0,"{""type"":""MultiPoint"",""coordinates"":[]}"
"283,9623","283,9623",0.0,0.0,6562.631017178298,0,0.0,0.0,"{""type"":""MultiPoint"",""coordinates"":[]}"
"284,9623","284,9623",-0.02077780259543495,-0.01916454398638613,6684.089834879317,1,0.07382361871534832,0.09460142131078327,"{""type"":""MultiPoint"",""coordinates"":[]}"
"285,9623","285,9623",0.07760227711437503,0.06557617512216263,6805.54908091749,1,0.22261651018506864,0.1450142330706936,"{""type"":""MultiPoint"",""coordinates"":[]}"
"286,9623","286,9623",0.07301707519856218,0.06975440592831683,6927.008745710652,1,0.0837066075318072,0.010689532333245017,"{""type"":""MultiPoint"",""coordinates"":[]}"
"287,9623","287,9623",0.0,0.0,7048.4688215322,0,0.0,0.0,"{""type"":""MultiPoint"",""coordinates"":[]}"
"288,9623","288,9623",0.09473400925978635,0.09051141984209629,7169.929314698586,1,0.09473400925978635,0.0,"{""type"":""MultiPoint"",""coordinates"":[]}"
"289,9623","289,9623",0.0,0.0,7291.390195179018,0,0.0,0.0,"{""type"":""MultiPoint"",""coordinates"":[]}"
"290,9623","290,9623",0.0,0.0,7412.851475847552,0,0.0,0.0,"{""type"":""MultiPoint"",""coordinates"":[]}"
"291,9623","291,9623",0.0,0.0,7534.313151699073,0,0.0,0.0,"{""type"":""MultiPoint"",""coordinates"":[]}"
"292,9623","292,9623",0.0,0.0,7642.643905377498,0,0.0,0.0,"{""type"":""MultiPoint"",""coordinates"":[]}"
"293,9623","293,9623",0.0,0.0,7573.587581538638,0,0.0,0.0,"{""type"":""MultiPoint"",""coordinates"":[]}"
"294,9623","294,9623",0.0,0.0,7504.53065933632,0,0.0,0.0,"{""type"":""MultiPoint"",""coordinates"":[]}"
"295,9623","295,9623",0.0,0.0,7435.4731413041145,0,0.0,0.0,"{""type"":""MultiPoint"",""coordinates"":[]}"
"296,9623","296,9623",0.0,0.0,7366.415029458148,0,0.0,0.0,"{""type"":""MultiPoint"",""coordinates"":[]}"
"297,9623","297,9623",0.0,0.0,7297.356324001139,0,0.0,0.0,"{""type"":""MultiPoint"",""coordinates"":[]}"
"298,9623","298,9623",0.08441634459613834,0.0806695391521081,7228.297039457062,1,0.08922194384223277,0.004805599246094428,"{""type"":""MultiPoint"",""coordinates"":[]}"
"299,9623","299,9623",0.16906764212579017,0.15604660367645956,7159.237165976456,1,0.1701747324861694,0.0011070903603792393,"{""type"":""MultiPoint"",""coordinates"":[]}"
"300,9623","300,9623",0.11018255913873867,0.10452446949347191,7090.1767171260935,1,0.11018255913873867,0.0,"{""type"":""MultiPoint"",""coordinates"":[]}"
"301,9623","301,9623",0.0,0.0,7021.115689015933,0,0.0,0.0,"{""type"":""MultiPoint"",""coordinates"":[]}"
"302,9623","302,9623",0.0,0.0,6952.054090790226,0,0.0,0.0,"{""type"":""MultiPoint"",""coordinates"":[]}"
"303,9623","303,9623",0.0,0.0,6882.991917151283,0,0.0,0.0,"{""type"":""MultiPoint"",""coordinates"":[]}"
"304,9623","304,9623",0.0,0.0,6813.929183111351,0,0.0,0.0,"{""type"":""MultiPoint"",""coordinates"":[]}"
"305,9623","305,9623",0.0,0.0,6744.865884107143,0,0.0,0.0,"{""type"":""MultiPoint"",""coordinates"":[]}"
"306,9623","306,9623",0.0,0.0,6675.802029376644,0,0.0,0.0,"{""type"":""MultiPoint"",""coordinates"":[]}"
"307,9623","307,9623",0.0,0.0,6606.737609392933,0,0.0,0.0,"{""type"":""MultiPoint"",""coordinates"":[]}"
"308,9623","308,9623",0.0,0.0,6537.672639469465,0,0.0,0.0,"{""type"":""MultiPoint"",""coordinates"":[]}"
"309,9623","309,9623",0.0,0.0,6468.607125433136,0,0.0,0.0,"{""type"":""MultiPoint"",""coordinates"":[]}"
"310,9623","310,9623",0.0,0.0,6399.541068589979,0,0.0,0.0,"{""type"":""MultiPoint"",""coordinates"":[]}"
"311,9623","311,9623",0.0,0.0,6330.47445749832,0,0.0,0.0,"{""type"":""MultiPoint"",""coordinates"":[]}"
"312,9623","312,9623",0.29481056910804193,0.2527584575194847,6261.407311786889,1,0.3199810561206606,0.02517048701261863,"{""type"":""MultiPoint"",""coordinates"":[]}"
"313,9623","313,9623",0.5321347424871901,0.41465112066105075,6192.339631305987,1,0.5677336707583859,0.035598928271195825,"{""type"":""MultiPoint"",""coordinates"":[]}"
"314,9623","314,9623",0.3068432959995859,0.2651576424289801,6123.271426028841,1,0.31740470194857423,0.01056140594898838,"{""type"":""MultiPoint"",""coordinates"":[]}"
"315,9623","315,9623",0.4448991586798675,0.3680395327484981,5984.4682734695525,1,0.4448991586798675,0.0,"{""type"":""MultiPoint"",""coordinates"":[]}"
"316,9623","316,9623",0.5392510792342564,0.3658968733102732,5811.27351047667,1,0.7598103575204335,0.22055927828617705,"{""type"":""MultiPoint"",""coordinates"":[]}"
"317,9623","317,9623",0.9038091108419632,0.4873840607865996,5638.077764872102,1,1.3428769841777453,0.43906787333578207,"{""type"":""MultiPoint"",""coordinates"":[]}"
"318,9623","318,9623",0.5846428294228732,0.4032790752450233,5464.881042720554,1,0.7616389139377734,0.1769960845149002,"{""type"":""MultiPoint"",""coordinates"":[]}"
"319,9623","319,9623",0.09725774224238887,0.09281410560358992,5291.683348243844,1,0.09725774224238887,0.0,"{""type"":""MultiPoint"",""coordinates"":[]}"
"320,9623","320,9623",0.0,0.0,5118.484697839877,0,0.0,0.0,"{""type"":""MultiPoint"",""coordinates"":[]}"
"321,9623","321,9623",0.0,0.0,4945.285095149653,0,0.0,0.0,"{""type"":""MultiPoint"",""coordinates"":[]}"
"322,9623","322,9623",0.0,0.0,4772.084543046341,0,0.0,0.0,"{""type"":""MultiPoint"",""coordinates"":[]}"
"323,9623","323,9623",0.0,0.0,4598.883068229482,0,0.0,0.0,"{""type"":""MultiPoint"",""coordinates"":[]}"
"324,9623","324,9623",0.0,0.0,4425.68065574311,0,0.0,0.0,"{""type"":""MultiPoint"",""coordinates"":[]}"
"325,9623","325,9623",0.0,0.0,4252.477334180433,0,0.0,0.0,"{""type"":""MultiPoint"",""coordinates"":[]}"
"326,9623","326,9623",0.0,0.0,4079.273106069501,0,0.0,0.0,"{""type"":""MultiPoint"",""coordinates"":[]}"
"327,9623","327,9623",0.0,0.0,3906.06796746406,0,0.0,0.0,"{""type"":""MultiPoint"",""coordinates"":[]}"
"328,9623","328,9623",0.146876342378111,0.13704202272604088,3732.861936253787,1,0.146876342378111,0.0,"{""type"":""MultiPoint"",""coordinates"":[]}"
"329,9623","329,9623",0.2881818319662092,0.24251636402827953,3559.6550232970567,1,0.338207784017199,0.05002595205098976,"{""type"":""MultiPoint"",""coordinates"":[]}"
"330,9623","330,9623",0.46495663518065355,0.35685888626217654,3386.4472347670016,1,0.549190601074257,0.08423396589360346,"{""type"":""MultiPoint"",""coordinates"":[]}"
"331,9623","331,9623",0.47415919516585836,0.3747488206859108,3213.2385896806436,1,0.5171246184752538,0.04296542330939546,"{""type"":""MultiPoint"",""coordinates"":[]}"
"332,9623","332,9623",0.2406940640956545,0.21156110217050914,3040.029078047056,1,0.2622920464408815,0.021597982345226995,"{""type"":""MultiPoint"",""coordinates"":[]}"
"333,9623","333,9623",0.15396865388656183,0.12472978132138646,2866.8187123656744,1,0.3130020180988552,0.15903336421229336,"{""type"":""MultiPoint"",""coordinates"":[]}"
"334,9623","334,9623",0.21667945000705155,0.16943541806270465,2693.6075048758594,1,0.3902297844642,0.17355033445714843,"{""type"":""MultiPoint"",""coordinates"":[]}"
"335,9623","335,9623",0.7113554829440966,0.42138580426257427,2520.395460869029,1,1.0687171961380377,0.35736171319394117,"{""type"":""MultiPoint"",""coordinates"":[]}"
"336,9623","336,9623",0.8524467006217306,0.44633692597121793,2347.1825956012854,1,1.367697788518383,0.5152510878966524,"{""type"":""MultiPoint"",""coordinates"":[]}"
"337,9623","337,9623",0.7089412014452601,0.42612837873800163,2173.968915512037,1,1.0432495954254506,0.33430839398019047,"{""type"":""MultiPoint"",""coordinates"":[]}"
"338,9623","338,9623",0.4493282216397042,0.32423681920468306,2000.7544262129916,1,0.6225862041441009,0.17325798250439675,"{""type"":""MultiPoint"",""coordinates"":[]}"
"339,9623","339,9623",0.31186394406694895,0.2429422456826269,1915.9426127206732,1,0.4459353289299659,0.13407138486301698,"{""type"":""MultiPoint"",""coordinates"":[]}"
"340,9623","340,9623",0.14262360083835202,0.12938505835585987,2020.2384234861927,1,0.1751680953327262,0.03254449449437418,"{""type"":""MultiPoint"",""coordinates"":[]}"
"341,9623","341,9623",0.0,0.0,2124.5345381958564,0,0.0,0.0,"{""type"":""MultiPoint"",""coordinates"":[]}"
"342,9623","342,9623",0.0,0.0,2228.8309477490347,0,0.0,0.0,"{""type"":""MultiPoint"",""coordinates"":[]}"
"343,9623","343,9623",0.0,0.0,2333.1276452214943,0,0.0,0.0,"{""type"":""MultiPoint"",""coordinates"":[]}"
"344,9623","344,9623",0.0,0.0,2437.4246338136327,0,0.0,0.0,"{""type"":""MultiPoint"",""coordinates"":[]}"
"345,9623","345,9623",0.0,0.0,2541.721906288127,0,0.0,0.0,"{""type"":""MultiPoint"",""coordinates"":[]}"
"346,9623","346,9623",0.0,0.0,2646.01944943484,0,0.0,0.0,"{""type"":""MultiPoint"",""coordinates"":[]}"
"347,9623","347,9623",0.0,0.0,2717.177333881019,0,0.0,0.0,"{""type"":""MultiPoint"",""coordinates"":[]}"
"348,9623","348,9623",0.0,0.0,2355.599233763725,0,0.0,0.0,"{""type"":""MultiPoint"",""coordinates"":[]}"
"349,9623","349,9623",0.0,0.0,1994.0196814643264,0,0.0,0.0,"{""type"":""MultiPoint"",""coordinates"":[]}"
"350,9623","350,9623",0.09618247998200019,0.09183367100078921,1632.4386790133012,1,0.09618247998200019,0.0,"{""type"":""MultiPoint"",""coordinates"":[]}"
"351,9623","351,9623",0.24953615956314623,0.21253243419932796,1270.8562580247647,1,0.3032929038450326,0.05375674428188638,"{""type"":""MultiPoint"",""coordinates"":[]}"
"352,9623","352,9623",0.6911434329720573,0.42338960116522495,909.2724388608943,1,1.0022897263725496,0.3111462934004924,"{""type"":""MultiPoint"",""coordinates"":[]}"
"353,9623","353,9623",0.8584999246227507,0.46480823989201986,811.9439667303075,1,1.3093820665775453,0.45088214195479465,"{""type"":""MultiPoint"",""coordinates"":[]}"
"354,9623","354,9623",0.5218705796884411,0.34795573545350067,808.699457273852,1,0.7758560390478532,0.25398545935941214,"{""type"":""MultiPoint"",""coordinates"":[]}"
"355,9623","355,9623",0.5536473691336001,0.4079915928392482,805.4548455997693,1,0.6526020993474613,0.09895473021386117,"{""type"":""MultiPoint"",""coordinates"":[]}"
"356,9623","356,9623",0.3308102666234522,0.28578797975780446,802.2101471082606,1,0.3308102666234522,0.0,"{""type"":""MultiPoint"",""coordinates"":[]}"
"357,9623","357,9623",0.0847352122118373,0.08133591316443964,798.9653523276407,1,0.0847352122118373,0.0,"{""type"":""MultiPoint"",""coordinates"":[]}"
"358,9623","358,9623",0.020687796532699507,0.02047671037729773,795.7204669798185,1,0.020687796532699507,0.0,"{""type"":""MultiPoint"",""coordinates"":[]}"
"359,9623","359,9623",0.1055661868304014,0.10035759001655019,792.4754913455585,1,0.1055661868304014,0.0,"{""type"":""MultiPoint"",""coordinates"":[]}"
"360,9623","360,9623",0.01952883904825335,0.019340598075403254,789.2304141896569,1,0.01952883904825335,0.0,"{""type"":""MultiPoint"",""coordinates"":[]}"
"361,9623","361,9623",0.0,0.0,785.9852453030176,0,0.0,0.0,"{""type"":""MultiPoint"",""coordinates"":[]}"
"362,9623","362,9623",0.0,0.0,782.7399885277105,0,0.0,0.0,"{""type"":""MultiPoint"",""coordinates"":[]}"
"363,9623","363,9623",0.0,0.0,779.4946400885733,0,0.0,0.0,"{""type"":""MultiPoint"",""coordinates"":[]}"
"364,9623","364,9623",0.0,0.0,776.249192757314,0,0.0,0.0,"{""type"":""MultiPoint"",""coordinates"":[]}"
"365,9623","365,9623",0.0,0.0,773.0036633765914,0,0.0,0.0,"{""type"":""MultiPoint"",""coordinates"":[]}"
"366,9623","366,9623",0.0,0.0,769.758030485564,0,0.0,0.0,"{""type"":""MultiPoint"",""coordinates"":[]}"
"367,9623","367,9623",0.0,0.0,766.5123049281381,0,0.0,0.0,"{""type"":""MultiPoint"",""coordinates"":[]}"
"368,9623","368,9623",0.0,0.0,763.2664996301294,0,0.0,0.0,"{""type"":""MultiPoint"",""coordinates"":[]}"
"369,9623","369,9623",0.0,0.0,760.020592752976,0,0.0,0.0,"{""type"":""MultiPoint"",""coordinates"":[]}"
"370,9623","370,9623",0.0,0.0,756.7745982214509,0,0.0,0.0,"{""type"":""MultiPoint"",""coordinates"":[]}"
"371,9623","371,9623",0.0,0.0,753.5285105364129,0,0.0,0.0,"{""type"":""MultiPoint"",""coordinates"":[]}"
"372,9623","372,9623",0.0,0.0,750.2823323207973,0,0.0,0.0,"{""type"":""MultiPoint"",""coordinates"":[]}"
"373,9623","373,9623",0.0,0.0,747.0360697559252,0,0.0,0.0,"{""type"":""MultiPoint"",""coordinates"":[]}"
"374,9623","374,9623",0.0,0.0,743.7897096943627,0,0.0,0.0,"{""type"":""MultiPoint"",""coordinates"":[]}"
"375,9623","375,9623",0.0,0.0,740.5432586940494,0,0.0,0.0,"{""type"":""MultiPoint"",""coordinates"":[]}"
"376,9623","376,9623",0.0,0.0,737.296712616196,0,0.0,0.0,"{""type"":""MultiPoint"",""coordinates"":[]}"
"377,9623","377,9623",0.0,0.0,734.0500865407859,0,0.0,0.0,"{""type"":""MultiPoint"",""coordinates"":[]}"
"378,9623","378,9623",0.0,0.0,730.8033587925377,0,0.0,0.0,"{""type"":""MultiPoint"",""coordinates"":[]}"
"379,9623","379,9623",0.0,0.0,727.5565533221218,0,0.0,0.0,"{""type"":""MultiPoint"",""coordinates"":[]}"
"380,9623","380,9623",0.0,0.0,724.3096491835736,0,0.0,0.0,"{""type"":""MultiPoint"",""coordinates"":[]}"
"381,9623","381,9623",0.0,0.0,721.0626597953784,0,0.0,0.0,"{""type"":""MultiPoint"",""coordinates"":[]}"
"382,9623","382,9623",0.0,0.0,717.8155857222973,0,0.0,0.0,"{""type"":""MultiPoint"",""coordinates"":[]}"
"383,9623","383,9623",0.0,0.0,714.5684134517057,0,0.0,0.0,"{""type"":""MultiPoint"",""coordinates"":[]}"
"384,9623","384,9623",0.0,0.0,711.3211492676436,0,0.0,0.0,"{""type"":""MultiPoint"",""coordinates"":[]}"
"385,9623","385,9623",0.0,0.0,708.0738016491734,0,0.0,0.0,"{""type"":""MultiPoint"",""coordinates"":[]}"
"386,9623","386,9623",0.0,0.0,704.8263678788959,0,0.0,0.0,"{""type"":""MultiPoint"",""coordinates"":[]}"
"387,9623","387,9623",0.0,0.0,701.5788422616423,0,0.0,0.0,"{""type"":""MultiPoint"",""coordinates"":[]}"
"388,9623","388,9623",0.0,0.0,698.331229684582,0,0.0,0.0,"{""type"":""MultiPoint"",""coordinates"":[]}"
"389,9623","389,9623",0.0,0.0,695.0835205057255,0,0.0,0.0,"{""type"":""MultiPoint"",""coordinates"":[]}"
"390,9623","390,9623",0.0,0.0,691.8357279770313,0,0.0,0.0,"{""type"":""MultiPoint"",""coordinates"":[]}"
"391,9623","391,9623",0.0,0.0,688.5878410056555,0,0.0,0.0,"{""type"":""MultiPoint"",""coordinates"":[]}"
"392,9623","392,9623",0.0,0.0,685.3398837512914,0,0.0,0.0,"{""type"":""MultiPoint"",""coordinates"":[]}"
"393,9623","393,9623",0.0,0.0,682.0918283132033,0,0.0,0.0,"{""type"":""MultiPoint"",""coordinates"":[]}"
"394,9623","394,9623",0.0,0.0,678.8436845148115,0,0.0,0.0,"{""type"":""MultiPoint"",""coordinates"":[]}"
"395,9623","395,9623",0.0,0.0,675.5954526364304,0,0.0,0.0,"{""type"":""MultiPoint"",""coordinates"":[]}"
"396,9623","396,9623",0.0,0.0,672.3471343176639,0,0.0,0.0,"{""type"":""MultiPoint"",""coordinates"":[]}"
"397,9623","397,9623",0.0,0.0,669.0987337713844,0,0.0,0.0,"{""type"":""MultiPoint"",""coordinates"":[]}"
"398,9623","398,9623",0.0,0.0,665.8502374707863,0,0.0,0.0,"{""type"":""MultiPoint"",""coordinates"":[]}"
"399,9623","399,9623",0.0,0.0,662.6016608219727,0,0.0,0.0,"{""type"":""MultiPoint"",""coordinates"":[]}"
"400,9623","400,9623",0.0,0.0,659.352996544783,0,0.0,0.0,"{""type"":""MultiPoint"",""coordinates"":[]}"
"401,9623","401,9623",0.0,0.0,656.1042464498219,0,0.0,0.0,"{""type"":""MultiPoint"",""coordinates"":[]}"
"402,9623","402,9623",0.0,0.0,652.855403495171,0,0.0,0.0,"{""type"":""MultiPoint"",""coordinates"":[]}"
"403,9623","403,9623",-0.021490808471003046,-0.021263137164575212,547.3629389750201,1,0.0,0.021490808471003046,"{""type"":""MultiPoint"",""coordinates"":[]}"
"404,9623","404,9623",-0.06629542148358412,-0.06419041819763245,168.84999395576773,1,0.0,0.06629542148358412,"{""type"":""MultiPoint"",""coordinates"":[]}"
"405,9623","405,9623",-0.006259506507816478,-0.006239997167193065,209.6638975654329,1,0.0,0.006259506507816478,"{""type"":""MultiPoint"",""coordinates"":[]}"
"406,9623","406,9623",0.0,0.0,588.1787271127573,0,0.0,0.0,"{""type"":""MultiPoint"",""coordinates"":[]}"
"407,9623","407,9623",0.0,0.0,966.6944654487124,0,0.0,0.0,"{""type"":""MultiPoint"",""coordinates"":[]}"
"408,9623","408,9623",0.0,0.0,1345.2111013020203,0,0.0,0.0,"{""type"":""MultiPoint"",""coordinates"":[]}"
"409,9623","409,9623",0.0,0.0,1723.728612427823,0,0.0,0.0,"{""type"":""MultiPoint"",""coordinates"":[]}"
"410,9623","410,9623",0.0,0.0,2102.2469814575275,0,0.0,0.0,"{""type"":""MultiPoint"",""coordinates"":[]}"
"411,9623","411,9623",0.0,0.0,2480.7661986279263,0,0.0,0.0,"{""type"":""MultiPoint"",""coordinates"":[]}"
"412,9623","412,9623",0.0,0.0,2859.286241769864,0,0.0,0.0,"{""type"":""MultiPoint"",""coordinates"":[]}"
"413,9623","413,9623",0.0,0.0,3237.80708939748,0,0.0,0.0,"{""type"":""MultiPoint"",""coordinates"":[]}"
"414,9623","414,9623",0.0,0.0,3616.328737035035,0,0.0,0.0,"{""type"":""MultiPoint"",""coordinates"":[]}"
"415,9623","415,9623",0.0,0.0,3994.8511613146543,0,0.0,0.0,"{""type"":""MultiPoint"",""coordinates"":[]}"
"416,9623","416,9623",0.0,0.0,4373.374327559641,0,0.0,0.0,"{""type"":""MultiPoint"",""coordinates"":[]}"
"417,9623","417,9623",0.0,0.0,4751.898247376054,0,0.0,0.0,"{""type"":""MultiPoint"",""coordinates"":[]}"
"418,9623","418,9623",0.0,0.0,5130.422888401034,0,0.0,0.0,"{""type"":""MultiPoint"",""coordinates"":[]}"
"419,9623","419,9623",0.07263387882423973,0.07011719277012596,5508.948234846593,1,0.07263387882423973,0.0,"{""type"":""MultiPoint"",""coordinates"":[]}"
"420,9623","420,9623",0.8506352812332685,0.6155289754048012,5887.474264073098,1,0.8506352812332685,0.0,"{""type"":""MultiPoint"",""coordinates"":[]}"
"421,9623","421,9623",0.7602498668615949,0.5654557687810253,6266.000962549975,1,0.7602498668615949,0.0,"{""type"":""MultiPoint"",""coordinates"":[]}"
"422,9623","422,9623",0.06163831565478078,0.05767271729545218,6644.5283247395255,1,0.09987576581435662,0.03823745015957584,"{""type"":""MultiPoint"",""coordinates"":[]}"
"423,9623","423,9623",0.18542838180892574,0.14715351913928063,7023.056314758696,1,0.3550888194982681,0.16966043768934236,"{""type"":""MultiPoint"",""coordinates"":[]}"
"424,9623","424,9623",0.39560290643802054,0.33016908274388523,7401.584919510868,1,0.40684915350543127,0.011246247067410722,"{""type"":""MultiPoint"",""coordinates"":[]}"
"425,9623","425,9623",0.0366304667462429,0.035736091810980634,7783.00885825584,1,0.04345153416315579,0.006821067416912889,"{""type"":""MultiPoint"",""coordinates"":[]}"
"426,9623","426,9623",0.21589420201282386,0.1723666772361618,8170.548458909522,1,0.36357529976800695,0.1476810977551831,"{""type"":""MultiPoint"",""coordinates"":[]}"
"427,9623","427,9623",0.3838285454528979,0.2783026099324245,8558.08863986599,1,0.5799814626204856,0.19615291716758765,"{""type"":""MultiPoint"",""coordinates"":[]}"
"428,9623","428,9623",0.830440608004065,0.43987388725030274,8945.629387631801,1,1.3334694793312185,0.5030288713271535,"{""type"":""MultiPoint"",""coordinates"":[]}"
"429,9623","429,9623",3.520535418730296,0.9615533649156289,9333.170688251479,1,4.699412819868076,1.1788774011377803,"{""type"":""MultiPoint"",""coordinates"":[]}"
"430,9623","430,9623",1.8291809197438704,0.834431133862476,9538.791735240939,1,2.232461550566432,0.4032806308225614,"{""type"":""MultiPoint"",""coordinates"":[]}"
"431,9623","431,9623",0.6132130284908496,0.47595952560198784,9047.301365886244,1,0.6192094398636933,0.005996411372843671,"{""type"":""MultiPoint"",""coordinates"":[]}"
"432,9623","432,9623",0.22443582742691856,0.2024801888721584,8555.810035257005,1,0.22443582742691856,0.0,"{""type"":""MultiPoint"",""coordinates"":[]}"
"433,9623","433,9623",0.0,0.0,8064.3177741449135,0,0.0,0.0,"{""type"":""MultiPoint"",""coordinates"":[]}"
"434,9623","434,9623",0.06775185868029117,0.06555537148275277,7572.824583875799,1,0.06775185868029117,0.0,"{""type"":""MultiPoint"",""coordinates"":[]}"
"435,9623","435,9623",0.0,0.0,7081.330496179762,0,0.0,0.0,"{""type"":""MultiPoint"",""coordinates"":[]}"
"436,9623","436,9623",0.0,0.0,6589.835542841087,0,0.0,0.0,"{""type"":""MultiPoint"",""coordinates"":[]}"
"437,9623","437,9623",0.0,0.0,6098.339724344199,0,0.0,0.0,"{""type"":""MultiPoint"",""coordinates"":[]}"
"438,9623","438,9623",0.0,0.0,5606.843072490831,0,0.0,0.0,"{""type"":""MultiPoint"",""coordinates"":[]}"
"439,9623","439,9623",0.0,0.0,5115.345613985321,0,0.0,0.0,"{""type"":""MultiPoint"",""coordinates"":[]}"
"440,9623","440,9623",0.0,0.0,4623.847356519642,0,0.0,0.0,"{""type"":""MultiPoint"",""coordinates"":[]}"
"441,9623","441,9623",0.0,0.0,4132.348341074315,0,0.0,0.0,"{""type"":""MultiPoint"",""coordinates"":[]}"
"442,9623","442,9623",0.0,0.0,3640.8485661315617,0,0.0,0.0,"{""type"":""MultiPoint"",""coordinates"":[]}"
"443,9623","443,9623",0.0,0.0,3149.348063475141,0,0.0,0.0,"{""type"":""MultiPoint"",""coordinates"":[]}"
"444,9623","444,9623",0.0,0.0,2657.8468647666405,0,0.0,0.0,"{""type"":""MultiPoint"",""coordinates"":[]}"
"445,9623","445,9623",0.0,0.0,2166.344976634881,0,0.0,0.0,"{""type"":""MultiPoint"",""coordinates"":[]}"
"446,9623","446,9623",0.0,0.0,1674.842425040072,0,0.0,0.0,"{""type"":""MultiPoint"",""coordinates"":[]}"
"447,9623","447,9623",0.25238756033831145,0.22505177776213817,1183.339229901725,1,0.25238756033831145,0.0,"{""type"":""MultiPoint"",""coordinates"":[]}"
"448,9623","448,9623",0.48256711822030224,0.3651937038713976,691.835427042713,1,0.5773373242579068,0.09477020603760461,"{""type"":""MultiPoint"",""coordinates"":[]}"
"449,9623","449,9623",0.6020004080788743,0.3342792241167929,200.33101256460012,1,1.1186296271701013,0.5166292190912269,"{""type"":""MultiPoint"",""coordinates"":[]}"
"450,9623","450,9623",1.9014702585308232,0.5834608051355699,291.1739750170095,1,3.301618713762073,1.4001484552312498,"{""type"":""MultiPoint"",""coordinates"":[]}"
"451,9623","451,9623",3.3727146430983903,0.9975507969054586,782.6795194131149,1,4.343181397922603,0.9704667548242124,"{""type"":""MultiPoint"",""coordinates"":[]}"
"452,9623","452,9623",2.177898995566253,0.8168075607767145,1274.1855974878542,1,2.901925631409123,0.7240266358428702,"{""type"":""MultiPoint"",""coordinates"":[]}"
"453,9623","453,9623",2.369495770788501,0.8588893508925824,1955.2591288773801,1,3.111083750682355,0.7415879798938539,"{""type"":""MultiPoint"",""coordinates"":[]}"
"454,9623","454,9623",2.3931367899470257,0.9005972733050376,2832.509339541365,1,3.031068253016433,0.6379314630694073,"{""type"":""MultiPoint"",""coordinates"":[]}"
"455,9623","455,9623",1.9648240541342101,0.9442998959942384,3771.5633689912975,1,2.215497561780888,0.25067350764667784,"{""type"":""MultiPoint"",""coordinates"":[]}"
"456,9623","456,9623",1.1073804269684069,0.742337413835493,4735.798170668,1,1.113321446466562,0.005941019498155113,"{""type"":""MultiPoint"",""coordinates"":[]}"
"457,9623","457,9623",0.7077214809101504,0.5100946250669354,5712.477248704332,1,0.7712465807289994,0.06352509981884903,"{""type"":""MultiPoint"",""coordinates"":[]}"
"458,9623","458,9623",0.2446297116228568,0.214937400426633,6696.157995883711,1,0.2648371537494352,0.020207442126578393,"{""type"":""MultiPoint"",""coordinates"":[]}"
"459,9623","459,9623",0.0,0.0,7684.1523277351625,0,0.0,0.0,"{""type"":""MultiPoint"",""coordinates"":[]}"
"460,9623","460,9623",0.025703217653394898,0.02537844335798847,8674.986864444478,1,0.025703217653394898,0.0,"{""type"":""MultiPoint"",""coordinates"":[]}"
"461,9623","461,9623",0.07566517237889565,0.07293923522711741,9667.788675594258,1,0.07566517237889565,0.0,"{""type"":""MultiPoint"",""coordinates"":[]}"
"232,9624","232,9624",0.3158290045257526,0.1536803354832974,10491.460814699989,1,1.2170611964749674,0.9012321919492148,"{""type"":""MultiPoint"",""coordinates"":[]}"
"233,9624","233,9624",0.7870750750566362,0.33358257233642274,9539.024627235169,1,1.7748376265011594,0.9877625514445232,"{""type"":""MultiPoint"",""coordinates"":[]}"
"234,9624","234,9624",1.1013172994651614,0.6438762408033553,8597.278574658976,1,1.3197957333674233,0.21847843390226174,"{""type"":""MultiPoint"",""coordinates"":[]}"
"235,9624","235,9624",0.6915213632545039,0.4337791053325538,7670.163980515928,1,0.9648585227893779,0.27333715953487403,"{""type"":""MultiPoint"",""coordinates"":[]}"
"236,9624","236,9624",1.0200204421980095,0.5955860498176555,6763.703285579938,1,1.2729724530359687,0.25295201083795926,"{""type"":""MultiPoint"",""coordinates"":[]}"
"237,9624","237,9624",1.76088856661368,0.7713998294921611,5887.447751551334,1,2.2752514606545327,0.5143628940408528,"{""type"":""MultiPoint"",""coordinates"":[]}"
"238,9624","238,9624",1.916180192741357,0.6140363120092042,5057.127229640367,1,3.1761598700197164,1.2599796772783594,"{""type"":""MultiPoint"",""coordinates"":[]}"
"239,9624","239,9624",0.783638868225764,0.1785034187528438,4299.443135771678,1,3.7935197341115505,3.0098808658857865,"{""type"":""MultiPoint"",""coordinates"":[]}"
"240,9624","240,9624",0.9385323365257214,0.15893449582729335,3659.7963619059697,1,5.386843246548142,4.44831091002242,"{""type"":""MultiPoint"",""coordinates"":[]}"
"241,9624","241,9624",1.593832739214664,0.32789783615004175,3209.556787482499,1,4.701149881652205,3.1073171424375405,"{""type"":""MultiPoint"",""coordinates"":[]}"
"242,9624","242,9624",1.3076815496884358,0.25773099241035213,3033.0230910660016,1,4.755719005908329,3.448037456219893,"{""type"":""MultiPoint"",""coordinates"":[]}"
"243,9624","243,9624",1.2628969671795756,0.2917353495305195,2988.9332959708568,1,3.9910207295704057,2.72812376239083,"{""type"":""MultiPoint"",""coordinates"":[]}"
"244,9624","244,9624",0.5271551852156806,0.0989089791214004,2944.8430875798244,1,4.597621907918191,4.07046672270251,"{""type"":""MultiPoint"",""coordinates"":[]}"
"245,9624","245,9624",0.9868258522837818,0.13109392102492623,2900.7524668882943,1,7.031815221601811,6.044989369318029,"{""type"":""MultiPoint"",""coordinates"":[]}"
"246,9624","246,9624",1.0447408136439655,0.1466638353159717,2856.6614350795294,1,6.658504973943919,5.6137641602999535,"{""type"":""MultiPoint"",""coordinates"":[]}"
"247,9624","247,9624",1.9569574339340803,0.39576554609126213,2812.56999912533,1,4.987591478922596,3.0306340449885156,"{""type"":""MultiPoint"",""coordinates"":[]}"
"248,9624","248,9624",2.043890851103279,0.49180704432388844,2768.4781546134022,1,4.261255911768298,2.2173650606650193,"{""type"":""MultiPoint"",""coordinates"":[]}"
"249,9624","249,9624",1.9191243128715156,0.6124816562802428,2724.3859004678507,1,3.1902655497129384,1.2711412368414228,"{""type"":""MultiPoint"",""coordinates"":[]}"
"250,9624","250,9624",1.0696839643299734,0.4297649266482312,2680.293246345051,1,2.062031775381547,0.9923478110515738,"{""type"":""MultiPoint"",""coordinates"":[]}"
"251,9624","251,9624",0.5974430203029555,0.2366406420294742,2636.2001918096485,1,1.8351768877816528,1.2377338674786973,"{""type"":""MultiPoint"",""coordinates"":[]}"
"252,9624","252,9624",-1.2048590394198224,-0.25049575766190757,2592.106745371363,1,3.2325932056145876,4.43745224503441,"{""type"":""MultiPoint"",""coordinates"":[]}"
"253,9624","253,9624",-1.2455018991676274,-0.3016829874354241,2548.012894768331,1,2.5370261007225596,3.782527999890187,"{""type"":""MultiPoint"",""coordinates"":[]}"
"254,9624","254,9624",0.3907952594518862,0.18414795791473815,2509.430921550818,1,1.3235720490337313,0.9327767895818451,"{""type"":""MultiPoint"",""coordinates"":[]}"
"255,9624","255,9624",-0.04987822801910691,-0.025706483592043194,2569.009024226592,1,0.915465318780805,0.9653435467999119,"{""type"":""MultiPoint"",""coordinates"":[]}"
"256,9624","256,9624",0.06695805381513331,0.04467297454324831,2630.535702496248,1,0.532577523714516,0.46561946989938274,"{""type"":""MultiPoint"",""coordinates"":[]}"
"257,9624","257,9624",0.09724115032979974,0.09279898423565881,2692.06262655179,1,0.09724115032979974,0.0,"{""type"":""MultiPoint"",""coordinates"":[]}"
"258,9624","258,9624",0.0,0.0,2753.5897906758864,0,0.0,0.0,"{""type"":""MultiPoint"",""coordinates"":[]}"
"259,9624","259,9624",0.05421771883675429,0.05209739990655199,2815.117192643086,1,0.06804336379782847,0.013825644961074177,"{""type"":""MultiPoint"",""coordinates"":[]}"
"260,9624","260,9624",0.3810718122954122,0.30822324615184515,2876.6448320414647,1,0.43665838210231667,0.05558656980690447,"{""type"":""MultiPoint"",""coordinates"":[]}"
"261,9624","261,9624",0.4011443643363549,0.30821070161573366,2938.1727040987394,1,0.512385387106235,0.11124102276988014,"{""type"":""MultiPoint"",""coordinates"":[]}"
"262,9624","262,9624",0.36483251668729827,0.27734404954439135,3019.8167711708243,1,0.5062885127214166,0.14145599603411835,"{""type"":""MultiPoint"",""coordinates"":[]}"
"263,9624","263,9624",0.10329526207343225,0.09830139445190099,3141.259456012602,1,0.10329526207343225,0.0,"{""type"":""MultiPoint"",""coordinates"":[]}"
"264,9624","264,9624",0.0,0.0,3262.7027134118757,0,0.0,0.0,"{""type"":""MultiPoint"",""coordinates"":[]}"
"265,9624","265,9624",0.0720209207057545,0.06954557804190993,3384.1465390636818,1,0.0720209207057545,0.0,"{""type"":""MultiPoint"",""coordinates"":[]}"
"266,9624","266,9624",0.12529920843343023,0.11804896334641868,3505.5909194094393,1,0.12529920843343023,0.0,"{""type"":""MultiPoint"",""coordinates"":[]}"
"267,9624","267,9624",0.2500764083831686,0.22320467615258363,3627.0358574978213,1,0.2500764083831686,0.0,"{""type"":""MultiPoint"",""coordinates"":[]}"
"268,9624","268,9624",0.6135181247219251,0.47841696561810815,3748.48135338833,1,0.6135181247219251,0.0,"{""type"":""MultiPoint"",""coordinates"":[]}"
"269,9624","269,9624",0.40642542154719574,0.3410513234020203,3869.927387728379,1,0.40642542154719574,0.0,"{""type"":""MultiPoint"",""coordinates"":[]}"
"270,9624","270,9624",0.32426600805758615,0.24701876900240893,3991.3739609893846,1,0.4815193038653675,0.15725329580778136,"{""type"":""MultiPoint"",""coordinates"":[]}"
"271,9624","271,9624",0.296313200690891,0.1958404490914576,4112.821064951169,1,0.6660230616099615,0.3697098609190705,"{""type"":""MultiPoint"",""coordinates"":[]}"
"272,9624","272,9624",0.516580244139079,0.3671161541513006,4234.2686959384255,1,0.6811887282301362,0.16460848409105716,"{""type"":""MultiPoint"",""coordinates"":[]}"
"273,9624","273,9624",0.3071847384770031,0.26787577008375546,4355.716850091795,1,0.3071847384770031,0.0,"{""type"":""MultiPoint"",""coordinates"":[]}"
"274,9624","274,9624",0.014751535980668787,0.014643790389992726,4477.165524180395,1,0.014751535980668787,0.0,"{""type"":""MultiPoint"",""coordinates"":[]}"
"275,9624","275,9624",-0.01567061176549082,-0.015513258158435309,4598.614695873001,1,0.0023281220601846096,0.01799873382567543,"{""type"":""MultiPoint"",""coordinates"":[]}"
"276,9624","276,9624",-0.07121775956414926,-0.06654190329004442,4720.064373546658,1,0.03505535458172357,0.10627311414587283,"{""type"":""MultiPoint"",""coordinates"":[]}"
"277,9624","277,9624",-0.027876027240724625,-0.027233923206061623,4841.514558623943,1,0.009702610908358195,0.03757863814908282,"{""type"":""MultiPoint"",""coordinates"":[]}"
"278,9624","278,9624",0.0,0.0,4962.965227047551,0,0.0,0.0,"{""type"":""MultiPoint"",""coordinates"":[]}"
"279,9624","279,9624",0.0,0.0,5084.416382114126,0,0.0,0.0,"{""type"":""MultiPoint"",""coordinates"":[]}"
"280,9624","280,9624",0.016425305854774523,0.016137950664381846,5205.868010127306,1,0.026040918098952245,0.00961561224417772,"{""type"":""MultiPoint"",""coordinates"":[]}"
"281,9624","281,9624",0.06258528231362989,0.05957468863414288,5327.320116935998,1,0.08213810925561241,0.019552826941982522,"{""type"":""MultiPoint"",""coordinates"":[]}"
"282,9624","282,9624",0.11473357742456704,0.10861543234657171,5448.772683484629,1,0.11473357742456704,0.0,"{""type"":""MultiPoint"",""coordinates"":[]}"
"283,9624","283,9624",0.026695048847599386,0.02634495291668597,5570.225715154791,1,0.026695048847599386,0.0,"{""type"":""MultiPoint"",""coordinates"":[]}"
"284,9624","284,9624",-0.004876577767423784,-0.0042846325424911735,5691.679204751555,1,0.13571887615715772,0.1405954539245815,"{""type"":""MultiPoint"",""coordinates"":[]}"
"285,9624","285,9624",-0.058392732251336135,-0.05198918893288505,5813.133139307452,1,0.09422727667620419,0.15262000892754032,"{""type"":""MultiPoint"",""coordinates"":[]}"
"286,9624","286,9624",-0.0073110190654995,-0.007166146836216761,5934.587522659697,1,0.016565052488508827,0.023876071554008328,"{""type"":""MultiPoint"",""coordinates"":[]}"
"287,9624","287,9624",0.0,0.0,6056.042345501615,0,0.0,0.0,"{""type"":""MultiPoint"",""coordinates"":[]}"
"288,9624","288,9624",0.0,0.0,6177.497597507401,0,0.0,0.0,"{""type"":""MultiPoint"",""coordinates"":[]}"
"289,9624","289,9624",0.0,0.0,6298.953277906991,0,0.0,0.0,"{""type"":""MultiPoint"",""coordinates"":[]}"
"290,9624","290,9624",0.0,0.0,6420.4093773623645,0,0.0,0.0,"{""type"":""MultiPoint"",""coordinates"":[]}"
"291,9624","291,9624",0.0,0.0,6541.865879913708,0,0.0,0.0,"{""type"":""MultiPoint"",""coordinates"":[]}"
"292,9624","292,9624",0.0,0.0,6645.175243776175,0,0.0,0.0,"{""type"":""MultiPoint"",""coordinates"":[]}"
"293,9624","293,9624",0.0,0.0,6576.113823618795,0,0.0,0.0,"{""type"":""MultiPoint"",""coordinates"":[]}"
"294,9624","294,9624",0.0,0.0,6507.051836559143,0,0.0,0.0,"{""type"":""MultiPoint"",""coordinates"":[]}"
"295,9624","295,9624",0.0,0.0,6437.989274506084,0,0.0,0.0,"{""type"":""MultiPoint"",""coordinates"":[]}"
"296,9624","296,9624",0.0,0.0,6368.9261340515895,0,0.0,0.0,"{""type"":""MultiPoint"",""coordinates"":[]}"
"297,9624","297,9624",0.0,0.0,6299.862441877336,0,0.0,0.0,"{""type"":""MultiPoint"",""coordinates"":[]}"
"298,9624","298,9624",0.0,0.0,6230.798179813286,0,0.0,0.0,"{""type"":""MultiPoint"",""coordinates"":[]}"
"299,9624","299,9624",0.0,0.0,6161.733361698464,0,0.0,0.0,"{""type"":""MultiPoint"",""coordinates"":[]}"
"300,9624","300,9624",0.0,0.0,6092.667986009706,0,0.0,0.0,"{""type"":""MultiPoint"",""coordinates"":[]}"
"301,9624","301,9624",0.0,0.0,6023.602060297222,0,0.0,0.0,"{""type"":""MultiPoint"",""coordinates"":[]}"
"302,9624","302,9624",0.0,0.0,5954.535581000427,0,0.0,0.0,"{""type"":""MultiPoint"",""coordinates"":[]}"
"303,9624","303,9624",0.0,0.0,5885.46856587062,0,0.0,0.0,"{""type"":""MultiPoint"",""coordinates"":[]}"
"304,9624","304,9624",0.0,0.0,5816.401003300809,0,0.0,0.0,"{""type"":""MultiPoint"",""coordinates"":[]}"
"305,9624","305,9624",0.0,0.0,5747.332903139491,0,0.0,0.0,"{""type"":""MultiPoint"",""coordinates"":[]}"
"306,9624","306,9624",0.0,0.0,5678.264261634332,0,0.0,0.0,"{""type"":""MultiPoint"",""coordinates"":[]}"
"307,9624","307,9624",0.0,0.0,5609.1950992895545,0,0.0,0.0,"{""type"":""MultiPoint"",""coordinates"":[]}"
"308,9624","308,9624",0.0,0.0,5540.125404954024,0,0.0,0.0,"{""type"":""MultiPoint"",""coordinates"":[]}"
"309,9624","309,9624",0.0,0.0,5471.055180712492,0,0.0,0.0,"{""type"":""MultiPoint"",""coordinates"":[]}"
"310,9624","310,9624",0.0,0.0,5401.984440227707,0,0.0,0.0,"{""type"":""MultiPoint"",""coordinates"":[]}"
"311,9624","311,9624",0.1398334698883177,0.1308821726904858,5332.9131859624595,1,0.1398334698883177,0.0,"{""type"":""MultiPoint"",""coordinates"":[]}"
"312,9624","312,9624",0.6735967820029927,0.460182862560477,5263.841416016567,1,0.8262980977372963,0.15270131573430362,"{""type"":""MultiPoint"",""coordinates"":[]}"
"313,9624","313,9624",0.9800235228507698,0.5262977756336124,5194.769124729144,1,1.39490507819926,0.41488155534849025,"{""type"":""MultiPoint"",""coordinates"":[]}"
"314,9624","314,9624",0.7342585964894819,0.42862205000294523,5125.696330528934,1,1.1063436787265297,0.3720850822370479,"{""type"":""MultiPoint"",""coordinates"":[]}"
"315,9624","315,9624",0.5879630538392724,0.38026947211246154,4999.6114903880025,1,0.8587435539781761,0.27078050013890376,"{""type"":""MultiPoint"",""coordinates"":[]}"
"316,9624","316,9624",0.5725232184510542,0.306608723792602,4826.412274487641,1,1.1681434742571173,0.595620255806063,"{""type"":""MultiPoint"",""coordinates"":[]}"
"317,9624","317,9624",0.9791877571619771,0.4680682090423476,4653.212097852562,1,1.6196256623707221,0.640437905208745,"{""type"":""MultiPoint"",""coordinates"":[]}"
"318,9624","318,9624",0.5563739307573811,0.4294710592546249,4480.010972539506,1,0.593524662786809,0.03715073202942801,"{""type"":""MultiPoint"",""coordinates"":[]}"
"319,9624","319,9624",0.0,0.0,4306.8088945721065,0,0.0,0.0,"{""type"":""MultiPoint"",""coordinates"":[]}"
"320,9624","320,9624",0.0,0.0,4133.605883262383,0,0.0,0.0,"{""type"":""MultiPoint"",""coordinates"":[]}"
"321,9624","321,9624",0.0,0.0,3960.401943419638,0,0.0,0.0,"{""type"":""MultiPoint"",""coordinates"":[]}"
"322,9624","322,9624",0.0,0.0,3787.1970873697787,0,0.0,0.0,"{""type"":""MultiPoint"",""coordinates"":[]}"
"323,9624","323,9624",0.0,0.0,3613.9913136018877,0,0.0,0.0,"{""type"":""MultiPoint"",""coordinates"":[]}"
"324,9624","324,9624",0.15485393018624805,0.14397386860487085,3440.784646129727,1,0.15485393018624805,0.0,"{""type"":""MultiPoint"",""coordinates"":[]}"
"325,9624","325,9624",0.22047610081668587,0.19924102918983072,3267.577077705969,1,0.22047610081668587,0.0,"{""type"":""MultiPoint"",""coordinates"":[]}"
"326,9624","326,9624",0.15157497793410557,0.14113055143203937,3094.3686239218773,1,0.15157497793410557,0.0,"{""type"":""MultiPoint"",""coordinates"":[]}"
"327,9624","327,9624",0.361379518544572,0.3084985375117381,2921.1592965300656,1,0.361379518544572,0.0,"{""type"":""MultiPoint"",""coordinates"":[]}"
"328,9624","328,9624",0.5990349459780815,0.4694002885086131,2747.949098134674,1,0.5990349459780815,0.0,"{""type"":""MultiPoint"",""coordinates"":[]}"
"329,9624","329,9624",0.5311137916494723,0.34338967407428045,2574.738047993218,1,0.827404924808708,0.2962911331592357,"{""type"":""MultiPoint"",""coordinates"":[]}"
"330,9624","330,9624",0.593367555668662,0.3378824837266557,2401.526141562801,1,1.0694953376559542,0.47612778198729216,"{""type"":""MultiPoint"",""coordinates"":[]}"
"331,9624","331,9624",0.6766187162150471,0.4688958207183321,2228.313380592328,1,0.8076559871409671,0.13103727092591996,"{""type"":""MultiPoint"",""coordinates"":[]}"
"332,9624","332,9624",0.2387998771208983,0.21391402758571398,2055.099787388141,1,0.2399893357967719,0.0011894586758735852,"{""type"":""MultiPoint"",""coordinates"":[]}"
"333,9624","333,9624",0.1402569543203806,0.12963473881105117,1881.8853772851503,1,0.1535828099024408,0.013325855582060215,"{""type"":""MultiPoint"",""coordinates"":[]}"
"334,9624","334,9624",0.18432837587018824,0.1674164265512251,1708.6701436876426,1,0.19575188435786192,0.011423508487673678,"{""type"":""MultiPoint"",""coordinates"":[]}"
"335,9624","335,9624",0.35336218929831237,0.292637214687149,1535.4541070782977,1,0.39279547045636726,0.03943328115805487,"{""type"":""MultiPoint"",""coordinates"":[]}"
"336,9624","336,9624",0.6400158954911853,0.4281955098766904,1362.2372572498396,1,0.837457596592299,0.1974417011011137,"{""type"":""MultiPoint"",""coordinates"":[]}"
"337,9624","337,9624",0.8353512517859326,0.4397660045015166,1189.0196209166565,1,1.3477264216458114,0.5123751698598787,"{""type"":""MultiPoint"",""coordinates"":[]}"
"338,9624","338,9624",0.45657488420745873,0.23843119008352043,1015.8012021561822,1,1.1522632412057945,0.6956883569983358,"{""type"":""MultiPoint"",""coordinates"":[]}"
"339,9624","339,9624",0.5305295418182464,0.2822474380585041,921.3247498723483,1,1.1573877603019755,0.6268582184837291,"{""type"":""MultiPoint"",""coordinates"":[]}"
"340,9624","340,9624",0.4823790136214397,0.3499899825408979,1025.6166134873063,1,0.6334950539653432,0.15111604034390352,"{""type"":""MultiPoint"",""coordinates"":[]}"
"341,9624","341,9624",0.06995196047759238,0.06761375071601196,1129.9087980318432,1,0.06995196047759238,0.0,"{""type"":""MultiPoint"",""coordinates"":[]}"
"342,9624","342,9624",0.0,0.0,1234.2013026479603,0,0.0,0.0,"{""type"":""MultiPoint"",""coordinates"":[]}"
"343,9624","343,9624",0.0,0.0,1338.4941262179425,0,0.0,0.0,"{""type"":""MultiPoint"",""coordinates"":[]}"
"344,9624","344,9624",0.0,0.0,1442.7872578965923,0,0.0,0.0,"{""type"":""MultiPoint"",""coordinates"":[]}"
"345,9624","345,9624",0.0,0.0,1547.0806958220207,0,0.0,0.0,"{""type"":""MultiPoint"",""coordinates"":[]}"
"346,9624","346,9624",0.0,0.0,1651.3744327679233,0,0.0,0.0,"{""type"":""MultiPoint"",""coordinates"":[]}"
"347,9624","347,9624",0.0,0.0,1755.668469662956,0,0.0,0.0,"{""type"":""MultiPoint"",""coordinates"":[]}"
"348,9624","348,9624",0.08889083237829186,0.08515959317592076,1423.1359807559227,1,0.08889083237829186,0.0,"{""type"":""MultiPoint"",""coordinates"":[]}"
"349,9624","349,9624",0.29765660492688273,0.2605600262133875,1061.5529688715396,1,0.29765660492688273,0.0,"{""type"":""MultiPoint"",""coordinates"":[]}"
"350,9624","350,9624",0.6511887491230043,0.5014954825240224,699.9685488117382,1,0.6511887491230043,0.0,"{""type"":""MultiPoint"",""coordinates"":[]}"
"351,9624","351,9624",0.7221544216445652,0.476202783803649,338.38272148444236,1,0.9061122336853688,0.18395781204080353,"{""type"":""MultiPoint"",""coordinates"":[]}"
"352,9624","352,9624",0.7820255171173316,0.2547372534418635,23.204504026000695,1,2.4775256754991597,1.695500158381828,"{""type"":""MultiPoint"",""coordinates"":[]}"
"353,9624","353,9624",1.611664313699511,0.45821279480296107,188.17409271693904,1,3.384441836572214,1.772777522872703,"{""type"":""MultiPoint"",""coordinates"":[]}"
"354,9624","354,9624",0.88648941855342,0.44266570852124726,191.4222203631875,1,1.4784559175636924,0.5919664990102724,"{""type"":""MultiPoint"",""coordinates"":[]}"
"355,9624","355,9624",0.7210594483921605,0.4787805976649179,194.67041673264254,1,0.8952226571979062,0.17416320880574565,"{""type"":""MultiPoint"",""coordinates"":[]}"
"356,9624","356,9624",0.33441123092145664,0.2884901690448532,197.91868114691547,1,0.33441123092145664,0.0,"{""type"":""MultiPoint"",""coordinates"":[]}"
"357,9624","357,9624",0.42496845628870794,0.35414967753786153,201.16701245764273,1,0.42496845628870794,0.0,"{""type"":""MultiPoint"",""coordinates"":[]}"
"358,9624","358,9624",0.38260854188479204,0.32397196264157324,204.41542221477758,1,0.38260854188479204,0.0,"{""type"":""MultiPoint"",""coordinates"":[]}"
"359,9624","359,9624",0.5320894850571436,0.42663248022427874,207.66389411811383,1,0.5320894850571436,0.0,"{""type"":""MultiPoint"",""coordinates"":[]}"
"360,9624","360,9624",0.22620716406956243,0.20392579882617198,210.91243237640225,1,0.22620716406956243,0.0,"{""type"":""MultiPoint"",""coordinates"":[]}"
"361,9624","361,9624",0.05973901819488938,0.058022668559398076,214.1610342555819,1,0.05973901819488938,0.0,"{""type"":""MultiPoint"",""coordinates"":[]}"
"362,9624","362,9624",0.0,0.0,217.40971033238606,0,0.0,0.0,"{""type"":""MultiPoint"",""coordinates"":[]}"
"363,9624","363,9624",0.0,0.0,220.65845793922378,0,0.0,0.0,"{""type"":""MultiPoint"",""coordinates"":[]}"
"364,9624","364,9624",0.0,0.0,223.9072727253114,0,0.0,0.0,"{""type"":""MultiPoint"",""coordinates"":[]}"
"365,9624","365,9624",0.0,0.0,227.15615215500955,0,0.0,0.0,"{""type"":""MultiPoint"",""coordinates"":[]}"
"366,9624","366,9624",0.0,0.0,230.40509418172041,0,0.0,0.0,"{""type"":""MultiPoint"",""coordinates"":[]}"
"367,9624","367,9624",0.0,0.0,233.654109610849,0,0.0,0.0,"{""type"":""MultiPoint"",""coordinates"":[]}"
"368,9624","368,9624",0.0,0.0,236.90319320891297,0,0.0,0.0,"{""type"":""MultiPoint"",""coordinates"":[]}"
"369,9624","369,9624",0.0,0.0,240.1523374932117,0,0.0,0.0,"{""type"":""MultiPoint"",""coordinates"":[]}"
"370,9624","370,9624",0.0,0.0,243.4015510496816,0,0.0,0.0,"{""type"":""MultiPoint"",""coordinates"":[]}"
"371,9624","371,9624",0.0,0.0,246.65083361582987,0,0.0,0.0,"{""type"":""MultiPoint"",""coordinates"":[]}"
"372,9624","372,9624",0.0,0.0,249.900186171804,0,0.0,0.0,"{""type"":""MultiPoint"",""coordinates"":[]}"
"373,9624","373,9624",0.0,0.0,253.14959911914048,0,0.0,0.0,"{""type"":""MultiPoint"",""coordinates"":[]}"
"374,9624","374,9624",0.0,0.0,256.3990797322476,0,0.0,0.0,"{""type"":""MultiPoint"",""coordinates"":[]}"
"375,9624","375,9624",0.0,0.0,259.648625353381,0,0.0,0.0,"{""type"":""MultiPoint"",""coordinates"":[]}"
"376,9624","376,9624",0.0,0.0,262.8982325517756,0,0.0,0.0,"{""type"":""MultiPoint"",""coordinates"":[]}"
"377,9624","377,9624",0.0,0.0,266.1479119050122,0,0.0,0.0,"{""type"":""MultiPoint"",""coordinates"":[]}"
"378,9624","378,9624",0.0,0.0,269.3976567285108,0,0.0,0.0,"{""type"":""MultiPoint"",""coordinates"":[]}"
"379,9624","379,9624",0.0,0.0,272.6474666562277,0,0.0,0.0,"{""type"":""MultiPoint"",""coordinates"":[]}"
"380,9624","380,9624",0.0,0.0,275.8973348180648,0,0.0,0.0,"{""type"":""MultiPoint"",""coordinates"":[]}"
"381,9624","381,9624",0.0,0.0,279.14727600753423,0,0.0,0.0,"{""type"":""MultiPoint"",""coordinates"":[]}"
"382,9624","382,9624",0.0,0.0,282.3972766075853,0,0.0,0.0,"{""type"":""MultiPoint"",""coordinates"":[]}"
"383,9624","383,9624",0.0,0.0,285.64734694542284,0,0.0,0.0,"{""type"":""MultiPoint"",""coordinates"":[]}"
"384,9624","384,9624",0.0,0.0,288.8974764773537,0,0.0,0.0,"{""type"":""MultiPoint"",""coordinates"":[]}"
"385,9624","385,9624",0.0,0.0,292.14767429488535,0,0.0,0.0,"{""type"":""MultiPoint"",""coordinates"":[]}"
"386,9624","386,9624",0.0,0.0,295.3979351974894,0,0.0,0.0,"{""type"":""MultiPoint"",""coordinates"":[]}"
"387,9624","387,9624",0.0,0.0,298.64826112502124,0,0.0,0.0,"{""type"":""MultiPoint"",""coordinates"":[]}"
"388,9624","388,9624",0.0,0.0,301.8986500858676,0,0.0,0.0,"{""type"":""MultiPoint"",""coordinates"":[]}"
"389,9624","389,9624",0.0,0.0,305.14909985626434,0,0.0,0.0,"{""type"":""MultiPoint"",""coordinates"":[]}"
"390,9624","390,9624",0.0,0.0,308.39961413594267,0,0.0,0.0,"{""type"":""MultiPoint"",""coordinates"":[]}"
"391,9624","391,9624",0.0,0.0,311.6501905535717,0,0.0,0.0,"{""type"":""MultiPoint"",""coordinates"":[]}"
"392,9624","392,9624",0.0,0.0,314.90083812583106,0,0.0,0.0,"{""type"":""MultiPoint"",""coordinates"":[]}"
"393,9624","393,9624",0.0,0.0,318.15154047733375,0,0.0,0.0,"{""type"":""MultiPoint"",""coordinates"":[]}"
"394,9624","394,9624",0.0,0.0,321.40231379077204,0,0.0,0.0,"{""type"":""MultiPoint"",""coordinates"":[]}"
"395,9624","395,9624",0.0,0.0,324.65314575261397,0,0.0,0.0,"{""type"":""MultiPoint"",""coordinates"":[]}"
"396,9624","396,9624",0.0,0.0,327.904036664226,0,0.0,0.0,"{""type"":""MultiPoint"",""coordinates"":[]}"
"397,9624","397,9624",0.0,0.0,331.1549890877245,0,0.0,0.0,"{""type"":""MultiPoint"",""coordinates"":[]}"
"398,9624","398,9624",0.0,0.0,334.40600752186486,0,0.0,0.0,"{""type"":""MultiPoint"",""coordinates"":[]}"
"399,9624","399,9624",0.0,0.0,337.65708761880455,0,0.0,0.0,"{""type"":""MultiPoint"",""coordinates"":[]}"
"400,9624","400,9624",0.0,0.0,340.9082310880218,0,0.0,0.0,"{""type"":""MultiPoint"",""coordinates"":[]}"
"401,9624","401,9624",0.0,0.0,344.1594383026606,0,0.0,0.0,"{""type"":""MultiPoint"",""coordinates"":[]}"
"402,9624","402,9624",0.0,0.0,347.4107004220062,0,0.0,0.0,"{""type"":""MultiPoint"",""coordinates"":[]}"
"403,9624","403,9624",0.0,0.0,378.5354797615794,0,0.0,0.0,"{""type"":""MultiPoint"",""coordinates"":[]}"
"404,9624","404,9624",0.0,0.0,757.0544877015654,0,0.0,0.0,"{""type"":""MultiPoint"",""coordinates"":[]}"
"405,9624","405,9624",0.0,0.0,1135.5705397604609,0,0.0,0.0,"{""type"":""MultiPoint"",""coordinates"":[]}"
"406,9624","406,9624",0.0,0.0,1514.0875037186502,0,0.0,0.0,"{""type"":""MultiPoint"",""coordinates"":[]}"
"407,9624","407,9624",0.0,0.0,1892.6053674429886,0,0.0,0.0,"{""type"":""MultiPoint"",""coordinates"":[]}"
"408,9624","408,9624",0.0,0.0,2271.124098239424,0,0.0,0.0,"{""type"":""MultiPoint"",""coordinates"":[]}"
"409,9624","409,9624",0.0,0.0,2649.6436975611496,0,0.0,0.0,"{""type"":""MultiPoint"",""coordinates"":[]}"
"410,9624","410,9624",0.0,0.0,3028.1641287160037,0,0.0,0.0,"{""type"":""MultiPoint"",""coordinates"":[]}"
"411,9624","411,9624",0.0,0.0,3406.6853973729735,0,0.0,0.0,"{""type"":""MultiPoint"",""coordinates"":[]}"
"412,9624","412,9624",0.0,0.0,3785.2074592843333,0,0.0,0.0,"{""type"":""MultiPoint"",""coordinates"":[]}"
"413,9624","413,9624",0.0,0.0,4163.730326233087,0,0.0,0.0,"{""type"":""MultiPoint"",""coordinates"":[]}"
"414,9624","414,9624",0.0,0.0,4542.253953635435,0,0.0,0.0,"{""type"":""MultiPoint"",""coordinates"":[]}"
"415,9624","415,9624",0.0,0.0,4920.778336348882,0,0.0,0.0,"{""type"":""MultiPoint"",""coordinates"":[]}"
"416,9624","416,9624",0.0,0.0,5299.30345550585,0,0.0,0.0,"{""type"":""MultiPoint"",""coordinates"":[]}"
"417,9624","417,9624",0.0,0.0,5677.829298767467,0,0.0,0.0,"{""type"":""MultiPoint"",""coordinates"":[]}"
"418,9624","418,9624",0.0,0.0,6056.35585033478,0,0.0,0.0,"{""type"":""MultiPoint"",""coordinates"":[]}"
"419,9624","419,9624",0.0348918449022387,0.03429692357807305,6434.8830745726,1,0.0348918449022387,0.0,"{""type"":""MultiPoint"",""coordinates"":[]}"
"420,9624","420,9624",0.5626046488690554,0.4463540756618712,6813.41096685728,1,0.5626046488690554,0.0,"{""type"":""MultiPoint"",""coordinates"":[]}"
"421,9624","421,9624",0.4907111202783315,0.39925326803588185,7191.939523617338,1,0.4907111202783315,0.0,"{""type"":""MultiPoint"",""coordinates"":[]}"
"422,9624","422,9624",0.026530215679070886,0.02544440654798432,7570.468699597034,1,0.05599514589859889,0.029464930219528007,"{""type"":""MultiPoint"",""coordinates"":[]}"
"423,9624","423,9624",0.17550070185775626,0.14391153646229854,7948.998498713654,1,0.30935839151529826,0.133857689657542,"{""type"":""MultiPoint"",""coordinates"":[]}"
"424,9624","424,9624",0.1786367977348733,0.15316680364959104,8327.528897314822,1,0.25788686783319875,0.07925007009832546,"{""type"":""MultiPoint"",""coordinates"":[]}"
"425,9624","425,9624",0.1858448862315041,0.16964527943479252,8706.05987225018,1,0.1910395482555032,0.005194662023999104,"{""type"":""MultiPoint"",""coordinates"":[]}"
"426,9624","426,9624",0.13892432660731963,0.12254823862712967,9092.761779440838,1,0.20451028212547714,0.06558595551815753,"{""type"":""MultiPoint"",""coordinates"":[]}"
"427,9624","427,9624",0.3308719571883957,0.27960163323491727,9480.303684593307,1,0.3565045001929346,0.025632543004538915,"{""type"":""MultiPoint"",""coordinates"":[]}"
"428,9624","428,9624",1.0037747226298266,0.5881340599161007,9867.846139254125,1,1.2575129852311253,0.25373826260129884,"{""type"":""MultiPoint"",""coordinates"":[]}"
"429,9624","429,9624",1.1801925415351784,0.604517056391514,10255.389120518897,1,1.6014810517838558,0.42128851024867736,"{""type"":""MultiPoint"",""coordinates"":[]}"
"430,9624","430,9624",0.678239351592582,0.4572907280005748,10410.070811042959,1,0.8480449140428784,0.1698055624502964,"{""type"":""MultiPoint"",""coordinates"":[]}"
"431,9624","431,9624",0.27987008349179,0.24605455370807625,9918.58186465796,1,0.28309889465621485,0.0032288111644248442,"{""type"":""MultiPoint"",""coordinates"":[]}"
"432,9624","432,9624",0.049991735499607365,0.04878229318570097,9427.09192920889,1,0.049991735499607365,0.0,"{""type"":""MultiPoint"",""coordinates"":[]}"
"433,9624","433,9624",0.0,0.0,8935.601040716341,0,0.0,0.0,"{""type"":""MultiPoint"",""coordinates"":[]}"
"434,9624","434,9624",0.0,0.0,8444.109215193208,0,0.0,0.0,"{""type"":""MultiPoint"",""coordinates"":[]}"
"435,9624","435,9624",0.0,0.0,7952.616473900276,0,0.0,0.0,"{""type"":""MultiPoint"",""coordinates"":[]}"
"436,9624","436,9624",0.0,0.0,7461.122833897224,0,0.0,0.0,"{""type"":""MultiPoint"",""coordinates"":[]}"
"437,9624","437,9624",0.0,0.0,6969.62832986234,0,0.0,0.0,"{""type"":""MultiPoint"",""coordinates"":[]}"
"438,9624","438,9624",0.0,0.0,6478.132978286487,0,0.0,0.0,"{""type"":""MultiPoint"",""coordinates"":[]}"
"439,9624","439,9624",0.0,0.0,5986.6367921241535,0,0.0,0.0,"{""type"":""MultiPoint"",""coordinates"":[]}"
"440,9624","440,9624",0.0,0.0,5495.139803231376,0,0.0,0.0,"{""type"":""MultiPoint"",""coordinates"":[]}"
"441,9624","441,9624",0.0,0.0,5003.642027886045,0,0.0,0.0,"{""type"":""MultiPoint"",""coordinates"":[]}"
"442,9624","442,9624",0.0,0.0,4512.143486096536,0,0.0,0.0,"{""type"":""MultiPoint"",""coordinates"":[]}"
"443,9624","443,9624",0.0,0.0,4020.6442015931857,0,0.0,0.0,"{""type"":""MultiPoint"",""coordinates"":[]}"
"444,9624","444,9624",0.0,0.0,3529.144193898278,0,0.0,0.0,"{""type"":""MultiPoint"",""coordinates"":[]}"
"445,9624","445,9624",0.0,0.0,3037.643489418522,0,0.0,0.0,"{""type"":""MultiPoint"",""coordinates"":[]}"
"446,9624","446,9624",0.0,0.0,2546.142097144635,0,0.0,0.0,"{""type"":""MultiPoint"",""coordinates"":[]}"
"447,9624","447,9624",0.2813820106766627,0.23677018677454406,2054.6400577734453,1,0.33465597940083747,0.0532739687241748,"{""type"":""MultiPoint"",""coordinates"":[]}"
"448,9624","448,9624",0.911092636139603,0.5743645395843026,1563.1373728412734,1,1.0851786797937928,0.17408604365418978,"{""type"":""MultiPoint"",""coordinates"":[]}"
"449,9624","449,9624",0.9513124480129106,0.4652148249438149,1071.634084027778,1,1.5572927684000095,0.6059803203870989,"{""type"":""MultiPoint"",""coordinates"":[]}"
"450,9624","450,9624",2.7843890573370125,0.6566765319351537,580.1301890321623,1,4.783603484193756,1.9992144268567433,"{""type"":""MultiPoint"",""coordinates"":[]}"
"451,9624","451,9624",5.922453702262252,0.8449367424868186,88.62572750555839,1,9.382701789198928,3.4602480869366756,"{""type"":""MultiPoint"",""coordinates"":[]}"
"452,9624","452,9624",3.0516009198465,0.7121313698378733,611.569923197326,1,4.990548823363984,1.9389479035174837,"{""type"":""MultiPoint"",""coordinates"":[]}"
"453,9624","453,9624",4.062242104009853,0.9920250939315446,1603.9325894126464,1,5.456457966102098,1.3942158620922458,"{""type"":""MultiPoint"",""coordinates"":[]}"
"454,9624","454,9624",4.3481176234558285,1.0602223254486953,2602.4371776356993,1,5.652350897654163,1.3042332741983345,"{""type"":""MultiPoint"",""coordinates"":[]}"
"455,9624","455,9624",3.039180402831199,1.1803067557627323,3601.980428291524,1,3.386709556098266,0.3475291532670667,"{""type"":""MultiPoint"",""coordinates"":[]}"
"456,9624","456,9624",1.570094683768917,0.9413243632927852,4601.8863003695415,1,1.5743935105122935,0.004298826743376582,"{""type"":""MultiPoint"",""coordinates"":[]}"
"457,9624","457,9624",0.7618893613868335,0.5663867340481001,5601.961196924535,1,0.7618893613868335,0.0,"{""type"":""MultiPoint"",""coordinates"":[]}"
"458,9624","458,9624",0.2897823603365702,0.25447349122256807,6602.128760261673,1,0.2897823603365702,0.0,"{""type"":""MultiPoint"",""coordinates"":[]}"
"459,9624","459,9624",0.035289789103481864,0.03468137699955825,7602.35281481866,1,0.035289789103481864,0.0,"{""type"":""MultiPoint"",""coordinates"":[]}"
"460,9624","460,9624",0.0772390481186648,0.07440133094429839,8602.613998883722,1,0.0772390481186648,0.0,"{""type"":""MultiPoint"",""coordinates"":[]}"
"461,9624","461,9624",0.0,0.0,9602.900964670416,0,0.0,0.0,"{""type"":""MultiPoint"",""coordinates"":[]}"
"232,9625","232,9625",0.3632334837664475,0.1093377142180385,10247.209198495471,1,2.507050034934527,2.1438165511680793,"{""type"":""MultiPoint"",""coordinates"":[]}"
"233,9625","233,9625",0.8524723007738284,0.2742770432887687,9269.708667028419,1,2.5537664150087545,1.701294114234926,"{""type"":""MultiPoint"",""coordinates"":[]}"
"234,9625","234,9625",1.3616444512933565,0.7844225244060861,8297.449408204897,1,1.5047871787627738,0.14314272746941728,"{""type"":""MultiPoint"",""coordinates"":[]}"
"235,9625","235,9625",1.1213696335459122,0.7009088469515393,7332.519390115052,1,1.2255322916852989,0.10416265813938654,"{""type"":""MultiPoint"",""coordinates"":[]}"
"236,9625","236,9625",1.1368481575524152,0.6710435653129451,6378.249037813249,1,1.3256744649516392,0.18882630739922393,"{""type"":""MultiPoint"",""coordinates"":[]}"
"237,9625","237,9625",1.8035547547393511,0.8805466659325423,5440.254352787385,1,2.080662626738005,0.2771078719986537,"{""type"":""MultiPoint"",""coordinates"":[]}"
"238,9625","238,9625",1.2892112618881593,0.5287855584917582,4528.6645074169155,1,2.1392129750498055,0.8500017131616462,"{""type"":""MultiPoint"",""coordinates"":[]}"
"239,9625","239,9625",0.6346228261595788,0.15694164530395938,3663.2509961450946,1,3.369294491400611,2.734671665241032,"{""type"":""MultiPoint"",""coordinates"":[]}"
"240,9625","240,9625",0.2996747914255655,0.04929875134248096,2885.8673533317533,1,5.229818614555409,4.930143823129844,"{""type"":""MultiPoint"",""coordinates"":[]}"
"241,9625","241,9625",0.7924909271468614,0.13307987345071592,2288.0805629683514,1,5.3600336961375845,4.567542768990723,"{""type"":""MultiPoint"",""coordinates"":[]}"
"242,9625","242,9625",0.44141711934304695,0.060557623530196336,2034.4275928910893,1,6.512144111102883,6.070726991759836,"{""type"":""MultiPoint"",""coordinates"":[]}"
"243,9625","243,9625",-0.21854968749975345,-0.03247536588350464,1990.3314482028197,1,5.621023306568848,5.839572994068601,"{""type"":""MultiPoint"",""coordinates"":[]}"
"244,9625","244,9625",-0.5654054408894513,-0.07663392109780132,1946.2349180137244,1,6.098912537435225,6.664317978324676,"{""type"":""MultiPoint"",""coordinates"":[]}"
"245,9625","245,9625",0.7450470249243937,0.11780279026867246,1902.1380072220657,1,5.704363697940865,4.959316673016471,"{""type"":""MultiPoint"",""coordinates"":[]}"
"246,9625","246,9625",1.091249733681046,0.23070417645342833,1858.0407103295734,1,4.2966682015885045,3.2054184679074584,"{""type"":""MultiPoint"",""coordinates"":[]}"
"247,9625","247,9625",1.3706265226068854,0.31364735457096393,1813.94301386957,1,4.091039521524597,2.7204129989177117,"{""type"":""MultiPoint"",""coordinates"":[]}"
"248,9625","248,9625",1.7147077331199738,0.4206911217286071,1769.8449386764846,1,3.9932212237118647,2.278513490591891,"{""type"":""MultiPoint"",""coordinates"":[]}"
"249,9625","249,9625",1.5382244609417626,0.5059935906751872,1725.746490022585,1,2.8737059084901264,1.3354814475483638,"{""type"":""MultiPoint"",""coordinates"":[]}"
"250,9625","250,9625",0.8768824775741528,0.3463828902687105,1681.647667641458,1,1.99524316069198,1.1183606831178272,"{""type"":""MultiPoint"",""coordinates"":[]}"
"251,9625","251,9625",0.9568588114642851,0.42123385521027445,1637.5484632035748,1,1.7834809193165768,0.8266221078522917,"{""type"":""MultiPoint"",""coordinates"":[]}"
"252,9625","252,9625",0.5746932255089843,0.22571895488303972,1593.448890121559,1,1.8442039328624895,1.2695107073535052,"{""type"":""MultiPoint"",""coordinates"":[]}"
"253,9625","253,9625",0.5043283333006787,0.18425584297222009,1549.3489410062182,1,1.9970126143873557,1.492684281086677,"{""type"":""MultiPoint"",""coordinates"":[]}"
"254,9625","254,9625",0.6306196151887034,0.29198762963693714,1510.1961478200876,1,1.4903801878804108,0.8597605726917075,"{""type"":""MultiPoint"",""coordinates"":[]}"
"255,9625","255,9625",0.5313131092243816,0.24418917954480757,1571.2547409481012,1,1.4522833361813468,0.9209702269569652,"{""type"":""MultiPoint"",""coordinates"":[]}"
"256,9625","256,9625",0.5233657688745192,0.2881359637070486,1632.7753871986426,1,1.090616983154848,0.5672512142803288,"{""type"":""MultiPoint"",""coordinates"":[]}"
"257,9625","257,9625",0.3124812118447327,0.25872308083173806,1694.296300061696,1,0.3707527864050844,0.058271574560351716,"{""type"":""MultiPoint"",""coordinates"":[]}"
"258,9625","258,9625",0.24306428861128143,0.18259787764927357,1755.8174757997976,1,0.45637387726200773,0.2133095886507263,"{""type"":""MultiPoint"",""coordinates"":[]}"
"259,9625","259,9625",0.35732059114395753,0.2524360617205151,1817.33891769431,1,0.6016585268845704,0.24433793574061294,"{""type"":""MultiPoint"",""coordinates"":[]}"
"260,9625","260,9625",0.3905655498318724,0.20626189924356642,1878.8606245986177,1,1.0955331582949521,0.7049676084630797,"{""type"":""MultiPoint"",""coordinates"":[]}"
"261,9625","261,9625",0.3857532087713482,0.16465913325429404,1940.3825850075893,1,1.5409053646742483,1.1551521559029,"{""type"":""MultiPoint"",""coordinates"":[]}"
"262,9625","262,9625",0.6319158789226921,0.3508220606622635,2027.5283362013886,1,1.1356376030042628,0.5037217240815707,"{""type"":""MultiPoint"",""coordinates"":[]}"
"263,9625","263,9625",0.18724414874165873,0.1664337272121361,2148.9651754938973,1,0.22125514055922615,0.034010991817567414,"{""type"":""MultiPoint"",""coordinates"":[]}"
"264,9625","264,9625",0.48519109671748584,0.39554344863374225,2270.40261430929,1,0.48519109671748584,0.0,"{""type"":""MultiPoint"",""coordinates"":[]}"
"265,9625","265,9625",0.7169732504726228,0.5349070713657792,2391.8406472007664,1,0.7306644909059732,0.013691240433350352,"{""type"":""MultiPoint"",""coordinates"":[]}"
"266,9625","266,9625",0.6862515877196897,0.5182869107022051,2513.2792713654862,1,0.6967101741618323,0.01045858644214263,"{""type"":""MultiPoint"",""coordinates"":[]}"
"267,9625","267,9625",0.7855676907440685,0.5797363986997907,2634.718469705085,1,0.7855676907440685,0.0,"{""type"":""MultiPoint"",""coordinates"":[]}"
"268,9625","268,9625",1.0123217671265003,0.6992891634701452,2756.158248175127,1,1.0123217671265003,0.0,"{""type"":""MultiPoint"",""coordinates"":[]}"
"269,9625","269,9625",0.2712600773250084,0.24000859544853173,2877.5985929025246,1,0.2712600773250084,0.0,"{""type"":""MultiPoint"",""coordinates"":[]}"
"270,9625","270,9625",0.09123259732156119,0.07510044249474815,2999.0394970528146,1,0.26099493241232957,0.16976233509076838,"{""type"":""MultiPoint"",""coordinates"":[]}"
"271,9625","271,9625",0.17240716192666378,0.10992420691681898,3120.480963744581,1,0.6562010930628067,0.48379393113614294,"{""type"":""MultiPoint"",""coordinates"":[]}"
"272,9625","272,9625",0.42703542763120156,0.3119037398423442,3241.9229790335135,1,0.5937249590326282,0.16668953140142667,"{""type"":""MultiPoint"",""coordinates"":[]}"
"273,9625","273,9625",0.28620189515836286,0.25169360817296155,3363.3655362203253,1,0.28620189515836286,0.0,"{""type"":""MultiPoint"",""coordinates"":[]}"
"274,9625","274,9625",0.07957082580784598,0.07656357864712347,3484.808630201037,1,0.07957082580784598,0.0,"{""type"":""MultiPoint"",""coordinates"":[]}"
"275,9625","275,9625",-0.03099376963425987,-0.02784304442602016,3606.252264845241,1,0.09773525396642621,0.12872902360068608,"{""type"":""MultiPoint"",""coordinates"":[]}"
"276,9625","276,9625",-0.16418943685042936,-0.11602345216290977,3727.6964223529844,1,0.3346324864369534,0.4988219232873828,"{""type"":""MultiPoint"",""coordinates"":[]}"
"277,9625","277,9625",-0.033448071590119574,-0.03019085386525998,3849.141095168677,1,0.09124768061217017,0.12469575220228975,"{""type"":""MultiPoint"",""coordinates"":[]}"
"278,9625","278,9625",-0.04375612120820234,-0.04282586179634426,3970.586283423784,1,0.0,0.04375612120820234,"{""type"":""MultiPoint"",""coordinates"":[]}"
"279,9625","279,9625",0.0614265321714815,0.05297332758103579,4092.0319878573996,1,0.19055915011640484,0.12913261794492334,"{""type"":""MultiPoint"",""coordinates"":[]}"
"280,9625","280,9625",0.21665338281388974,0.15306019207933036,4213.478198985249,1,0.5265673456126697,0.30991396279878,"{""type"":""MultiPoint"",""coordinates"":[]}"
"281,9625","281,9625",0.16868954093182725,0.11101908540993849,4334.924900445758,1,0.6053694328420782,0.436679891910251,"{""type"":""MultiPoint"",""coordinates"":[]}"
"282,9625","282,9625",0.35172859895719244,0.2820144386734863,4456.37209125622,1,0.4313200859557072,0.07959148699851477,"{""type"":""MultiPoint"",""coordinates"":[]}"
"283,9625","283,9625",6.810872342306595E-4,6.530761553221881E-4,4577.819772345532,1,0.0432315646529504,0.04255047741871974,"{""type"":""MultiPoint"",""coordinates"":[]}"
"284,9625","284,9625",0.03946712117677281,0.030808913780124597,4699.267934910912,1,0.30086418475569465,0.26139706357892184,"{""type"":""MultiPoint"",""coordinates"":[]}"
"285,9625","285,9625",0.10525999627464733,0.06625867811096081,4820.716575359004,1,0.6418331929170483,0.536573196642401,"{""type"":""MultiPoint"",""coordinates"":[]}"
"286,9625","286,9625",0.18360961364363892,0.15263016126443996,4942.165667412845,1,0.2971099755058338,0.11350036186219487,"{""type"":""MultiPoint"",""coordinates"":[]}"
"287,9625","287,9625",0.00702508384326719,0.007000522903118149,5063.615231872837,1,0.00702508384326719,0.0,"{""type"":""MultiPoint"",""coordinates"":[]}"
"288,9625","288,9625",0.04318070725525079,0.04227441820717094,5185.065245372713,1,0.04318070725525079,0.0,"{""type"":""MultiPoint"",""coordinates"":[]}"
"289,9625","289,9625",0.0,0.0,5306.515711273023,0,0.0,0.0,"{""type"":""MultiPoint"",""coordinates"":[]}"
"290,9625","290,9625",0.0,0.0,5427.9666205081385,0,0.0,0.0,"{""type"":""MultiPoint"",""coordinates"":[]}"
"291,9625","291,9625",0.0,0.0,5549.417976852547,0,0.0,0.0,"{""type"":""MultiPoint"",""coordinates"":[]}"
"292,9625","292,9625",0.0,0.0,5647.7069436273405,0,0.0,0.0,"{""type"":""MultiPoint"",""coordinates"":[]}"
"293,9625","293,9625",0.018724553860150848,0.018551407454997892,5578.640431812837,1,0.018724553860150848,0.0,"{""type"":""MultiPoint"",""coordinates"":[]}"
"294,9625","294,9625",0.0,0.0,5509.573364437562,0,0.0,0.0,"{""type"":""MultiPoint"",""coordinates"":[]}"
"295,9625","295,9625",0.0,0.0,5440.505750838548,0,0.0,0.0,"{""type"":""MultiPoint"",""coordinates"":[]}"
"296,9625","296,9625",0.024987262407906517,0.0246801855940412,5371.437593324663,1,0.024987262407906517,0.0,"{""type"":""MultiPoint"",""coordinates"":[]}"
"297,9625","297,9625",0.04363851632597378,0.04271318077260472,5302.36889721902,1,0.04363851632597378,0.0,"{""type"":""MultiPoint"",""coordinates"":[]}"
"298,9625","298,9625",0.06465053641401317,0.06264661049085471,5233.299657279246,1,0.06465053641401317,0.0,"{""type"":""MultiPoint"",""coordinates"":[]}"
"299,9625","299,9625",0.0,0.0,5164.229887189783,0,0.0,0.0,"{""type"":""MultiPoint"",""coordinates"":[]}"
"300,9625","300,9625",0.0,0.0,5095.159589141425,0,0.0,0.0,"{""type"":""MultiPoint"",""coordinates"":[]}"
"301,9625","301,9625",0.0,0.0,5026.088759668295,0,0.0,0.0,"{""type"":""MultiPoint"",""coordinates"":[]}"
"302,9625","302,9625",0.0,0.0,4957.017406838168,0,0.0,0.0,"{""type"":""MultiPoint"",""coordinates"":[]}"
"303,9625","303,9625",0.0,0.0,4887.945537540187,0,0.0,0.0,"{""type"":""MultiPoint"",""coordinates"":[]}"
"304,9625","304,9625",0.0,0.0,4818.873148980611,0,0.0,0.0,"{""type"":""MultiPoint"",""coordinates"":[]}"
"305,9625","305,9625",0.0,0.0,4749.800244991232,0,0.0,0.0,"{""type"":""MultiPoint"",""coordinates"":[]}"
"306,9625","306,9625",0.0,0.0,4680.7268395521805,0,0.0,0.0,"{""type"":""MultiPoint"",""coordinates"":[]}"
"307,9625","307,9625",0.0,0.0,4611.652918403416,0,0.0,0.0,"{""type"":""MultiPoint"",""coordinates"":[]}"
"308,9625","308,9625",0.0,0.0,4542.578494598268,0,0.0,0.0,"{""type"":""MultiPoint"",""coordinates"":[]}"
"309,9625","309,9625",0.0,0.0,4473.503569284851,0,0.0,0.0,"{""type"":""MultiPoint"",""coordinates"":[]}"
"310,9625","310,9625",0.0,0.0,4404.428146452352,0,0.0,0.0,"{""type"":""MultiPoint"",""coordinates"":[]}"
"311,9625","311,9625",0.41106909217491544,0.3397186246249093,4335.352233050013,1,0.4271776724402627,0.016108580265347273,"{""type"":""MultiPoint"",""coordinates"":[]}"
"312,9625","312,9625",0.760116301349377,0.4121407531248102,4266.275827699633,1,1.2504031831679279,0.4902868818185509,"{""type"":""MultiPoint"",""coordinates"":[]}"
"313,9625","313,9625",1.211862248742682,0.33383138743307406,4197.198937723516,1,3.269744503599966,2.057882254857284,"{""type"":""MultiPoint"",""coordinates"":[]}"
"314,9625","314,9625",1.203443862465939,0.42436330243062914,4128.121563414675,1,2.4800339448747724,1.2765900824088334,"{""type"":""MultiPoint"",""coordinates"":[]}"
"315,9625","315,9625",0.8679242594003476,0.2809196195001248,4014.7554922513755,1,2.5438357475377025,1.675911488137355,"{""type"":""MultiPoint"",""coordinates"":[]}"
"316,9625","316,9625",0.9584706712973443,0.3570410502586987,3841.5518236924904,1,2.1921758266956837,1.2337051553983394,"{""type"":""MultiPoint"",""coordinates"":[]}"
"317,9625","317,9625",0.7256262254429191,0.40179880116018507,3668.347213333219,1,1.1929885282704276,0.4673623028275085,"{""type"":""MultiPoint"",""coordinates"":[]}"
"318,9625","318,9625",0.31643056675753506,0.26957883987311415,3495.1416647594983,1,0.3391112808338897,0.02268071407635463,"{""type"":""MultiPoint"",""coordinates"":[]}"
"319,9625","319,9625",0.0,0.0,3321.935201428681,0,0.0,0.0,"{""type"":""MultiPoint"",""coordinates"":[]}"
"320,9625","320,9625",0.0,0.0,3148.7278357034497,0,0.0,0.0,"{""type"":""MultiPoint"",""coordinates"":[]}"
"321,9625","321,9625",0.0,0.0,2975.5195538060393,0,0.0,0.0,"{""type"":""MultiPoint"",""coordinates"":[]}"
"322,9625","322,9625",0.0,0.0,2802.3103822053936,0,0.0,0.0,"{""type"":""MultiPoint"",""coordinates"":[]}"
"323,9625","323,9625",0.0,0.0,2629.100325510884,0,0.0,0.0,"{""type"":""MultiPoint"",""coordinates"":[]}"
"324,9625","324,9625",0.39972500730369054,0.33627579397311264,2455.889381273698,1,0.39972500730369054,0.0,"{""type"":""MultiPoint"",""coordinates"":[]}"
"325,9625","325,9625",0.6615128689513261,0.5077285541639949,2282.6775720163364,1,0.6615128689513261,0.0,"{""type"":""MultiPoint"",""coordinates"":[]}"
"326,9625","326,9625",0.6799798621317987,0.5187818065170147,2109.464897173679,1,0.6799798621317987,0.0,"{""type"":""MultiPoint"",""coordinates"":[]}"
"327,9625","327,9625",0.5612756656618225,0.445503221497435,1936.2513714120726,1,0.5612756656618225,0.0,"{""type"":""MultiPoint"",""coordinates"":[]}"
"328,9625","328,9625",0.24900218709605185,0.2223449822196112,1763.0370006538928,1,0.24900218709605185,0.0,"{""type"":""MultiPoint"",""coordinates"":[]}"
"329,9625","329,9625",0.47921327947847486,0.35732806095247494,1589.8217932067373,1,0.5949477875724183,0.11573450809394342,"{""type"":""MultiPoint"",""coordinates"":[]}"
"330,9625","330,9625",0.3816769606943856,0.2690288331490083,1416.605756360222,1,0.6181064106295299,0.23642944993514425,"{""type"":""MultiPoint"",""coordinates"":[]}"
"331,9625","331,9625",0.42219703332070374,0.3405941501236267,1243.3889051162896,1,0.46264836220971994,0.04045132888901619,"{""type"":""MultiPoint"",""coordinates"":[]}"
"332,9625","332,9625",0.10556081011891366,0.1003527266943663,1070.1712334169397,1,0.10556081011891366,0.0,"{""type"":""MultiPoint"",""coordinates"":[]}"
"333,9625","333,9625",0.0,0.0,896.9527593342742,0,0.0,0.0,"{""type"":""MultiPoint"",""coordinates"":[]}"
"334,9625","334,9625",0.0,0.0,723.7334939389913,0,0.0,0.0,"{""type"":""MultiPoint"",""coordinates"":[]}"
"335,9625","335,9625",0.07922815178823393,0.07624611136457748,550.5134405654939,1,0.07922815178823393,0.0,"{""type"":""MultiPoint"",""coordinates"":[]}"
"336,9625","336,9625",0.5034804344177246,0.407782710004755,377.29261513576813,1,0.5034804344177246,0.0,"{""type"":""MultiPoint"",""coordinates"":[]}"
"337,9625","337,9625",0.4554581811039146,0.32435107703780225,204.07101780359517,1,0.6442318165717534,0.18877363546783882,"{""type"":""MultiPoint"",""coordinates"":[]}"
"338,9625","338,9625",0.5386110490203926,0.23925057645592285,30.848653254073113,1,1.531276306942997,0.9926652579226045,"{""type"":""MultiPoint"",""coordinates"":[]}"
"339,9625","339,9625",0.8090113179361442,0.32674580972710177,73.29353064751376,1,1.902460378189185,1.0934490602530407,"{""type"":""MultiPoint"",""coordinates"":[]}"
"340,9625","340,9625",0.592737709282809,0.37987710027319677,30.99437749609761,1,0.875428559588407,0.28269085030559804,"{""type"":""MultiPoint"",""coordinates"":[]}"
"341,9625","341,9625",0.22402496429590082,0.20214457954873127,135.28263932759336,1,0.22402496429590082,0.0,"{""type"":""MultiPoint"",""coordinates"":[]}"
"342,9625","342,9625",0.04385570423331804,0.04292126557206323,239.57124694136866,1,0.04385570423331804,0.0,"{""type"":""MultiPoint"",""coordinates"":[]}"
"343,9625","343,9625",0.0,0.0,343.8601920358317,0,0.0,0.0,"{""type"":""MultiPoint"",""coordinates"":[]}"
"344,9625","344,9625",0.0,0.0,448.14947363351524,0,0.0,0.0,"{""type"":""MultiPoint"",""coordinates"":[]}"
"345,9625","345,9625",0.016332516421193946,0.016200575554012366,552.4390871833685,1,0.016332516421193946,0.0,"{""type"":""MultiPoint"",""coordinates"":[]}"
"346,9625","346,9625",0.03234152881147927,0.03182955108202771,656.7290244022568,1,0.03234152881147927,0.0,"{""type"":""MultiPoint"",""coordinates"":[]}"
"347,9625","347,9625",0.3227865728485871,0.26460400883328783,761.0192780685635,1,0.3883879678961758,0.0656013950475887,"{""type"":""MultiPoint"",""coordinates"":[]}"
"348,9625","348,9625",0.6375116555735633,0.4128570624605288,490.67408570898436,1,0.8847733817108682,0.24726172613730488,"{""type"":""MultiPoint"",""coordinates"":[]}"
"349,9625","349,9625",1.3463370013603484,0.6940835482196275,129.08761315123024,1,1.6901562064249835,0.3438192050646351,"{""type"":""MultiPoint"",""coordinates"":[]}"
"350,9625","350,9625",0.9373324024881056,0.6351486410375685,232.5002576781774,1,0.9937164910328696,0.056384088544764066,"{""type"":""MultiPoint"",""coordinates"":[]}"
"351,9625","351,9625",0.8625674611921491,0.5366525303535317,594.0895121455015,1,1.0769856510456044,0.2144181898534553,"{""type"":""MultiPoint"",""coordinates"":[]}"
"352,9625","352,9625",0.44323712125522663,0.18921054711470842,955.6801269597655,1,1.5711634833722903,1.1279263621170637,"{""type"":""MultiPoint"",""coordinates"":[]}"
"353,9625","353,9625",0.8066462135855417,0.32270402153773303,1188.2921369019832,1,1.9246251115541977,1.117978897968656,"{""type"":""MultiPoint"",""coordinates"":[]}"
"354,9625","354,9625",0.7354913589940086,0.43465437928851025,1191.5438785379154,1,1.0864317310999516,0.35094037210594303,"{""type"":""MultiPoint"",""coordinates"":[]}"
"355,9625","355,9625",0.5460378327514496,0.4117404733947585,1194.795661010499,1,0.6178716066762665,0.07183377392481698,"{""type"":""MultiPoint"",""coordinates"":[]}"
"356,9625","356,9625",0.415975421667099,0.34781863754115117,1198.047492388081,1,0.415975421667099,0.0,"{""type"":""MultiPoint"",""coordinates"":[]}"
"357,9625","357,9625",0.44337657043101136,0.3669852093163188,1201.2993742552073,1,0.44337657043101136,0.0,"{""type"":""MultiPoint"",""coordinates"":[]}"
"358,9625","358,9625",0.4411978615819134,0.3654746161146203,1204.551294275169,1,0.4411978615819134,0.0,"{""type"":""MultiPoint"",""coordinates"":[]}"
"359,9625","359,9625",0.5665054118867814,0.44232353058724194,1207.8032542116919,1,0.5848154692796687,0.018310057392887217,"{""type"":""MultiPoint"",""coordinates"":[]}"
"360,9625","360,9625",0.27640496953454335,0.24105344213954746,1211.0552651329945,1,0.29040379397418,0.01399882443963665,"{""type"":""MultiPoint"",""coordinates"":[]}"
"361,9625","361,9625",0.08258554466878176,0.07935220287037105,1214.3073140717315,1,0.08258554466878176,0.0,"{""type"":""MultiPoint"",""coordinates"":[]}"
"362,9625","362,9625",0.0,0.0,1217.5594071563114,0,0.0,0.0,"{""type"":""MultiPoint"",""coordinates"":[]}"
"363,9625","363,9625",0.0,0.0,1220.811545486411,0,0.0,0.0,"{""type"":""MultiPoint"",""coordinates"":[]}"
"364,9625","364,9625",0.0,0.0,1224.0637255739225,0,0.0,0.0,"{""type"":""MultiPoint"",""coordinates"":[]}"
"365,9625","365,9625",0.0,0.0,1227.315942307278,0,0.0,0.0,"{""type"":""MultiPoint"",""coordinates"":[]}"
"366,9625","366,9625",0.0,0.0,1230.5682139429991,0,0.0,0.0,"{""type"":""MultiPoint"",""coordinates"":[]}"
"367,9625","367,9625",0.0,0.0,1233.8205161480382,0,0.0,0.0,"{""type"":""MultiPoint"",""coordinates"":[]}"
"368,9625","368,9625",0.0,0.0,1237.072870843568,0,0.0,0.0,"{""type"":""MultiPoint"",""coordinates"":[]}"
"369,9625","369,9625",0.0,0.0,1240.3252626951303,0,0.0,0.0,"{""type"":""MultiPoint"",""coordinates"":[]}"
"370,9625","370,9625",0.0,0.0,1243.577696676258,0,0.0,0.0,"{""type"":""MultiPoint"",""coordinates"":[]}"
"371,9625","371,9625",0.0,0.0,1246.830171590019,0,0.0,0.0,"{""type"":""MultiPoint"",""coordinates"":[]}"
"372,9625","372,9625",0.0,0.0,1250.0826830161232,0,0.0,0.0,"{""type"":""MultiPoint"",""coordinates"":[]}"
"373,9625","373,9625",0.0,0.0,1253.3352485341,0,0.0,0.0,"{""type"":""MultiPoint"",""coordinates"":[]}"
"374,9625","374,9625",0.0,0.0,1256.5878477636713,0,0.0,0.0,"{""type"":""MultiPoint"",""coordinates"":[]}"
"375,9625","375,9625",0.0,0.0,1259.8404849910742,0,0.0,0.0,"{""type"":""MultiPoint"",""coordinates"":[]}"
"376,9625","376,9625",0.0,0.0,1263.093172167299,0,0.0,0.0,"{""type"":""MultiPoint"",""coordinates"":[]}"
"377,9625","377,9625",0.0,0.0,1266.3458984420452,0,0.0,0.0,"{""type"":""MultiPoint"",""coordinates"":[]}"
"378,9625","378,9625",0.0,0.0,1269.5986576077898,0,0.0,0.0,"{""type"":""MultiPoint"",""coordinates"":[]}"
"379,9625","379,9625",0.0,0.0,1272.8514636801565,0,0.0,0.0,"{""type"":""MultiPoint"",""coordinates"":[]}"
"380,9625","380,9625",0.0,0.0,1276.1043075527123,0,0.0,0.0,"{""type"":""MultiPoint"",""coordinates"":[]}"
"381,9625","381,9625",0.0,0.0,1279.3571907925525,0,0.0,0.0,"{""type"":""MultiPoint"",""coordinates"":[]}"
"382,9625","382,9625",0.0,0.0,1282.6101214655584,0,0.0,0.0,"{""type"":""MultiPoint"",""coordinates"":[]}"
"383,9625","383,9625",0.0,0.0,1285.863085058891,0,0.0,0.0,"{""type"":""MultiPoint"",""coordinates"":[]}"
"384,9625","384,9625",0.0,0.0,1289.1160921271396,0,0.0,0.0,"{""type"":""MultiPoint"",""coordinates"":[]}"
"385,9625","385,9625",0.0,0.0,1292.3691341227427,0,0.0,0.0,"{""type"":""MultiPoint"",""coordinates"":[]}"
"386,9625","386,9625",0.0,0.0,1295.6222227009291,0,0.0,0.0,"{""type"":""MultiPoint"",""coordinates"":[]}"
"387,9625","387,9625",0.0,0.0,1298.8753404954914,0,0.0,0.0,"{""type"":""MultiPoint"",""coordinates"":[]}"
"388,9625","388,9625",0.0,0.0,1302.1285029485434,0,0.0,0.0,"{""type"":""MultiPoint"",""coordinates"":[]}"
"389,9625","389,9625",0.0,0.0,1305.381709353429,0,0.0,0.0,"{""type"":""MultiPoint"",""coordinates"":[]}"
"390,9625","390,9625",0.0,0.0,1308.6349505326025,0,0.0,0.0,"{""type"":""MultiPoint"",""coordinates"":[]}"
"391,9625","391,9625",0.0,0.0,1311.888226545067,0,0.0,0.0,"{""type"":""MultiPoint"",""coordinates"":[]}"
"392,9625","392,9625",0.0,0.0,1315.1415433299794,0,0.0,0.0,"{""type"":""MultiPoint"",""coordinates"":[]}"
"393,9625","393,9625",0.0,0.0,1318.3949019437841,0,0.0,0.0,"{""type"":""MultiPoint"",""coordinates"":[]}"
"394,9625","394,9625",0.0,0.0,1321.6482924392997,0,0.0,0.0,"{""type"":""MultiPoint"",""coordinates"":[]}"
"395,9625","395,9625",0.0,0.0,1324.9017233635298,0,0.0,0.0,"{""type"":""MultiPoint"",""coordinates"":[]}"
"396,9625","396,9625",0.0,0.0,1328.1551921873104,0,0.0,0.0,"{""type"":""MultiPoint"",""coordinates"":[]}"
"397,9625","397,9625",0.0,0.0,1331.4087044587936,0,0.0,0.0,"{""type"":""MultiPoint"",""coordinates"":[]}"
"398,9625","398,9625",0.0,0.0,1334.662249867745,0,0.0,0.0,"{""type"":""MultiPoint"",""coordinates"":[]}"
"399,9625","399,9625",0.0,0.0,1337.9158288462734,0,0.0,0.0,"{""type"":""MultiPoint"",""coordinates"":[]}"
"400,9625","400,9625",0.0,0.0,1341.1694489805725,0,0.0,0.0,"{""type"":""MultiPoint"",""coordinates"":[]}"
"401,9625","401,9625",0.0,0.0,1344.4231046843552,0,0.0,0.0,"{""type"":""MultiPoint"",""coordinates"":[]}"
"402,9625","402,9625",0.0,0.0,1347.6768015127052,0,0.0,0.0,"{""type"":""MultiPoint"",""coordinates"":[]}"
"403,9625","403,9625",0.0,0.0,1358.094832131668,0,0.0,0.0,"{""type"":""MultiPoint"",""coordinates"":[]}"
"404,9625","404,9625",0.0,0.0,1682.9580686606062,0,0.0,0.0,"{""type"":""MultiPoint"",""coordinates"":[]}"
"405,9625","405,9625",0.0,0.0,2061.476291417736,0,0.0,0.0,"{""type"":""MultiPoint"",""coordinates"":[]}"
"406,9625","406,9625",0.0,0.0,2439.9954117269695,0,0.0,0.0,"{""type"":""MultiPoint"",""coordinates"":[]}"
"407,9625","407,9625",0.0,0.0,2818.5154019545657,0,0.0,0.0,"{""type"":""MultiPoint"",""coordinates"":[]}"
"408,9625","408,9625",0.0,0.0,3197.0362494186347,0,0.0,0.0,"{""type"":""MultiPoint"",""coordinates"":[]}"
"409,9625","409,9625",0.0,0.0,3575.5579311794163,0,0.0,0.0,"{""type"":""MultiPoint"",""coordinates"":[]}"
"410,9625","410,9625",0.0,0.0,3954.0804383884547,0,0.0,0.0,"{""type"":""MultiPoint"",""coordinates"":[]}"
"411,9625","411,9625",0.0,0.0,4332.603753481421,0,0.0,0.0,"{""type"":""MultiPoint"",""coordinates"":[]}"
"412,9625","412,9625",0.0,0.0,4711.127856374216,0,0.0,0.0,"{""type"":""MultiPoint"",""coordinates"":[]}"
"413,9625","413,9625",0.0,0.0,5089.652724424219,0,0.0,0.0,"{""type"":""MultiPoint"",""coordinates"":[]}"
"414,9625","414,9625",0.0,0.0,5468.178341595502,0,0.0,0.0,"{""type"":""MultiPoint"",""coordinates"":[]}"
"415,9625","415,9625",0.0,0.0,5846.704702763594,0,0.0,0.0,"{""type"":""MultiPoint"",""coordinates"":[]}"
"416,9625","416,9625",0.0,0.0,6225.231781489848,0,0.0,0.0,"{""type"":""MultiPoint"",""coordinates"":[]}"
"417,9625","417,9625",0.0,0.0,6603.759558911321,0,0.0,0.0,"{""type"":""MultiPoint"",""coordinates"":[]}"
"418,9625","418,9625",0.0,0.0,6982.288014409977,0,0.0,0.0,"{""type"":""MultiPoint"",""coordinates"":[]}"
"419,9625","419,9625",0.0019576390720044924,0.0019557253937568203,7360.8171405501635,1,0.0019576390720044924,0.0,"{""type"":""MultiPoint"",""coordinates"":[]}"
"420,9625","420,9625",0.025234748213827714,0.024921609016325272,7739.346920095545,1,0.025234748213827714,0.0,"{""type"":""MultiPoint"",""coordinates"":[]}"
"421,9625","421,9625",0.028066138314122333,0.027679501844886902,8117.87731900288,1,0.028066138314122333,0.0,"{""type"":""MultiPoint"",""coordinates"":[]}"
"422,9625","422,9625",0.0,0.0,8496.408339286352,0,0.0,0.0,"{""type"":""MultiPoint"",""coordinates"":[]}"
"423,9625","423,9625",0.01998258865737298,0.019785557206734618,8874.939951701923,1,0.01998258865737298,0.0,"{""type"":""MultiPoint"",""coordinates"":[]}"
"424,9625","424,9625",0.044584167508348344,0.04093923153336125,9253.47214225252,1,0.11147702111592217,0.06689285360757383,"{""type"":""MultiPoint"",""coordinates"":[]}"
"425,9625","425,9625",0.2872377161657618,0.23624414956069248,9632.004899787265,1,0.365119587341624,0.07788187117586214,"{""type"":""MultiPoint"",""coordinates"":[]}"
"426,9625","426,9625",0.6242538276538796,0.3848664225436694,10014.974376566384,1,0.9541001298202078,0.32984630216632815,"{""type"":""MultiPoint"",""coordinates"":[]}"
"427,9625","427,9625",0.987380497446449,0.6482604186185077,10402.518014262405,1,1.069783549846085,0.08240305239963608,"{""type"":""MultiPoint"",""coordinates"":[]}"
"432,9625","432,9625",0.47811767458915716,0.39076943680539467,10298.37458887852,1,0.47811767458915716,0.0,"{""type"":""MultiPoint"",""coordinates"":[]}"
"433,9625","433,9625",0.04518920669848627,0.04419792806917794,9806.885067114601,1,0.04518920669848627,0.0,"{""type"":""MultiPoint"",""coordinates"":[]}"
"434,9625","434,9625",0.0,0.0,9315.394591659695,0,0.0,0.0,"{""type"":""MultiPoint"",""coordinates"":[]}"
"435,9625","435,9625",0.0,0.0,8823.90319151141,0,0.0,0.0,"{""type"":""MultiPoint"",""coordinates"":[]}"
"436,9625","436,9625",0.0,0.0,8332.410874442325,0,0.0,0.0,"{""type"":""MultiPoint"",""coordinates"":[]}"
"437,9625","437,9625",0.0,0.0,7840.9176761195895,0,0.0,0.0,"{""type"":""MultiPoint"",""coordinates"":[]}"
"438,9625","438,9625",-0.019715045889218647,-0.019523221490736917,7349.423608261943,1,0.0,0.019715045889218647,"{""type"":""MultiPoint"",""coordinates"":[]}"
"439,9625","439,9625",-0.13333676536364394,-0.1251661712114596,6857.92869218023,1,0.0,0.13333676536364394,"{""type"":""MultiPoint"",""coordinates"":[]}"
"440,9625","440,9625",-0.04573850319246867,-0.04472333744035832,6366.432953704727,1,0.0,0.04573850319246867,"{""type"":""MultiPoint"",""coordinates"":[]}"
"441,9625","441,9625",0.0,0.0,5874.936410756408,0,0.0,0.0,"{""type"":""MultiPoint"",""coordinates"":[]}"
"442,9625","442,9625",0.0,0.0,5383.4390963148935,0,0.0,0.0,"{""type"":""MultiPoint"",""coordinates"":[]}"
"443,9625","443,9625",0.0,0.0,4891.941017250887,0,0.0,0.0,"{""type"":""MultiPoint"",""coordinates"":[]}"
"444,9625","444,9625",0.0,0.0,4400.442194341978,0,0.0,0.0,"{""type"":""MultiPoint"",""coordinates"":[]}"
"445,9625","445,9625",0.0,0.0,3908.9426582981664,0,0.0,0.0,"{""type"":""MultiPoint"",""coordinates"":[]}"
"446,9625","446,9625",0.0,0.0,3417.4424285062505,0,0.0,0.0,"{""type"":""MultiPoint"",""coordinates"":[]}"
"447,9625","447,9625",0.10154101938635156,0.09032232120654628,2925.941521315513,1,0.17574206317183658,0.07420104378548502,"{""type"":""MultiPoint"",""coordinates"":[]}"
"448,9625","448,9625",0.4793150490247732,0.2458024345256843,2434.439961903073,1,1.19946694668012,0.7201518976553468,"{""type"":""MultiPoint"",""coordinates"":[]}"
"449,9625","449,9625",0.8726456822696667,0.45226797083536874,1942.937769887424,1,1.3985885349947949,0.5259428527251282,"{""type"":""MultiPoint"",""coordinates"":[]}"
"450,9625","450,9625",1.753639067156661,0.7219312539094422,1451.4349721236658,1,2.410509171793538,0.6568701046368768,"{""type"":""MultiPoint"",""coordinates"":[]}"
"451,9625","451,9625",5.955755810504585,1.0806503534313967,963.270064673695,1,8.015331647315204,2.0595758368106187,"{""type"":""MultiPoint"",""coordinates"":[]}"
"452,9625","452,9625",4.852869022065873,0.8681075232071789,1060.649117173889,1,7.36334081920938,2.5104717971435075,"{""type"":""MultiPoint"",""coordinates"":[]}"
"453,9625","453,9625",3.4490877884448397,0.7885058759076011,1823.0589221307096,1,5.3230719789561975,1.8739841905113577,"{""type"":""MultiPoint"",""coordinates"":[]}"
"454,9625","454,9625",1.6656203660106739,0.6990366308476379,2742.9217609434513,1,2.31179341257725,0.6461730465665761,"{""type"":""MultiPoint"",""coordinates"":[]}"
"455,9625","455,9625",1.1374642269398727,0.6800444319950235,3704.7540854960525,1,1.3053334173028561,0.1678691903629834,"{""type"":""MultiPoint"",""coordinates"":[]}"
"456,9625","456,9625",0.8698568050422625,0.6257047172000826,4682.7660087222675,1,0.870194674211707,3.378691694445915E-4,"{""type"":""MultiPoint"",""coordinates"":[]}"
"457,9625","457,9625",0.505955399912278,0.4094275140070848,5668.589748457734,1,0.505955399912278,0.0,"{""type"":""MultiPoint"",""coordinates"":[]}"
"458,9625","458,9625",0.03768883875715054,0.036995969820216766,6658.757040596612,1,0.03768883875715054,0.0,"{""type"":""MultiPoint"",""coordinates"":[]}"
"459,9625","459,9625",0.0,0.0,7651.582197048659,0,0.0,0.0,"{""type"":""MultiPoint"",""coordinates"":[]}"
"460,9625","460,9625",0.0,0.0,8646.150015597661,0,0.0,0.0,"{""type"":""MultiPoint"",""coordinates"":[]}"
"461,9625","461,9625",0.0,0.0,9641.921513470155,0,0.0,0.0,"{""type"":""MultiPoint"",""coordinates"":[]}"
"232,9626","232,9626",0.9392260134322099,0.36836370823095865,10096.430944661866,1,2.048104024728819,1.108878011296609,"{""type"":""MultiPoint"",""coordinates"":[]}"
"233,9626","233,9626",1.6502891554470844,0.7623458306659057,9102.752279293076,1,2.0937351772901636,0.4434460218430792,"{""type"":""MultiPoint"",""coordinates"":[]}"
"234,9626","234,9626",1.2673488409987046,0.713304757383733,8110.502162093902,1,1.4851054857200094,0.21775664472130496,"{""type"":""MultiPoint"",""coordinates"":[]}"
"235,9626","235,9626",1.1801850686028397,0.5442322401225392,7120.280654086881,1,1.811886799049704,0.6317017304468645,"{""type"":""MultiPoint"",""coordinates"":[]}"
"236,9626","236,9626",0.6058455862309017,0.274755408211909,6133.073695601062,1,1.5218130566485941,0.9159674704176924,"{""type"":""MultiPoint"",""coordinates"":[]}"
"237,9626","237,9626",0.9350567101002147,0.502899454818207,5150.618763471149,1,1.3658821183386887,0.4308254082384739,"{""type"":""MultiPoint"",""coordinates"":[]}"
"238,9626","238,9626",0.8415445475137396,0.36036211137144913,4176.275653609592,1,1.781264248469921,0.9397197009561814,"{""type"":""MultiPoint"",""coordinates"":[]}"
"239,9626","239,9626",0.36108040549148335,0.09479922872034052,3217.428578259408,1,2.9922883130590843,2.631207907567601,"{""type"":""MultiPoint"",""coordinates"":[]}"
"240,9626","240,9626",0.07896281717574638,0.012099812336772153,2293.6040051300533,1,5.565514900504726,5.48655208332898,"{""type"":""MultiPoint"",""coordinates"":[]}"
"241,9626","241,9626",0.2194686919017359,0.02932283645049516,1472.2912269232972,1,6.594836188137685,6.375367496235949,"{""type"":""MultiPoint"",""coordinates"":[]}"
"242,9626","242,9626",-1.0845437233578679,-0.09798530947958772,1035.8343012089722,1,9.535014382372164,10.619558105730032,"{""type"":""MultiPoint"",""coordinates"":[]}"
"243,9626","243,9626",-3.7871591177853645,-0.3034282303465634,991.7298971460134,1,9.683269963256288,13.470429081041653,"{""type"":""MultiPoint"",""coordinates"":[]}"
"244,9626","244,9626",-1.841104408241299,-0.18772359180833176,947.6270472243649,1,7.915760589789037,9.756864998030336,"{""type"":""MultiPoint"",""coordinates"":[]}"
"245,9626","245,9626",1.242438533925152,0.1997053589614699,903.5238254412794,1,5.863240345380403,4.620801811455251,"{""type"":""MultiPoint"",""coordinates"":[]}"
"246,9626","246,9626",0.9849237255694625,0.23875999270038495,859.4202436622571,1,3.6372022882116686,2.652278562642206,"{""type"":""MultiPoint"",""coordinates"":[]}"
"247,9626","247,9626",1.2685397149707343,0.3223624975584267,815.316310447951,1,3.6034227323177723,2.334883017347038,"{""type"":""MultiPoint"",""coordinates"":[]}"
"248,9626","248,9626",1.5055943457439867,0.3601713792738286,771.2120131332421,1,3.978105613521772,2.472511267777785,"{""type"":""MultiPoint"",""coordinates"":[]}"
"249,9626","249,9626",1.4614438702952133,0.4361685294411164,727.107369320415,1,3.1343142602435985,1.6728703899483852,"{""type"":""MultiPoint"",""coordinates"":[]}"
"250,9626","250,9626",1.1785521215026817,0.38433074400084977,683.0023627740776,1,2.693434543401292,1.51488242189861,"{""type"":""MultiPoint"",""coordinates"":[]}"
"251,9626","251,9626",1.2981830419170812,0.416811411803629,638.8970058551093,1,2.8086102936645925,1.5104272517475112,"{""type"":""MultiPoint"",""coordinates"":[]}"
"252,9626","252,9626",1.175109892866741,0.4009902676972431,594.791307767408,1,2.557237152910657,1.3821272600439158,"{""type"":""MultiPoint"",""coordinates"":[]}"
"253,9626","253,9626",1.0741520510544111,0.3550487306440534,550.6852588943175,1,2.5941559484586585,1.5200038974042474,"{""type"":""MultiPoint"",""coordinates"":[]}"
"254,9626","254,9626",0.8514841165164526,0.3016504183030132,511.9857634151698,1,2.2698651997788435,1.4183810832623909,"{""type"":""MultiPoint"",""coordinates"":[]}"
"255,9626","255,9626",0.9607462687206888,0.42169100605155296,573.5000801682089,1,1.7923531418479377,0.8316068731272489,"{""type"":""MultiPoint"",""coordinates"":[]}"
"256,9626","256,9626",0.7179427318212365,0.3995072625256114,635.0146952830174,1,1.179880509156139,0.4619377773349026,"{""type"":""MultiPoint"",""coordinates"":[]}"
"257,9626","257,9626",0.21997786768502214,0.1337419895403933,696.5296015035688,1,0.757232739665923,0.5372548719809008,"{""type"":""MultiPoint"",""coordinates"":[]}"
"258,9626","258,9626",0.3068882640454378,0.14257926987071168,758.0448037585512,1,1.3094937363886443,1.0026054723432065,"{""type"":""MultiPoint"",""coordinates"":[]}"
"259,9626","259,9626",0.13148831261358596,0.07208862869684562,819.560284785656,1,0.8905153156552644,0.7590270030416785,"{""type"":""MultiPoint"",""coordinates"":[]}"
"260,9626","260,9626",0.4105403906990548,0.16547470448023793,881.0760549371438,1,1.69191457598048,1.281374185281425,"{""type"":""MultiPoint"",""coordinates"":[]}"
"261,9626","261,9626",0.16128792593332197,0.055899601441891766,942.592102711336,1,1.9667096681994938,1.8054217422661718,"{""type"":""MultiPoint"",""coordinates"":[]}"
"262,9626","262,9626",0.42166129814424125,0.20312701587484738,1035.2391808657749,1,1.2938137171916093,0.8721524190473681,"{""type"":""MultiPoint"",""coordinates"":[]}"
"263,9626","263,9626",0.6327704408601538,0.4073344644061654,1156.6701914451733,1,0.8912470980662188,0.258476657206065,"{""type"":""MultiPoint"",""coordinates"":[]}"
"264,9626","264,9626",0.9997231149734755,0.5879570042994748,1278.1018206087108,1,1.248898204514995,0.24917508954151946,"{""type"":""MultiPoint"",""coordinates"":[]}"
"265,9626","265,9626",1.1997431330127668,0.6040433051395395,1399.5340725639974,1,1.646086166472468,0.44634303345970106,"{""type"":""MultiPoint"",""coordinates"":[]}"
"266,9626","266,9626",1.0884858665422346,0.6437348779813827,1520.9669291349078,1,1.2931264982419808,0.20464063169974614,"{""type"":""MultiPoint"",""coordinates"":[]}"
"267,9626","267,9626",1.1474987069085891,0.764303772738066,1642.4003974599057,1,1.1474987069085891,0.0,"{""type"":""MultiPoint"",""coordinates"":[]}"
"268,9626","268,9626",1.0184740201277758,0.7023417903475602,1763.8344554182174,1,1.0184740201277758,0.0,"{""type"":""MultiPoint"",""coordinates"":[]}"
"269,9626","269,9626",0.37275887514608746,0.31682249238711463,1885.269108916887,1,0.37275887514608746,0.0,"{""type"":""MultiPoint"",""coordinates"":[]}"
"270,9626","270,9626",0.06612967428429675,0.06351114373535241,2006.7043483613024,1,0.07464427733993366,0.008514603055636904,"{""type"":""MultiPoint"",""coordinates"":[]}"
"271,9626","271,9626",0.1703267626285757,0.15041646968823794,2128.140171239803,1,0.2196653443707587,0.04933858174218299,"{""type"":""MultiPoint"",""coordinates"":[]}"
"272,9626","272,9626",0.07180241548953807,0.06873208339439768,2249.576568512445,1,0.08098345359608734,0.009181038106549277,"{""type"":""MultiPoint"",""coordinates"":[]}"
"273,9626","273,9626",0.0,0.0,2371.013531949832,0,0.0,0.0,"{""type"":""MultiPoint"",""coordinates"":[]}"
"274,9626","274,9626",0.0,0.0,2492.451063884234,0,0.0,0.0,"{""type"":""MultiPoint"",""coordinates"":[]}"
"275,9626","275,9626",0.009294497309574594,0.009012939318028719,2613.8891455574426,1,0.03589353800686573,0.02659904069729114,"{""type"":""MultiPoint"",""coordinates"":[]}"
"276,9626","276,9626",-0.010615130651344368,-0.009801530758126661,2735.327783273062,1,0.07770853656009565,0.08832366721144001,"{""type"":""MultiPoint"",""coordinates"":[]}"
"277,9626","277,9626",0.0022155450096408152,0.002167830561581638,2856.766966297749,1,0.02311840219405091,0.020902857184410095,"{""type"":""MultiPoint"",""coordinates"":[]}"
"278,9626","278,9626",-0.05378687012832141,-0.052390219167431244,2978.206695488423,1,0.0,0.05378687012832141,"{""type"":""MultiPoint"",""coordinates"":[]}"
"279,9626","279,9626",0.15398975956218316,0.13767606380882216,3099.646949999532,1,0.1972543808030041,0.043264621240820915,"{""type"":""MultiPoint"",""coordinates"":[]}"
"280,9626","280,9626",0.35062852085070345,0.2149869138702089,3221.0877246482,1,0.8125207360077983,0.46189221515709483,"{""type"":""MultiPoint"",""coordinates"":[]}"
"281,9626","281,9626",0.3100224684405485,0.1754780865529869,3342.529030846216,1,0.9262728125917877,0.6162503441512392,"{""type"":""MultiPoint"",""coordinates"":[]}"
"282,9626","282,9626",0.3752472301444769,0.25755342427112404,3463.970849708952,1,0.6526370910282661,0.27738986088378914,"{""type"":""MultiPoint"",""coordinates"":[]}"
"283,9626","283,9626",0.09403544799961105,0.06192154780135528,3585.4131843168702,1,0.5661253032580839,0.4720898552584728,"{""type"":""MultiPoint"",""coordinates"":[]}"
"284,9626","284,9626",-0.101571653577744,-0.05528976055423196,3706.856012593381,1,0.7867610582247082,0.8883327118024522,"{""type"":""MultiPoint"",""coordinates"":[]}"
"285,9626","285,9626",-0.41074896624891166,-0.14398801180793042,3828.299340999137,1,1.6522132564837235,2.062962222732635,"{""type"":""MultiPoint"",""coordinates"":[]}"
"286,9626","286,9626",0.24540588874625016,0.17958074381575617,3949.7431631760232,1,0.49292250225090817,0.247516613504658,"{""type"":""MultiPoint"",""coordinates"":[]}"
"287,9626","287,9626",0.003681385476260279,0.003674625761744871,4071.187468967682,1,0.003681385476260279,0.0,"{""type"":""MultiPoint"",""coordinates"":[]}"
"288,9626","288,9626",0.0,0.0,4192.632258822659,0,0.0,0.0,"{""type"":""MultiPoint"",""coordinates"":[]}"
"289,9626","289,9626",0.0,0.0,4314.077520803882,0,0.0,0.0,"{""type"":""MultiPoint"",""coordinates"":[]}"
"290,9626","290,9626",0.03158460494893785,0.031096071444268403,4435.5232491813895,1,0.03158460494893785,0.0,"{""type"":""MultiPoint"",""coordinates"":[]}"
"291,9626","291,9626",0.28589586300684433,0.25145564509244384,4556.969439610387,1,0.28589586300684433,0.0,"{""type"":""MultiPoint"",""coordinates"":[]}"
"292,9626","292,9626",0.44332832766518193,0.3669517852099158,4650.238993218474,1,0.44332832766518193,0.0,"{""type"":""MultiPoint"",""coordinates"":[]}"
"293,9626","293,9626",0.4128404121268173,0.34560215473848743,4581.167378844153,1,0.4128404121268173,0.0,"{""type"":""MultiPoint"",""coordinates"":[]}"
"294,9626","294,9626",0.13011836434552773,0.12232237444707503,4512.095235977638,1,0.13011836434552773,0.0,"{""type"":""MultiPoint"",""coordinates"":[]}"
"295,9626","295,9626",0.10937496207673628,0.10379675949729265,4443.0225712641295,1,0.10937496207673628,0.0,"{""type"":""MultiPoint"",""coordinates"":[]}"
"296,9626","296,9626",0.1961949822120209,0.17914567084608965,4373.9493936557255,1,0.1961949822120209,0.0,"{""type"":""MultiPoint"",""coordinates"":[]}"
"297,9626","297,9626",0.06301954092889693,0.061113482002605364,4304.875695036904,1,0.06301954092889693,0.0,"{""type"":""MultiPoint"",""coordinates"":[]}"
"298,9626","298,9626",0.0,0.0,4235.80149184061,0,0.0,0.0,"{""type"":""MultiPoint"",""coordinates"":[]}"
"299,9626","299,9626",0.0,0.0,4166.7267683100445,0,0.0,0.0,"{""type"":""MultiPoint"",""coordinates"":[]}"
"300,9626","300,9626",0.0,0.0,4097.651535268476,0,0.0,0.0,"{""type"":""MultiPoint"",""coordinates"":[]}"
"301,9626","301,9626",0.0,0.0,4028.5758145436653,0,0.0,0.0,"{""type"":""MultiPoint"",""coordinates"":[]}"
"302,9626","302,9626",0.0,0.0,3959.499581349049,0,0.0,0.0,"{""type"":""MultiPoint"",""coordinates"":[]}"
"303,9626","303,9626",0.0,0.0,3890.4228605229177,0,0.0,0.0,"{""type"":""MultiPoint"",""coordinates"":[]}"
"304,9626","304,9626",0.0,0.0,3821.3456355018952,0,0.0,0.0,"{""type"":""MultiPoint"",""coordinates"":[]}"
"305,9626","305,9626",0.0,0.0,3752.2679348822767,0,0.0,0.0,"{""type"":""MultiPoint"",""coordinates"":[]}"
"306,9626","306,9626",0.0,0.0,3683.1897365819113,0,0.0,0.0,"{""type"":""MultiPoint"",""coordinates"":[]}"
"307,9626","307,9626",0.0,0.0,3614.111056032371,0,0.0,0.0,"{""type"":""MultiPoint"",""coordinates"":[]}"
"308,9626","308,9626",0.0,0.0,3545.031904204364,0,0.0,0.0,"{""type"":""MultiPoint"",""coordinates"":[]}"
"309,9626","309,9626",0.03346404134262727,0.032916306445497576,3475.952282150226,1,0.03346404134262727,0.0,"{""type"":""MultiPoint"",""coordinates"":[]}"
"310,9626","310,9626",0.09376896666054199,0.08962949948611583,3406.8721722511686,1,0.09376896666054199,0.0,"{""type"":""MultiPoint"",""coordinates"":[]}"
"311,9626","311,9626",0.44108144536927363,0.3423918184970216,3337.791600956973,1,0.521337362141717,0.08025591677244337,"{""type"":""MultiPoint"",""coordinates"":[]}"
"312,9626","312,9626",0.6396445807033373,0.3184351513475875,3268.7105607948315,1,1.3454796729253722,0.7058350922220349,"{""type"":""MultiPoint"",""coordinates"":[]}"
"313,9626","313,9626",1.0478977589380167,0.23109605503233355,3199.629066856955,1,4.078579759867178,3.030682000929161,"{""type"":""MultiPoint"",""coordinates"":[]}"
"314,9626","314,9626",2.4831277585927403,0.5088089140572656,3130.5471154854936,1,5.226674495082518,2.743546736489778,"{""type"":""MultiPoint"",""coordinates"":[]}"
"315,9626","315,9626",1.8344725348955557,0.3791768149944037,3029.9002875971382,1,4.813103461939755,2.978630927044199,"{""type"":""MultiPoint"",""coordinates"":[]}"
"316,9626","316,9626",0.8750588341183496,0.2780809399050932,2856.692149001646,1,2.6045588902472634,1.7295000561289138,"{""type"":""MultiPoint"",""coordinates"":[]}"
"317,9626","317,9626",0.6963160916512802,0.37977275399195776,2683.4831000005265,1,1.2036493123342482,0.507333220682968,"{""type"":""MultiPoint"",""coordinates"":[]}"
"318,9626","318,9626",0.28405064896017235,0.24568763845074484,2510.27314805757,1,0.3039805913645688,0.019929942404396432,"{""type"":""MultiPoint"",""coordinates"":[]}"
"319,9626","319,9626",0.04934037241597173,0.0456675392024017,2337.0622950289335,1,0.10528341881529302,0.05594304639932129,"{""type"":""MultiPoint"",""coordinates"":[]}"
"320,9626","320,9626",0.1266853065703195,0.11927996498314541,2163.85055251003,1,0.1266853065703195,0.0,"{""type"":""MultiPoint"",""coordinates"":[]}"
"321,9626","321,9626",0.11499894333824719,0.108853457232931,1990.6379289566626,1,0.11499894333824719,0.0,"{""type"":""MultiPoint"",""coordinates"":[]}"
"322,9626","322,9626",0.10931348764937215,0.10374134439168153,1817.4244341719564,1,0.10931348764937215,0.0,"{""type"":""MultiPoint"",""coordinates"":[]}"
"323,9626","323,9626",0.14777385336283136,0.1340333645601161,1644.2100793711024,1,0.17805242089376058,0.030278567530929227,"{""type"":""MultiPoint"",""coordinates"":[]}"
"324,9626","324,9626",0.34904426918046116,0.29338262962354383,1470.994868214419,1,0.3727672500663424,0.02372298088588127,"{""type"":""MultiPoint"",""coordinates"":[]}"
"325,9626","325,9626",0.49836835865292056,0.40437675516885396,1297.7788067654578,1,0.49836835865292056,0.0,"{""type"":""MultiPoint"",""coordinates"":[]}"
"326,9626","326,9626",0.4634781214217209,0.38081587754828833,1124.5619059177025,1,0.4634781214217209,0.0,"{""type"":""MultiPoint"",""coordinates"":[]}"
"327,9626","327,9626",0.36261108716669144,0.3094027760971818,951.3441866078086,1,0.36261108716669144,0.0,"{""type"":""MultiPoint"",""coordinates"":[]}"
"328,9626","328,9626",0.19235646982409366,0.17593157580191207,778.1256332010756,1,0.19235646982409366,0.0,"{""type"":""MultiPoint"",""coordinates"":[]}"
"329,9626","329,9626",0.12611842632599893,0.11877669854407873,604.9062689681837,1,0.12611842632599893,0.0,"{""type"":""MultiPoint"",""coordinates"":[]}"
"330,9626","330,9626",0.10599977609841792,0.10074970065746247,431.6860998531944,1,0.10599977609841792,0.0,"{""type"":""MultiPoint"",""coordinates"":[]}"
"331,9626","331,9626",0.0029113158991892047,0.002907086226344007,258.4651336537748,1,0.0029113158991892047,0.0,"{""type"":""MultiPoint"",""coordinates"":[]}"
"332,9626","332,9626",0.0,0.0,85.2433885256156,0,0.0,0.0,"{""type"":""MultiPoint"",""coordinates"":[]}"
"333,9626","333,9626",0.0,0.0,87.9791404364516,0,0.0,0.0,"{""type"":""MultiPoint"",""coordinates"":[]}"
"334,9626","334,9626",0.0,0.0,261.2024419166424,0,0.0,0.0,"{""type"":""MultiPoint"",""coordinates"":[]}"
"335,9626","335,9626",0.0,0.0,434.4265083934168,0,0.0,0.0,"{""type"":""MultiPoint"",""coordinates"":[]}"
"336,9626","336,9626",0.09297926005074993,0.08890723376345422,607.6513305011913,1,0.09297926005074993,0.0,"{""type"":""MultiPoint"",""coordinates"":[]}"
"337,9626","337,9626",0.1802908880241725,0.15355940118216702,780.8768920218617,1,0.2665307804311137,0.08623989240694122,"{""type"":""MultiPoint"",""coordinates"":[]}"
"338,9626","338,9626",0.3808047914201441,0.22853047253993392,954.1031946386327,1,0.8639677539407582,0.4831629625206141,"{""type"":""MultiPoint"",""coordinates"":[]}"
"339,9626","339,9626",0.5501947729480758,0.33856017098784963,1067.9122326082716,1,0.9156925366038369,0.3654977636557611,"{""type"":""MultiPoint"",""coordinates"":[]}"
"340,9626","340,9626",0.40975838102153356,0.3128140840649834,963.6282619307801,1,0.5254535958616601,0.11569521484012651,"{""type"":""MultiPoint"",""coordinates"":[]}"
"341,9626","341,9626",0.2064646743358532,0.1876943261978975,859.3439217329917,1,0.2064646743358532,0.0,"{""type"":""MultiPoint"",""coordinates"":[]}"
"342,9626","342,9626",0.010720372826415104,0.010663317040291333,755.0592090156186,1,0.010720372826415104,0.0,"{""type"":""MultiPoint"",""coordinates"":[]}"
"343,9626","343,9626",0.0,0.0,650.7741393193851,0,0.0,0.0,"{""type"":""MultiPoint"",""coordinates"":[]}"
"344,9626","344,9626",0.009185758587228933,0.00914382609901813,546.4887028941113,1,0.009185758587228933,0.0,"{""type"":""MultiPoint"",""coordinates"":[]}"
"345,9626","345,9626",0.3748613196953241,0.31835286762858317,442.20291282297865,1,0.3748613196953241,0.0,"{""type"":""MultiPoint"",""coordinates"":[]}"
"346,9626","346,9626",0.5969535434496623,0.46809777892225624,337.9167803789379,1,0.5969535434496623,0.0,"{""type"":""MultiPoint"",""coordinates"":[]}"
"347,9626","347,9626",0.4889077169392681,0.35692353127707505,233.63030067897228,1,0.628747773040267,0.13984005610099887,"{""type"":""MultiPoint"",""coordinates"":[]}"
"348,9626","348,9626",0.5932225530775885,0.32571600240899956,441.7864799873643,1,1.133972430046085,0.5407498769684964,"{""type"":""MultiPoint"",""coordinates"":[]}"
"349,9626","349,9626",1.054389505759965,0.5191567291787245,803.3764133989139,1,1.6035729579278457,0.5491834521678807,"{""type"":""MultiPoint"",""coordinates"":[]}"
"350,9626","350,9626",0.5718221707347912,0.42652954327347037,1164.9677292378315,1,0.646813715401205,0.07499154466641372,"{""type"":""MultiPoint"",""coordinates"":[]}"
"351,9626","351,9626",0.36974201186720035,0.30175713272602384,1526.5604083518406,1,0.419451293439873,0.04970928157267262,"{""type"":""MultiPoint"",""coordinates"":[]}"
"352,9626","352,9626",0.4971773865719551,0.34789295322292263,1888.1544387406475,1,0.6920836646909689,0.19490627811901381,"{""type"":""MultiPoint"",""coordinates"":[]}"
"353,9626","353,9626",0.5138475878116411,0.3453660725210684,2188.4101631286267,1,0.7595178580182229,0.2456702702065818,"{""type"":""MultiPoint"",""coordinates"":[]}"
"354,9626","354,9626",0.360108511394834,0.2782620070744159,2191.665526504748,1,0.482528548330477,0.12242003693564298,"{""type"":""MultiPoint"",""coordinates"":[]}"
"355,9626","355,9626",0.13165331014419257,0.12367966974935825,2194.9209056269533,1,0.13165331014419257,0.0,"{""type"":""MultiPoint"",""coordinates"":[]}"
"356,9626","356,9626",0.1592113560494243,0.1477399084303054,2198.176302846583,1,0.1592113560494243,0.0,"{""type"":""MultiPoint"",""coordinates"":[]}"
"357,9626","357,9626",0.16252816591275035,0.150597086928014,2201.4317152644703,1,0.16252816591275035,0.0,"{""type"":""MultiPoint"",""coordinates"":[]}"
"358,9626","358,9626",0.07022120470614875,0.06786536047764885,2204.68714905931,1,0.07022120470614875,0.0,"{""type"":""MultiPoint"",""coordinates"":[]}"
"359,9626","359,9626",0.08206290684079062,0.07886931814349323,2207.9426088545265,1,0.08206290684079062,0.0,"{""type"":""MultiPoint"",""coordinates"":[]}"
"360,9626","360,9626",0.0660284958123345,0.06394005691764242,2211.1980793035286,1,0.0660284958123345,0.0,"{""type"":""MultiPoint"",""coordinates"":[]}"
"361,9626","361,9626",0.0,0.0,2214.45357948894,0,0.0,0.0,"{""type"":""MultiPoint"",""coordinates"":[]}"
"362,9626","362,9626",0.0,0.0,2217.7090910011448,0,0.0,0.0,"{""type"":""MultiPoint"",""coordinates"":[]}"
"363,9626","363,9626",0.0,0.0,2220.9646165227805,0,0.0,0.0,"{""type"":""MultiPoint"",""coordinates"":[]}"
"364,9626","364,9626",0.0,0.0,2224.220162410517,0,0.0,0.0,"{""type"":""MultiPoint"",""coordinates"":[]}"
"365,9626","365,9626",0.0,0.0,2227.4757309935576,0,0.0,0.0,"{""type"":""MultiPoint"",""coordinates"":[]}"
"366,9626","366,9626",0.0,0.0,2230.73131365582,0,0.0,0.0,"{""type"":""MultiPoint"",""coordinates"":[]}"
"367,9626","367,9626",0.0,0.0,2233.986913910508,0,0.0,0.0,"{""type"":""MultiPoint"",""coordinates"":[]}"
"368,9626","368,9626",0.0,0.0,2237.2425283766447,0,0.0,0.0,"{""type"":""MultiPoint"",""coordinates"":[]}"
"369,9626","369,9626",0.0,0.0,2240.4981651969224,0,0.0,0.0,"{""type"":""MultiPoint"",""coordinates"":[]}"
"370,9626","370,9626",0.0,0.0,2243.753818713873,0,0.0,0.0,"{""type"":""MultiPoint"",""coordinates"":[]}"
"371,9626","371,9626",0.0,0.0,2247.009494408389,0,0.0,0.0,"{""type"":""MultiPoint"",""coordinates"":[]}"
"372,9626","372,9626",0.0,0.0,2250.2651857590517,0,0.0,0.0,"{""type"":""MultiPoint"",""coordinates"":[]}"
"373,9626","373,9626",0.0,0.0,2253.520892411399,0,0.0,0.0,"{""type"":""MultiPoint"",""coordinates"":[]}"
"374,9626","374,9626",0.0,0.0,2256.776608232696,0,0.0,0.0,"{""type"":""MultiPoint"",""coordinates"":[]}"
"375,9626","375,9626",0.0,0.0,2260.0323494318905,0,0.0,0.0,"{""type"":""MultiPoint"",""coordinates"":[]}"
"376,9626","376,9626",0.0,0.0,2263.2881015273715,0,0.0,0.0,"{""type"":""MultiPoint"",""coordinates"":[]}"
"377,9626","377,9626",0.0,0.0,2266.543871999631,0,0.0,0.0,"{""type"":""MultiPoint"",""coordinates"":[]}"
"378,9626","378,9626",0.0,0.0,2269.7996589525324,0,0.0,0.0,"{""type"":""MultiPoint"",""coordinates"":[]}"
"379,9626","379,9626",0.0,0.0,2273.055461340265,0,0.0,0.0,"{""type"":""MultiPoint"",""coordinates"":[]}"
"380,9626","380,9626",0.0,0.0,2276.3112762855467,0,0.0,0.0,"{""type"":""MultiPoint"",""coordinates"":[]}"
"381,9626","381,9626",0.0,0.0,2279.5671143911163,0,0.0,0.0,"{""type"":""MultiPoint"",""coordinates"":[]}"
"382,9626","382,9626",0.0,0.0,2282.8229578476717,0,0.0,0.0,"{""type"":""MultiPoint"",""coordinates"":[]}"
"383,9626","383,9626",0.0,0.0,2286.0788197411684,0,0.0,0.0,"{""type"":""MultiPoint"",""coordinates"":[]}"
"384,9626","384,9626",0.0,0.0,2289.3347018114277,0,0.0,0.0,"{""type"":""MultiPoint"",""coordinates"":[]}"
"385,9626","385,9626",0.0,0.0,2292.5905927374884,0,0.0,0.0,"{""type"":""MultiPoint"",""coordinates"":[]}"
"386,9626","386,9626",0.0,0.0,2295.846498187432,0,0.0,0.0,"{""type"":""MultiPoint"",""coordinates"":[]}"
"387,9626","387,9626",0.0,0.0,2299.102424031571,0,0.0,0.0,"{""type"":""MultiPoint"",""coordinates"":[]}"
"388,9626","388,9626",0.0,0.0,2302.3583619673536,0,0.0,0.0,"{""type"":""MultiPoint"",""coordinates"":[]}"
"389,9626","389,9626",0.0,0.0,2305.614305188312,0,0.0,0.0,"{""type"":""MultiPoint"",""coordinates"":[]}"
"390,9626","390,9626",0.0,0.0,2308.8702726272204,0,0.0,0.0,"{""type"":""MultiPoint"",""coordinates"":[]}"
"391,9626","391,9626",0.0,0.0,2312.126248680123,0,0.0,0.0,"{""type"":""MultiPoint"",""coordinates"":[]}"
"392,9626","392,9626",0.0,0.0,2315.3822469799875,0,0.0,0.0,"{""type"":""MultiPoint"",""coordinates"":[]}"
"393,9626","393,9626",0.0,0.0,2318.6382528100203,0,0.0,0.0,"{""type"":""MultiPoint"",""coordinates"":[]}"
"394,9626","394,9626",0.0,0.0,2321.8942693810723,0,0.0,0.0,"{""type"":""MultiPoint"",""coordinates"":[]}"
"395,9626","395,9626",0.0,0.0,2325.150302648919,0,0.0,0.0,"{""type"":""MultiPoint"",""coordinates"":[]}"
"396,9626","396,9626",0.0,0.0,2328.4063519285055,0,0.0,0.0,"{""type"":""MultiPoint"",""coordinates"":[]}"
"397,9626","397,9626",0.0,0.0,2331.6624082023172,0,0.0,0.0,"{""type"":""MultiPoint"",""coordinates"":[]}"
"398,9626","398,9626",0.0,0.0,2334.9184755254228,0,0.0,0.0,"{""type"":""MultiPoint"",""coordinates"":[]}"
"399,9626","399,9626",0.0,0.0,2338.1745676413557,0,0.0,0.0,"{""type"":""MultiPoint"",""coordinates"":[]}"
"400,9626","400,9626",0.0,0.0,2341.4306583876655,0,0.0,0.0,"{""type"":""MultiPoint"",""coordinates"":[]}"
"401,9626","401,9626",0.0,0.0,2344.6867687681993,0,0.0,0.0,"{""type"":""MultiPoint"",""coordinates"":[]}"
"402,9626","402,9626",0.0,0.0,2347.942883940731,0,0.0,0.0,"{""type"":""MultiPoint"",""coordinates"":[]}"
"403,9626","403,9626",0.0,0.0,2355.1324309557144,0,0.0,0.0,"{""type"":""MultiPoint"",""coordinates"":[]}"
"404,9626","404,9626",0.0,0.0,2608.8607587941206,0,0.0,0.0,"{""type"":""MultiPoint"",""coordinates"":[]}"
"405,9626","405,9626",0.0,0.0,2987.381162440415,0,0.0,0.0,"{""type"":""MultiPoint"",""coordinates"":[]}"
"406,9626","406,9626",0.0,0.0,3365.9024391948246,0,0.0,0.0,"{""type"":""MultiPoint"",""coordinates"":[]}"
"407,9626","407,9626",0.0,0.0,3744.424562293591,0,0.0,0.0,"{""type"":""MultiPoint"",""coordinates"":[]}"
"408,9626","408,9626",0.0,0.0,4122.947529195899,0,0.0,0.0,"{""type"":""MultiPoint"",""coordinates"":[]}"
"409,9626","409,9626",0.0,0.0,4501.471318928294,0,0.0,0.0,"{""type"":""MultiPoint"",""coordinates"":[]}"
"410,9626","410,9626",0.0,0.0,4879.995905511096,0,0.0,0.0,"{""type"":""MultiPoint"",""coordinates"":[]}"
"411,9626","411,9626",0.0,0.0,5258.521283006417,0,0.0,0.0,"{""type"":""MultiPoint"",""coordinates"":[]}"
"412,9626","412,9626",0.0,0.0,5637.047415405256,0,0.0,0.0,"{""type"":""MultiPoint"",""coordinates"":[]}"
"413,9626","413,9626",0.0,0.0,6015.574304343105,0,0.0,0.0,"{""type"":""MultiPoint"",""coordinates"":[]}"
"414,9626","414,9626",0.0,0.0,6394.101942796462,0,0.0,0.0,"{""type"":""MultiPoint"",""coordinates"":[]}"
"415,9626","415,9626",0.0,0.0,6772.63027930445,0,0.0,0.0,"{""type"":""MultiPoint"",""coordinates"":[]}"
"416,9626","416,9626",0.0,0.0,7151.159311432446,0,0.0,0.0,"{""type"":""MultiPoint"",""coordinates"":[]}"
"417,9626","417,9626",0.0,0.0,7529.689028181163,0,0.0,0.0,"{""type"":""MultiPoint"",""coordinates"":[]}"
"418,9626","418,9626",0.0,0.0,7908.219413312652,0,0.0,0.0,"{""type"":""MultiPoint"",""coordinates"":[]}"
"419,9626","419,9626",0.0,0.0,8286.750437715933,0,0.0,0.0,"{""type"":""MultiPoint"",""coordinates"":[]}"
"420,9626","420,9626",0.0,0.0,8665.282094803737,0,0.0,0.0,"{""type"":""MultiPoint"",""coordinates"":[]}"
"421,9626","421,9626",0.0,0.0,9043.814366541104,0,0.0,0.0,"{""type"":""MultiPoint"",""coordinates"":[]}"
"422,9626","422,9626",0.0,0.0,9422.347226698368,0,0.0,0.0,"{""type"":""MultiPoint"",""coordinates"":[]}"
"423,9626","423,9626",0.0,0.0,9800.880659025453,0,0.0,0.0,"{""type"":""MultiPoint"",""coordinates"":[]}"
"424,9626","424,9626",0.04193959479403292,0.04108397120363851,10179.414663230034,1,0.04193959479403292,0.0,"{""type"":""MultiPoint"",""coordinates"":[]}"
"425,9626","425,9626",0.1442473769901755,0.12153383068449983,10557.949201859426,1,0.26047497008782966,0.11622759309765415,"{""type"":""MultiPoint"",""coordinates"":[]}"
"434,9626","434,9626",0.0,0.0,10186.680733294794,0,0.0,0.0,"{""type"":""MultiPoint"",""coordinates"":[]}"
"435,9626","435,9626",0.0,0.0,9695.190651466837,0,0.0,0.0,"{""type"":""MultiPoint"",""coordinates"":[]}"
"436,9626","436,9626",0.0,0.0,9203.699654772605,0,0.0,0.0,"{""type"":""MultiPoint"",""coordinates"":[]}"
"437,9626","437,9626",0.0,0.0,8712.207735170272,0,0.0,0.0,"{""type"":""MultiPoint"",""coordinates"":[]}"
"438,9626","438,9626",-0.015894112309329533,-0.015769123557008262,8220.714949890453,1,0.0,0.015894112309329533,"{""type"":""MultiPoint"",""coordinates"":[]}"
"439,9626","439,9626",-0.1216186421984684,-0.11477285823572732,7729.221297888454,1,0.0,0.1216186421984684,"{""type"":""MultiPoint"",""coordinates"":[]}"
"440,9626","440,9626",-0.019910923524262155,-0.019715293604529418,7237.726802912422,1,0.0,0.019910923524262155,"{""type"":""MultiPoint"",""coordinates"":[]}"
"441,9626","441,9626",0.0,0.0,6746.23148580296,0,0.0,0.0,"{""type"":""MultiPoint"",""coordinates"":[]}"
"442,9626","442,9626",0.0,0.0,6254.735381898821,0,0.0,0.0,"{""type"":""MultiPoint"",""coordinates"":[]}"
"443,9626","443,9626",0.0,0.0,5763.238492582326,0,0.0,0.0,"{""type"":""MultiPoint"",""coordinates"":[]}"
"444,9626","444,9626",0.0,0.0,5271.740849759289,0,0.0,0.0,"{""type"":""MultiPoint"",""coordinates"":[]}"
"445,9626","445,9626",0.0,0.0,4780.2424760647955,0,0.0,0.0,"{""type"":""MultiPoint"",""coordinates"":[]}"
"446,9626","446,9626",0.0,0.0,4288.743393084851,0,0.0,0.0,"{""type"":""MultiPoint"",""coordinates"":[]}"
"447,9626","447,9626",0.0942840724800752,0.084398637323923,3797.243612470763,1,0.16493297817364136,0.07064890569356616,"{""type"":""MultiPoint"",""coordinates"":[]}"
"448,9626","448,9626",-0.21986526207462553,-0.12158165654814945,3305.743169329606,1,0.7006697311793288,0.9205349932539544,"{""type"":""MultiPoint"",""coordinates"":[]}"
"449,9626","449,9626",0.25890634695654946,0.16006587423864538,2814.2420663482894,1,0.7504039271889743,0.49149758023242485,"{""type"":""MultiPoint"",""coordinates"":[]}"
"450,9626","450,9626",0.7324615796848206,0.473058759047727,2322.740348763161,1,0.9433506652903703,0.2108890856055497,"{""type"":""MultiPoint"",""coordinates"":[]}"
"451,9626","451,9626",2.276697969016357,0.9093604928058666,1918.41018996935,1,2.812170622695206,0.5354726536788492,"{""type"":""MultiPoint"",""coordinates"":[]}"
"452,9626","452,9626",5.154710926523764,1.3074550029793712,1969.1078109749526,1,6.066161461378614,0.9114505348548501,"{""type"":""MultiPoint"",""coordinates"":[]}"
"453,9626","453,9626",3.3384254800844686,0.9952287697228167,2464.9380899736607,1,4.296052271372652,0.9576267912881834,"{""type"":""MultiPoint"",""coordinates"":[]}"
"454,9626","454,9626",0.9259292024557721,0.4930265360295835,3205.614722696948,1,1.3789051276159614,0.45297592516018925,"{""type"":""MultiPoint"",""coordinates"":[]}"
"455,9626","455,9626",0.5260744519977487,0.3213938581832256,4059.2527570138027,1,0.9139556348833263,0.3878811828855776,"{""type"":""MultiPoint"",""coordinates"":[]}"
"456,9626","456,9626",0.36492269517365544,0.2839634422371377,4967.95935286691,1,0.4761896485655255,0.11126695339187005,"{""type"":""MultiPoint"",""coordinates"":[]}"
"457,9626","457,9626",0.05311713521301084,0.05175446648371085,5906.371910625177,1,0.05311713521301084,0.0,"{""type"":""MultiPoint"",""coordinates"":[]}"
"458,9626","458,9626",0.0,0.0,6862.314752372927,0,0.0,0.0,"{""type"":""MultiPoint"",""coordinates"":[]}"
"459,9626","459,9626",0.0,0.0,7829.369646645422,0,0.0,0.0,"{""type"":""MultiPoint"",""coordinates"":[]}"
"460,9626","460,9626",0.0,0.0,8803.875853605252,0,0.0,0.0,"{""type"":""MultiPoint"",""coordinates"":[]}"
"461,9626","461,9626",0.0,0.0,9783.607313670067,0,0.0,0.0,"{""type"":""MultiPoint"",""coordinates"":[]}"
"232,9627","232,9627",1.2403235515648796,0.5348489237919337,10043.33611356307,1,1.9941987664903698,0.7538752149254903,"{""type"":""MultiPoint"",""coordinates"":[]}"
"233,9627","233,9627",2.0359948145312905,0.8318121361839692,9043.825224952561,1,2.6051885288250847,0.5691937142937942,"{""type"":""MultiPoint"",""coordinates"":[]}"
"234,9627","234,9627",1.3500528347858425,0.6217407498134245,8044.309422456785,1,1.9159364348568066,0.565883600070964,"{""type"":""MultiPoint"",""coordinates"":[]}"
"235,9627","235,9627",0.8514914618640923,0.3679335625231449,7044.789476172875,1,1.7660480068880606,0.9145565450239683,"{""type"":""MultiPoint"",""coordinates"":[]}"
"236,9627","236,9627",0.45914804400603626,0.1845121038342019,6045.2665864624,1,1.7250739177967522,1.265925873790716,"{""type"":""MultiPoint"",""coordinates"":[]}"
"237,9627","237,9627",0.709607007452516,0.40785864779035386,5045.742913936423,1,1.1186908096724504,0.40908380221993434,"{""type"":""MultiPoint"",""coordinates"":[]}"
"238,9627","238,9627",0.6221096882823985,0.3258848399498882,4046.2227691603102,1,1.23690597193802,0.6147962836556214,"{""type"":""MultiPoint"",""coordinates"":[]}"
"239,9627","239,9627",0.24691606925647003,0.07720102527575934,3046.716015435589,1,2.3233985942284394,2.0764825249719694,"{""type"":""MultiPoint"",""coordinates"":[]}"
"240,9627","240,9627",0.08816137765120846,0.015855347057998515,2047.2517503445488,1,4.604553395180247,4.516392017529038,"{""type"":""MultiPoint"",""coordinates"":[]}"
"241,9627","241,9627",-0.3109494627338547,-0.04050295780107316,1047.9700612815614,1,6.5227786004543304,6.833728063188185,"{""type"":""MultiPoint"",""coordinates"":[]}"
"242,9627","242,9627",-1.8647106175553319,-0.17013649845972312,59.3427188828207,1,9.054155670616725,10.918866288172056,"{""type"":""MultiPoint"",""coordinates"":[]}"
"243,9627","243,9627",-1.7035365259810664,-0.15893213381224047,6.871379597056911,1,8.889425722295291,10.592962248276358,"{""type"":""MultiPoint"",""coordinates"":[]}"
"244,9627","244,9627",0.1808581478683431,0.020081779672799005,50.98055941187518,1,8.096813407486783,7.91595525961844,"{""type"":""MultiPoint"",""coordinates"":[]}"
"245,9627","245,9627",1.3055914441574519,0.18043240498144297,95.09007886654486,1,6.908319348448663,5.6027279042912115,"{""type"":""MultiPoint"",""coordinates"":[]}"
"246,9627","246,9627",1.0389619077721686,0.19618862258114067,139.1999277516949,1,4.8321857705508195,3.793223862778651,"{""type"":""MultiPoint"",""coordinates"":[]}"
"247,9627","247,9627",1.237469089664009,0.30634181220969703,183.31011755359518,1,3.6897803263304993,2.4523112366664903,"{""type"":""MultiPoint"",""coordinates"":[]}"
"248,9627","248,9627",1.2192578437189532,0.33930082889422075,227.42063688183524,1,3.2374795381337,2.0182216944147466,"{""type"":""MultiPoint"",""coordinates"":[]}"
"249,9627","249,9627",1.0235765057883848,0.4243512005875403,271.53148997446345,1,1.9599739937749625,0.9363974879865778,"{""type"":""MultiPoint"",""coordinates"":[]}"
"250,9627","250,9627",0.8879079166082768,0.3667718412252623,315.64266958734555,1,1.8919042524259448,1.003996335817668,"{""type"":""MultiPoint"",""coordinates"":[]}"
"251,9627","251,9627",1.0850956242649448,0.43225817291981583,359.75417677962196,1,2.0918086355215877,1.006713011256643,"{""type"":""MultiPoint"",""coordinates"":[]}"
"252,9627","252,9627",0.8257900681601817,0.33362102535217697,403.86601184332585,1,1.9110448577836774,1.0852547896234956,"{""type"":""MultiPoint"",""coordinates"":[]}"
"253,9627","253,9627",0.5040858727015418,0.2068031819952647,447.9781638699599,1,1.6982390343174145,1.1941531616158727,"{""type"":""MultiPoint"",""coordinates"":[]}"
"254,9627","254,9627",0.30267783233972456,0.12807952454805915,485.7631966028981,1,1.5177709443928447,1.21509311205312,"{""type"":""MultiPoint"",""coordinates"":[]}"
"255,9627","255,9627",0.37589692722444656,0.18010347267693883,424.25494157711205,1,1.2807035983017045,0.904806671077258,"{""type"":""MultiPoint"",""coordinates"":[]}"
"256,9627","256,9627",0.3224625000515,0.2298144116256345,362.7463613324789,1,0.5705444393279923,0.24808193927649227,"{""type"":""MultiPoint"",""coordinates"":[]}"
"257,9627","257,9627",0.027832259991249997,0.018644666385493225,301.23746075798374,1,0.5067326638829536,0.4789004038917036,"{""type"":""MultiPoint"",""coordinates"":[]}"
"258,9627","258,9627",0.2685422532338717,0.1558968360565044,239.72824491936257,1,0.8603222992213964,0.5917800459875246,"{""type"":""MultiPoint"",""coordinates"":[]}"
"259,9627","259,9627",0.13565496846178215,0.08414895576505077,178.2187151025523,1,0.6808600649297862,0.5452050964680041,"{""type"":""MultiPoint"",""coordinates"":[]}"
"260,9627","260,9627",0.4205333725051973,0.20806222298124766,116.70888495841444,1,1.2387432797441205,0.8182099072389232,"{""type"":""MultiPoint"",""coordinates"":[]}"
"261,9627","261,9627",0.3653487409182681,0.15678769285489824,55.19873958969015,1,1.5176590639637089,1.1523103230454408,"{""type"":""MultiPoint"",""coordinates"":[]}"
"262,9627","262,9627",0.381273905918436,0.16836231434486448,42.94931040755374,1,1.4605873902252962,1.0793134843068601,"{""type"":""MultiPoint"",""coordinates"":[]}"
"263,9627","263,9627",0.5778107721491154,0.31906547823886283,164.37449567099185,1,1.1151899894078574,0.537379217258742,"{""type"":""MultiPoint"",""coordinates"":[]}"
"264,9627","264,9627",1.2845323007180083,0.7006317916848994,285.80031940101486,1,1.5500497192047948,0.26551741848678656,"{""type"":""MultiPoint"",""coordinates"":[]}"
"265,9627","265,9627",1.3101133086308523,0.6233110466653107,407.22678100809935,1,1.8245319256566672,0.5144186170258149,"{""type"":""MultiPoint"",""coordinates"":[]}"
"266,9627","266,9627",1.1470263221951789,0.6451843765000629,528.6538774058083,1,1.4125869779350007,0.26556065573982185,"{""type"":""MultiPoint"",""coordinates"":[]}"
"267,9627","267,9627",1.0140558424620063,0.7001505210529966,650.0816089103103,1,1.0140558424620063,0.0,"{""type"":""MultiPoint"",""coordinates"":[]}"
"268,9627","268,9627",0.7433892647952658,0.5558310719506294,771.5099596854877,1,0.7433892647952658,0.0,"{""type"":""MultiPoint"",""coordinates"":[]}"
"269,9627","269,9627",0.02816870977004913,0.027779268129956423,892.9389269604238,1,0.02816870977004913,0.0,"{""type"":""MultiPoint"",""coordinates"":[]}"
"270,9627","270,9627",0.0,0.0,1014.3685096694534,0,0.0,0.0,"{""type"":""MultiPoint"",""coordinates"":[]}"
"271,9627","271,9627",0.0,0.0,1135.7986850792236,0,0.0,0.0,"{""type"":""MultiPoint"",""coordinates"":[]}"
"272,9627","272,9627",0.0,0.0,1257.2294700664247,0,0.0,0.0,"{""type"":""MultiPoint"",""coordinates"":[]}"
"273,9627","273,9627",0.0,0.0,1378.660852146719,0,0.0,0.0,"{""type"":""MultiPoint"",""coordinates"":[]}"
"274,9627","274,9627",0.0,0.0,1500.0928147818256,0,0.0,0.0,"{""type"":""MultiPoint"",""coordinates"":[]}"
"275,9627","275,9627",0.0,0.0,1621.5253603067522,0,0.0,0.0,"{""type"":""MultiPoint"",""coordinates"":[]}"
"276,9627","276,9627",0.0,0.0,1742.958482779808,0,0.0,0.0,"{""type"":""MultiPoint"",""coordinates"":[]}"
"277,9627","277,9627",0.0,0.0,1864.3921694153428,0,0.0,0.0,"{""type"":""MultiPoint"",""coordinates"":[]}"
"278,9627","278,9627",0.0,0.0,1985.8264215972142,0,0.0,0.0,"{""type"":""MultiPoint"",""coordinates"":[]}"
"279,9627","279,9627",0.11739393400206959,0.11099912935632134,2107.2612322108566,1,0.11739393400206959,0.0,"{""type"":""MultiPoint"",""coordinates"":[]}"
"280,9627","280,9627",0.28600673153167916,0.24513973167841352,2228.69660209381,1,0.31554915816535084,0.029542426633671678,"{""type"":""MultiPoint"",""coordinates"":[]}"
"281,9627","281,9627",0.49091741074939615,0.3869715306699359,2350.1324995481687,1,0.5298640227205444,0.038946611971148286,"{""type"":""MultiPoint"",""coordinates"":[]}"
"282,9627","282,9627",0.2783382261580188,0.21616513570516546,2471.568944880306,1,0.4317976234557286,0.1534593972977098,"{""type"":""MultiPoint"",""coordinates"":[]}"
"283,9627","283,9627",0.20203357974457753,0.12751783141772505,2593.005927346523,1,0.6875186324267715,0.48548505268219394,"{""type"":""MultiPoint"",""coordinates"":[]}"
"284,9627","284,9627",0.3357276743158952,0.20394449142148752,2714.443438217218,1,0.8197375216499488,0.48400984733405367,"{""type"":""MultiPoint"",""coordinates"":[]}"
"285,9627","285,9627",0.3920719628629175,0.2480206106466149,2835.881466693872,1,0.7849351370942246,0.39286317423130707,"{""type"":""MultiPoint"",""coordinates"":[]}"
"286,9627","286,9627",0.36498470530937827,0.30462269804602315,2957.320022909483,1,0.3898966208570121,0.02491191554763381,"{""type"":""MultiPoint"",""coordinates"":[]}"
"287,9627","287,9627",0.010023607212362938,0.009973704057599692,3078.759075843698,1,0.010023607212362938,0.0,"{""type"":""MultiPoint"",""coordinates"":[]}"
"288,9627","288,9627",0.0,0.0,3200.1986312093927,0,0.0,0.0,"{""type"":""MultiPoint"",""coordinates"":[]}"
"289,9627","289,9627",0.0,0.0,3321.638690732987,0,0.0,0.0,"{""type"":""MultiPoint"",""coordinates"":[]}"
"290,9627","290,9627",0.2558646625010327,0.22782430945445636,3443.0792408167513,1,0.2558646625010327,0.0,"{""type"":""MultiPoint"",""coordinates"":[]}"
"291,9627","291,9627",0.9246503185468775,0.6317333036743102,3564.5202833531494,1,0.9743540815068679,0.049703762959990294,"{""type"":""MultiPoint"",""coordinates"":[]}"
"292,9627","292,9627",1.108136154512484,0.7074800422510423,3652.7714038257322,1,1.1851758683701146,0.07703971385763071,"{""type"":""MultiPoint"",""coordinates"":[]}"
"293,9627","293,9627",0.7772444581377854,0.5395158936264053,3583.694687320343,1,0.8640316207817844,0.08678716264399897,"{""type"":""MultiPoint"",""coordinates"":[]}"
"294,9627","294,9627",0.7208225825830051,0.5309732265369443,3514.617474949133,1,0.7497069835662843,0.028884400983279167,"{""type"":""MultiPoint"",""coordinates"":[]}"
"295,9627","295,9627",0.45602680021304803,0.3757113563448231,3445.539769342108,1,0.45602680021304803,0.0,"{""type"":""MultiPoint"",""coordinates"":[]}"
"296,9627","296,9627",0.0680712546256228,0.06585445612672228,3376.4615575449557,1,0.0680712546256228,0.0,"{""type"":""MultiPoint"",""coordinates"":[]}"
"297,9627","297,9627",0.01744698746475631,0.01729653620558233,3307.3828493949077,1,0.01744698746475631,0.0,"{""type"":""MultiPoint"",""coordinates"":[]}"
"298,9627","298,9627",0.0,0.0,3238.3036598872245,0,0.0,0.0,"{""type"":""MultiPoint"",""coordinates"":[]}"
"299,9627","299,9627",0.0,0.0,3169.223985684438,0,0.0,0.0,"{""type"":""MultiPoint"",""coordinates"":[]}"
"300,9627","300,9627",0.0,0.0,3100.143833508827,0,0.0,0.0,"{""type"":""MultiPoint"",""coordinates"":[]}"
"301,9627","301,9627",0.0,0.0,3031.063195071482,0,0.0,0.0,"{""type"":""MultiPoint"",""coordinates"":[]}"
"302,9627","302,9627",0.0,0.0,2961.9820880014545,0,0.0,0.0,"{""type"":""MultiPoint"",""coordinates"":[]}"
"303,9627","303,9627",0.0,0.0,2892.9005097912695,0,0.0,0.0,"{""type"":""MultiPoint"",""coordinates"":[]}"
"304,9627","304,9627",0.0,0.0,2823.818465097333,0,0.0,0.0,"{""type"":""MultiPoint"",""coordinates"":[]}"
"305,9627","305,9627",0.0,0.0,2754.7359451411044,0,0.0,0.0,"{""type"":""MultiPoint"",""coordinates"":[]}"
"306,9627","306,9627",0.0,0.0,2685.6529703802257,0,0.0,0.0,"{""type"":""MultiPoint"",""coordinates"":[]}"
"307,9627","307,9627",0.0,0.0,2616.5695424426467,0,0.0,0.0,"{""type"":""MultiPoint"",""coordinates"":[]}"
"308,9627","308,9627",0.0,0.0,2547.4856584806116,0,0.0,0.0,"{""type"":""MultiPoint"",""coordinates"":[]}"
"309,9627","309,9627",0.0,0.0,2478.4013116034944,0,0.0,0.0,"{""type"":""MultiPoint"",""coordinates"":[]}"
"310,9627","310,9627",0.25378088956724293,0.22616369773107667,2409.3165274032294,1,0.25378088956724293,0.0,"{""type"":""MultiPoint"",""coordinates"":[]}"
"311,9627","311,9627",0.5203341501063273,0.3317020596444072,2340.2312984430823,1,0.8432030473414759,0.32286889723514856,"{""type"":""MultiPoint"",""coordinates"":[]}"
"312,9627","312,9627",0.6571994532818257,0.28271159844360083,2271.1456335001567,1,1.6686908501672422,1.0114913968854164,"{""type"":""MultiPoint"",""coordinates"":[]}"
"313,9627","313,9627",0.6157358312239389,0.1696143236511123,2202.0595229493883,1,2.9467781616808617,2.3310423304569228,"{""type"":""MultiPoint"",""coordinates"":[]}"
"314,9627","314,9627",0.7151919959299424,0.1930332611312353,2132.972976295358,1,3.074113009486739,2.3589210135567966,"{""type"":""MultiPoint"",""coordinates"":[]}"
"315,9627","315,9627",-0.5331581012799838,-0.0964862840413625,2045.045868814561,1,4.263446969184167,4.7966050704641505,"{""type"":""MultiPoint"",""coordinates"":[]}"
"316,9627","316,9627",0.3492285122096588,0.08555009449452133,1871.8332703553688,1,3.259255930793411,2.910027418583752,"{""type"":""MultiPoint"",""coordinates"":[]}"
"317,9627","317,9627",0.6248997152092576,0.2852602549644764,1698.6197734375803,1,1.5179148212785956,0.893015106069338,"{""type"":""MultiPoint"",""coordinates"":[]}"
"318,9627","318,9627",0.6961442920044787,0.40393464402902873,1525.4053962383382,1,1.0948499705895636,0.3987056785850848,"{""type"":""MultiPoint"",""coordinates"":[]}"
"319,9627","319,9627",0.6425049356038091,0.3938437990043437,1352.1901530123603,1,0.9736553109164384,0.3311503753126294,"{""type"":""MultiPoint"",""coordinates"":[]}"
"320,9627","320,9627",0.7699591355175263,0.5098801133967645,1178.9740415422768,1,0.9276330271874431,0.15767389166991688,"{""type"":""MultiPoint"",""coordinates"":[]}"
"321,9627","321,9627",0.8506440087477752,0.5723368804288341,1005.7570685983312,1,0.9519380016137867,0.10129399286601151,"{""type"":""MultiPoint"",""coordinates"":[]}"
"322,9627","322,9627",0.861387959527738,0.5918760069039818,832.5392538888236,1,0.9282862578780906,0.06689829835035267,"{""type"":""MultiPoint"",""coordinates"":[]}"
"323,9627","323,9627",0.9128410837411106,0.5326416726899743,659.3205921501425,1,1.210547935663689,0.2977068519225784,"{""type"":""MultiPoint"",""coordinates"":[]}"
"324,9627","324,9627",0.8350968746932578,0.49065148176387297,486.10110511653545,1,1.1535737558379526,0.31847688114469486,"{""type"":""MultiPoint"",""coordinates"":[]}"
"325,9627","325,9627",0.5888666106466339,0.46226989871772123,312.88079458820516,1,0.5908964003366949,0.002029789690060909,"{""type"":""MultiPoint"",""coordinates"":[]}"
"326,9627","326,9627",0.25017538382664256,0.22328384853340863,139.65966466161746,1,0.25017538382664256,0.0,"{""type"":""MultiPoint"",""coordinates"":[]}"
"327,9627","327,9627",0.0,0.0,33.56226918638701,0,0.0,0.0,"{""type"":""MultiPoint"",""coordinates"":[]}"
"328,9627","328,9627",0.0,0.0,206.78499758886886,0,0.0,0.0,"{""type"":""MultiPoint"",""coordinates"":[]}"
"329,9627","329,9627",0.0,0.0,380.0085249271278,0,0.0,0.0,"{""type"":""MultiPoint"",""coordinates"":[]}"
"330,9627","330,9627",0.0,0.0,553.2328253541665,0,0.0,0.0,"{""type"":""MultiPoint"",""coordinates"":[]}"
"331,9627","331,9627",0.0,0.0,726.4578939813341,0,0.0,0.0,"{""type"":""MultiPoint"",""coordinates"":[]}"
"332,9627","332,9627",0.0,0.0,899.6837394908881,0,0.0,0.0,"{""type"":""MultiPoint"",""coordinates"":[]}"
"333,9627","333,9627",0.0,0.0,1072.9103363420534,0,0.0,0.0,"{""type"":""MultiPoint"",""coordinates"":[]}"
"334,9627","334,9627",0.0,0.0,1246.1376761078461,0,0.0,0.0,"{""type"":""MultiPoint"",""coordinates"":[]}"
"335,9627","335,9627",0.0,0.0,1419.3657583779143,0,0.0,0.0,"{""type"":""MultiPoint"",""coordinates"":[]}"
"336,9627","336,9627",0.0,0.0,1592.5945627771414,0,0.0,0.0,"{""type"":""MultiPoint"",""coordinates"":[]}"
"337,9627","337,9627",0.04986926109517274,0.04859745890665959,1765.8241069161684,1,0.051306720185157376,0.0014374590899846327,"{""type"":""MultiPoint"",""coordinates"":[]}"
"338,9627","338,9627",0.39627745825389077,0.3156281522927616,1939.0543553295538,1,0.4640644925506148,0.06778703429672407,"{""type"":""MultiPoint"",""coordinates"":[]}"
"339,9627","339,9627",0.20639648062230379,0.18305225876242043,2062.531341931222,1,0.2338725647628562,0.027476084140552418,"{""type"":""MultiPoint"",""coordinates"":[]}"
"340,9627","340,9627",0.05901449137297879,0.057338750541677044,1958.2513179653454,1,0.05901449137297879,0.0,"{""type"":""MultiPoint"",""coordinates"":[]}"
"341,9627","341,9627",0.0,0.0,1853.9708954733578,0,0.0,0.0,"{""type"":""MultiPoint"",""coordinates"":[]}"
"342,9627","342,9627",0.0,0.0,1749.6900797350543,0,0.0,0.0,"{""type"":""MultiPoint"",""coordinates"":[]}"
"343,9627","343,9627",0.0,0.0,1645.4088678159294,0,0.0,0.0,"{""type"":""MultiPoint"",""coordinates"":[]}"
"344,9627","344,9627",0.004009506116582923,0.0040014894683225,1541.1272852602474,1,0.004009506116582923,0.0,"{""type"":""MultiPoint"",""coordinates"":[]}"
"345,9627","345,9627",0.23644445969225605,0.21223988961690518,1436.8453214866413,1,0.23644445969225605,0.0,"{""type"":""MultiPoint"",""coordinates"":[]}"
"346,9627","346,9627",0.3408814131856066,0.29332716876030573,1332.562980495321,1,0.3408814131856066,0.0,"{""type"":""MultiPoint"",""coordinates"":[]}"
"347,9627","347,9627",0.22305682970032303,0.19901325371845113,1228.2802642878962,1,0.23603919082104347,0.012982361120720433,"{""type"":""MultiPoint"",""coordinates"":[]}"
"348,9627","348,9627",0.22408627154790378,0.1900616338380452,1374.2456761526305,1,0.29460915323499953,0.07052288168709574,"{""type"":""MultiPoint"",""coordinates"":[]}"
"349,9627","349,9627",0.2420540969971925,0.20485275291651583,1735.8390910732264,1,0.30675669279817036,0.06470259580097787,"{""type"":""MultiPoint"",""coordinates"":[]}"
"350,9627","350,9627",0.07439057098664886,0.07171729210479982,2097.433861935074,1,0.07491507275858392,5.245017719350519E-4,"{""type"":""MultiPoint"",""coordinates"":[]}"
"351,9627","351,9627",0.0,0.0,2459.0299743985247,0,0.0,0.0,"{""type"":""MultiPoint"",""coordinates"":[]}"
"352,9627","352,9627",0.2668901659475946,0.23656520930005714,2820.627423390984,1,0.2668901659475946,0.0,"{""type"":""MultiPoint"",""coordinates"":[]}"
"353,9627","353,9627",0.30205201675880305,0.2639414944159925,3182.2261746528748,1,0.30205201675880305,0.0,"{""type"":""MultiPoint"",""coordinates"":[]}"
"354,9627","354,9627",0.03018296526243538,0.02973642264322867,3191.7871531781716,1,0.03018296526243538,0.0,"{""type"":""MultiPoint"",""coordinates"":[]}"
"355,9627","355,9627",0.0,0.0,3195.046123324238,0,0.0,0.0,"{""type"":""MultiPoint"",""coordinates"":[]}"
"356,9627","356,9627",0.0,0.0,3198.3050879403504,0,0.0,0.0,"{""type"":""MultiPoint"",""coordinates"":[]}"
"357,9627","357,9627",0.0,0.0,3201.564045378974,0,0.0,0.0,"{""type"":""MultiPoint"",""coordinates"":[]}"
"358,9627","358,9627",0.018544231715371944,0.01837438403371293,3204.822995332765,1,0.018544231715371944,0.0,"{""type"":""MultiPoint"",""coordinates"":[]}"
"359,9627","359,9627",0.026315147862765904,0.02597486124370894,3208.0819409182777,1,0.026315147862765904,0.0,"{""type"":""MultiPoint"",""coordinates"":[]}"
"360,9627","360,9627",0.0,0.0,3211.3408868196407,0,0.0,0.0,"{""type"":""MultiPoint"",""coordinates"":[]}"
"361,9627","361,9627",0.0,0.0,3214.599821147489,0,0.0,0.0,"{""type"":""MultiPoint"",""coordinates"":[]}"
"362,9627","362,9627",0.0,0.0,3217.8587501062307,0,0.0,0.0,"{""type"":""MultiPoint"",""coordinates"":[]}"
"363,9627","363,9627",0.0,0.0,3221.1176757514427,0,0.0,0.0,"{""type"":""MultiPoint"",""coordinates"":[]}"
"364,9627","364,9627",0.0,0.0,3224.3765897954186,0,0.0,0.0,"{""type"":""MultiPoint"",""coordinates"":[]}"
"365,9627","365,9627",0.0,0.0,3227.6355019696716,0,0.0,0.0,"{""type"":""MultiPoint"",""coordinates"":[]}"
"366,9627","366,9627",0.0,0.0,3230.8944040041333,0,0.0,0.0,"{""type"":""MultiPoint"",""coordinates"":[]}"
"367,9627","367,9627",0.0,0.0,3234.1533000345994,0,0.0,0.0,"{""type"":""MultiPoint"",""coordinates"":[]}"
"368,9627","368,9627",0.0,0.0,3237.4121894045056,0,0.0,0.0,"{""type"":""MultiPoint"",""coordinates"":[]}"
"369,9627","369,9627",0.0,0.0,3240.671072140559,0,0.0,0.0,"{""type"":""MultiPoint"",""coordinates"":[]}"
"370,9627","370,9627",0.0,0.0,3243.929948328822,0,0.0,0.0,"{""type"":""MultiPoint"",""coordinates"":[]}"
"371,9627","371,9627",0.0,0.0,3247.1888137445103,0,0.0,0.0,"{""type"":""MultiPoint"",""coordinates"":[]}"
"372,9627","372,9627",0.0,0.0,3250.4476622662046,0,0.0,0.0,"{""type"":""MultiPoint"",""coordinates"":[]}"
"373,9627","373,9627",0.0,0.0,3253.706511820865,0,0.0,0.0,"{""type"":""MultiPoint"",""coordinates"":[]}"
"374,9627","374,9627",0.0,0.0,3256.9653629139634,0,0.0,0.0,"{""type"":""MultiPoint"",""coordinates"":[]}"
"375,9627","375,9627",0.0,0.0,3260.2241958225077,0,0.0,0.0,"{""type"":""MultiPoint"",""coordinates"":[]}"
"376,9627","376,9627",0.0,0.0,3263.4830225638,0,0.0,0.0,"{""type"":""MultiPoint"",""coordinates"":[]}"
"377,9627","377,9627",0.0,0.0,3266.7418370912105,0,0.0,0.0,"{""type"":""MultiPoint"",""coordinates"":[]}"
"378,9627","378,9627",0.0,0.0,3270.000642167629,0,0.0,0.0,"{""type"":""MultiPoint"",""coordinates"":[]}"
"379,9627","379,9627",0.0,0.0,3273.2594347808626,0,0.0,0.0,"{""type"":""MultiPoint"",""coordinates"":[]}"
"380,9627","380,9627",0.0,0.0,3276.518228032518,0,0.0,0.0,"{""type"":""MultiPoint"",""coordinates"":[]}"
"381,9627","381,9627",0.0,0.0,3279.7770043463206,0,0.0,0.0,"{""type"":""MultiPoint"",""coordinates"":[]}"
"382,9627","382,9627",0.0,0.0,3283.035777724918,0,0.0,0.0,"{""type"":""MultiPoint"",""coordinates"":[]}"
"383,9627","383,9627",0.0,0.0,3286.294536545572,0,0.0,0.0,"{""type"":""MultiPoint"",""coordinates"":[]}"
"384,9627","384,9627",0.0,0.0,3289.5532933300224,0,0.0,0.0,"{""type"":""MultiPoint"",""coordinates"":[]}"
"385,9627","385,9627",0.0,0.0,3292.812035138032,0,0.0,0.0,"{""type"":""MultiPoint"",""coordinates"":[]}"
"386,9627","386,9627",0.0,0.0,3296.0707674086193,0,0.0,0.0,"{""type"":""MultiPoint"",""coordinates"":[]}"
"387,9627","387,9627",0.0,0.0,3299.329485355792,0,0.0,0.0,"{""type"":""MultiPoint"",""coordinates"":[]}"
"388,9627","388,9627",0.0,0.0,3302.5881943587674,0,0.0,0.0,"{""type"":""MultiPoint"",""coordinates"":[]}"
"389,9627","389,9627",0.0,0.0,3305.846895079599,0,0.0,0.0,"{""type"":""MultiPoint"",""coordinates"":[]}"
"390,9627","390,9627",0.0,0.0,3309.1055896374173,0,0.0,0.0,"{""type"":""MultiPoint"",""coordinates"":[]}"
"391,9627","391,9627",0.0,0.0,3312.3642708112197,0,0.0,0.0,"{""type"":""MultiPoint"",""coordinates"":[]}"
"392,9627","392,9627",0.0,0.0,3315.622936622045,0,0.0,0.0,"{""type"":""MultiPoint"",""coordinates"":[]}"
"393,9627","393,9627",0.0,0.0,3318.8815863625705,0,0.0,0.0,"{""type"":""MultiPoint"",""coordinates"":[]}"
"394,9627","394,9627",0.0,0.0,3322.140231253506,0,0.0,0.0,"{""type"":""MultiPoint"",""coordinates"":[]}"
"395,9627","395,9627",0.0,0.0,3325.398865755133,0,0.0,0.0,"{""type"":""MultiPoint"",""coordinates"":[]}"
"396,9627","396,9627",0.0,0.0,3328.6574860646892,0,0.0,0.0,"{""type"":""MultiPoint"",""coordinates"":[]}"
"397,9627","397,9627",0.0,0.0,3331.9161019944995,0,0.0,0.0,"{""type"":""MultiPoint"",""coordinates"":[]}"
"398,9627","398,9627",0.0,0.0,3335.174702217559,0,0.0,0.0,"{""type"":""MultiPoint"",""coordinates"":[]}"
"399,9627","399,9627",0.0,0.0,3338.433286436305,0,0.0,0.0,"{""type"":""MultiPoint"",""coordinates"":[]}"
"400,9627","400,9627",0.0,0.0,3341.691858170552,0,0.0,0.0,"{""type"":""MultiPoint"",""coordinates"":[]}"
"401,9627","401,9627",0.0,0.0,3344.950418866218,0,0.0,0.0,"{""type"":""MultiPoint"",""coordinates"":[]}"
"402,9627","402,9627",0.0,0.0,3348.208966378046,0,0.0,0.0,"{""type"":""MultiPoint"",""coordinates"":[]}"
"403,9627","403,9627",0.0,0.0,3354.0975745815385,0,0.0,0.0,"{""type"":""MultiPoint"",""coordinates"":[]}"
"404,9627","404,9627",0.0,0.0,3540.9062031946637,0,0.0,0.0,"{""type"":""MultiPoint"",""coordinates"":[]}"
"405,9627","405,9627",0.0,0.0,3913.2851466708667,0,0.0,0.0,"{""type"":""MultiPoint"",""coordinates"":[]}"
"406,9627","406,9627",0.0,0.0,4291.808582567834,0,0.0,0.0,"{""type"":""MultiPoint"",""coordinates"":[]}"
"407,9627","407,9627",0.0,0.0,4670.332854515848,0,0.0,0.0,"{""type"":""MultiPoint"",""coordinates"":[]}"
"408,9627","408,9627",0.0,0.0,5048.85795168331,0,0.0,0.0,"{""type"":""MultiPoint"",""coordinates"":[]}"
"409,9627","409,9627",0.0,0.0,5427.383846790644,0,0.0,0.0,"{""type"":""MultiPoint"",""coordinates"":[]}"
"410,9627","410,9627",0.0,0.0,5805.910524391474,0,0.0,0.0,"{""type"":""MultiPoint"",""coordinates"":[]}"
"411,9627","411,9627",0.0,0.0,6184.437963660189,0,0.0,0.0,"{""type"":""MultiPoint"",""coordinates"":[]}"
"412,9627","412,9627",0.0,0.0,6562.966155961354,0,0.0,0.0,"{""type"":""MultiPoint"",""coordinates"":[]}"
"413,9627","413,9627",0.0,0.0,6941.49507532097,0,0.0,0.0,"{""type"":""MultiPoint"",""coordinates"":[]}"
"414,9627","414,9627",0.0,0.0,7320.0246986765005,0,0.0,0.0,"{""type"":""MultiPoint"",""coordinates"":[]}"
"415,9627","415,9627",0.0,0.0,7698.555022088248,0,0.0,0.0,"{""type"":""MultiPoint"",""coordinates"":[]}"
"416,9627","416,9627",0.0,0.0,8077.086036548491,0,0.0,0.0,"{""type"":""MultiPoint"",""coordinates"":[]}"
"417,9627","417,9627",0.0,0.0,8455.617708281705,0,0.0,0.0,"{""type"":""MultiPoint"",""coordinates"":[]}"
"418,9627","418,9627",0.0,0.0,8834.15001925328,0,0.0,0.0,"{""type"":""MultiPoint"",""coordinates"":[]}"
"419,9627","419,9627",0.0,0.0,9212.682958045694,0,0.0,0.0,"{""type"":""MultiPoint"",""coordinates"":[]}"
"420,9627","420,9627",0.0,0.0,9591.21650271658,0,0.0,0.0,"{""type"":""MultiPoint"",""coordinates"":[]}"
"421,9627","421,9627",0.0,0.0,9969.750642910334,0,0.0,0.0,"{""type"":""MultiPoint"",""coordinates"":[]}"
"422,9627","422,9627",0.0,0.0,10348.285351422253,0,0.0,0.0,"{""type"":""MultiPoint"",""coordinates"":[]}"
"435,9627","435,9627",0.0,0.0,10566.478859285713,0,0.0,0.0,"{""type"":""MultiPoint"",""coordinates"":[]}"
"436,9627","436,9627",0.0,0.0,10074.9891520878,0,0.0,0.0,"{""type"":""MultiPoint"",""coordinates"":[]}"
"437,9627","437,9627",0.0,0.0,9583.49853194829,0,0.0,0.0,"{""type"":""MultiPoint"",""coordinates"":[]}"
"438,9627","438,9627",0.0,0.0,9092.007004474968,0,0.0,0.0,"{""type"":""MultiPoint"",""coordinates"":[]}"
"439,9627","439,9627",0.0,0.0,8600.514599263506,0,0.0,0.0,"{""type"":""MultiPoint"",""coordinates"":[]}"
"440,9627","440,9627",0.0,0.0,8109.021343129089,0,0.0,0.0,"{""type"":""MultiPoint"",""coordinates"":[]}"
"441,9627","441,9627",0.0,0.0,7617.527247520256,0,0.0,0.0,"{""type"":""MultiPoint"",""coordinates"":[]}"
"442,9627","442,9627",0.0,0.0,7126.0323352863525,0,0.0,0.0,"{""type"":""MultiPoint"",""coordinates"":[]}"
"443,9627","443,9627",0.0,0.0,6634.536636769762,0,0.0,0.0,"{""type"":""MultiPoint"",""coordinates"":[]}"
"444,9627","444,9627",0.0,0.0,6143.040168743565,0,0.0,0.0,"{""type"":""MultiPoint"",""coordinates"":[]}"
"445,9627","445,9627",0.0,0.0,5651.542944947745,0,0.0,0.0,"{""type"":""MultiPoint"",""coordinates"":[]}"
"446,9627","446,9627",0.0,0.0,5160.044998843172,0,0.0,0.0,"{""type"":""MultiPoint"",""coordinates"":[]}"
"447,9627","447,9627",0.1594490008349093,0.1450998589872943,4668.546334936361,1,0.1805433206069164,0.02109431977200712,"{""type"":""MultiPoint"",""coordinates"":[]}"
"448,9627","448,9627",0.39668477336191743,0.30644355890745645,4177.047000068108,1,0.5029357623044398,0.10625098894252238,"{""type"":""MultiPoint"",""coordinates"":[]}"
"449,9627","449,9627",0.3001352377445855,0.24432629232989755,3685.546993211835,1,0.3845921871653996,0.08445694942081412,"{""type"":""MultiPoint"",""coordinates"":[]}"
"450,9627","450,9627",0.4101141843658227,0.34171345955192617,3199.76031385368,1,0.41688271786412623,0.006768533498303504,"{""type"":""MultiPoint"",""coordinates"":[]}"
"451,9627","451,9627",0.6052678371205518,0.4376836534309065,2904.160461899966,1,0.7075289073974302,0.10226107027687849,"{""type"":""MultiPoint"",""coordinates"":[]}"
"452,9627","452,9627",1.0582703347891982,0.6243094716343423,2937.8973673149126,1,1.2789435142217438,0.2206731794325456,"{""type"":""MultiPoint"",""coordinates"":[]}"
"453,9627","453,9627",1.0061456489512044,0.5113707751242283,3290.8601448238155,1,1.5133094813579167,0.5071638324067123,"{""type"":""MultiPoint"",""coordinates"":[]}"
"454,9627","454,9627",0.21648498765416813,0.08947825111097774,3876.8247438780586,1,1.529271109273436,1.3127861216192678,"{""type"":""MultiPoint"",""coordinates"":[]}"
"455,9627","455,9627",0.3488035704000472,0.20927914633599487,4607.743832410388,1,0.8471709844187043,0.4983674140186571,"{""type"":""MultiPoint"",""coordinates"":[]}"
"456,9627","456,9627",0.29481208193138997,0.23652169077804522,5425.344813925124,1,0.39965981334269407,0.1048477314113041,"{""type"":""MultiPoint"",""coordinates"":[]}"
"457,9627","457,9627",0.0,0.0,6295.947912593286,0,0.0,0.0,"{""type"":""MultiPoint"",""coordinates"":[]}"
"458,9627","458,9627",0.0,0.0,7200.353167874533,0,0.0,0.0,"{""type"":""MultiPoint"",""coordinates"":[]}"
"459,9627","459,9627",0.0,0.0,8127.284044216465,0,0.0,0.0,"{""type"":""MultiPoint"",""coordinates"":[]}"
"460,9627","460,9627",0.0,0.0,9069.8370821418,0,0.0,0.0,"{""type"":""MultiPoint"",""coordinates"":[]}"
"461,9627","461,9627",0.0,0.0,10023.606448441056,0,0.0,0.0,"{""type"":""MultiPoint"",""coordinates"":[]}"
"232,9628","232,9628",0.8502364225679222,0.5100378932124633,10089.466704815823,1,1.1281066089741076,0.2778701864061854,"{""type"":""MultiPoint"",""coordinates"":[]}"
"233,9628","233,9628",1.1726859898293671,0.6092276855382334,9095.027169776782,1,1.570387105521274,0.39770111569190686,"{""type"":""MultiPoint"",""coordinates"":[]}"
"234,9628","234,9628",0.8351775464946278,0.3957937687510491,8101.830980524443,1,1.5551967616767102,0.7200192151820823,"{""type"":""MultiPoint"",""coordinates"":[]}"
"235,9628","235,9628",0.6618412004860298,0.35340006515807476,7110.401986746935,1,1.2231531486119311,0.5613119481259013,"{""type"":""MultiPoint"",""coordinates"":[]}"
"236,9628","236,9628",0.43436032011021497,0.2962769618922689,6121.602101753513,1,0.6939504957280677,0.2595901756178527,"{""type"":""MultiPoint"",""coordinates"":[]}"
"237,9628","237,9628",0.44079262354722704,0.3484095820290847,5136.953639933917,1,0.49832495677359007,0.05753233322636301,"{""type"":""MultiPoint"",""coordinates"":[]}"
"238,9628","238,9628",0.2165661581524021,0.09083242427477822,4159.410644208059,1,1.494160569387756,1.2775944112353539,"{""type"":""MultiPoint"",""coordinates"":[]}"
"239,9628","239,9628",0.2906436005683788,0.05827881908900445,3195.5069326901016,1,4.13385558985684,3.8432119892884615,"{""type"":""MultiPoint"",""coordinates"":[]}"
"240,9628","240,9628",0.972160090493762,0.183986850045603,2262.749655454057,1,4.784833406810919,3.812673316317157,"{""type"":""MultiPoint"",""coordinates"":[]}"
"241,9628","241,9628",0.4688799886641757,0.07486780583167207,1423.7470140344503,1,5.5001369301941025,5.031256941529927,"{""type"":""MultiPoint"",""coordinates"":[]}"
"242,9628","242,9628",0.8892069406440015,0.1445576832935338,965.590205127646,1,5.606537277311112,4.717330336667111,"{""type"":""MultiPoint"",""coordinates"":[]}"
"243,9628","243,9628",0.6056436929571696,0.10063815999453762,1005.4723786093385,1,5.3259324834726485,4.720288790515479,"{""type"":""MultiPoint"",""coordinates"":[]}"
"244,9628","244,9628",0.4047714621310874,0.0772114797686072,1049.5878805514858,1,4.447363994075256,4.042592531944169,"{""type"":""MultiPoint"",""coordinates"":[]}"
"245,9628","245,9628",0.5235271365607828,0.11351056640484591,1093.703697694016,1,3.878859178148042,3.355332041587259,"{""type"":""MultiPoint"",""coordinates"":[]}"
"246,9628","246,9628",0.8824220740255901,0.25456377068473746,1137.8198276958833,1,2.926318959388672,2.0438968853630817,"{""type"":""MultiPoint"",""coordinates"":[]}"
"247,9628","247,9628",1.0089726547239675,0.4393632664760493,1181.9362687112277,1,1.837753044673045,0.8287803899490777,"{""type"":""MultiPoint"",""coordinates"":[]}"
"248,9628","248,9628",0.9137251873490119,0.46348067652110053,1226.053011321062,1,1.4634698672710604,0.5497446799220486,"{""type"":""MultiPoint"",""coordinates"":[]}"
"249,9628","249,9628",0.6453522171553207,0.3416115930885832,1270.1700715991344,1,1.2301523949577775,0.5848001778024569,"{""type"":""MultiPoint"",""coordinates"":[]}"
"250,9628","250,9628",0.5268755658657965,0.28727285702504995,1314.287430058191,1,1.110093241680168,0.5832176758143716,"{""type"":""MultiPoint"",""coordinates"":[]}"
"251,9628","251,9628",0.5663103443404583,0.27948305540782226,1358.405095008756,1,1.3226054659853244,0.756295121644866,"{""type"":""MultiPoint"",""coordinates"":[]}"
"252,9628","252,9628",0.5466361674543929,0.2792596017780812,1402.5230515697822,1,1.2434707625883898,0.6968345951339969,"{""type"":""MultiPoint"",""coordinates"":[]}"
"253,9628","253,9628",0.4926310659526554,0.28477644961323917,1446.6412997728335,1,0.98787752967583,0.4952464637231746,"{""type"":""MultiPoint"",""coordinates"":[]}"
"254,9628","254,9628",0.03594732396814915,0.023746261168103577,1483.5125480917047,1,0.5318546421213508,0.49590731815320166,"{""type"":""MultiPoint"",""coordinates"":[]}"
"255,9628","255,9628",-0.1552145228720404,-0.09021715542389269,1422.0103368449847,1,0.6440141293307061,0.7992286522027465,"{""type"":""MultiPoint"",""coordinates"":[]}"
"256,9628","256,9628",0.0715659375825565,0.057023918850771765,1360.5077826020047,1,0.2911391547077322,0.21957321712517572,"{""type"":""MultiPoint"",""coordinates"":[]}"
"257,9628","257,9628",-0.0025358420018463945,-0.0024880876085270447,1299.004891851528,1,0.01792581693256554,0.020461658934411934,"{""type"":""MultiPoint"",""coordinates"":[]}"
"258,9628","258,9628",0.00956698015676389,0.009368710361509876,1237.5016560149038,1,0.025953935546891314,0.016386955390127425,"{""type"":""MultiPoint"",""coordinates"":[]}"
"259,9628","259,9628",0.10193775401755824,0.08812092250007254,1175.9980813535433,1,0.2085113462930668,0.10657359227550857,"{""type"":""MultiPoint"",""coordinates"":[]}"
"260,9628","260,9628",0.13806742269121958,0.11876590221542005,1114.4941732108607,1,0.23291722192429803,0.09484979923307846,"{""type"":""MultiPoint"",""coordinates"":[]}"
"261,9628","261,9628",0.3238385637091775,0.21876230283621706,1052.9899397994163,1,0.6481398246481886,0.3243012609390111,"{""type"":""MultiPoint"",""coordinates"":[]}"
"262,9628","262,9628",-0.006819726743250043,-0.004265749741484193,949.3412666380316,1,0.5953095875744127,0.6021293143176627,"{""type"":""MultiPoint"",""coordinates"":[]}"
"263,9628","263,9628",0.012090293870612612,0.00824721709719145,827.9219247149589,1,0.47203813056032096,0.45994783668970834,"{""type"":""MultiPoint"",""coordinates"":[]}"
"264,9628","264,9628",0.8159939214485149,0.5534029860813131,706.501905704627,1,0.9199395966142008,0.10394567516568591,"{""type"":""MultiPoint"",""coordinates"":[]}"
"265,9628","265,9628",1.0766842101831415,0.7200551041209975,585.0812111882725,1,1.0976769215826032,0.020992711399461766,"{""type"":""MultiPoint"",""coordinates"":[]}"
"266,9628","266,9628",0.888937683092951,0.626587761174417,463.65986173156983,1,0.9092805931564295,0.0203429100634786,"{""type"":""MultiPoint"",""coordinates"":[]}"
"267,9628","267,9628",0.4241889804746106,0.3536025151919086,342.23787307621274,1,0.4241889804746106,0.0,"{""type"":""MultiPoint"",""coordinates"":[]}"
"268,9628","268,9628",0.37529929573726734,0.3186713770590421,220.8152285805865,1,0.37529929573726734,0.0,"{""type"":""MultiPoint"",""coordinates"":[]}"
"269,9628","269,9628",0.0,0.0,99.39194756304734,0,0.0,0.0,"{""type"":""MultiPoint"",""coordinates"":[]}"
"270,9628","270,9628",0.0,0.0,22.03197508903862,0,0.0,0.0,"{""type"":""MultiPoint"",""coordinates"":[]}"
"271,9628","271,9628",0.0,0.0,143.45652690612224,0,0.0,0.0,"{""type"":""MultiPoint"",""coordinates"":[]}"
"272,9628","272,9628",0.0,0.0,264.88169988903286,0,0.0,0.0,"{""type"":""MultiPoint"",""coordinates"":[]}"
"273,9628","273,9628",0.0,0.0,386.30749184476474,0,0.0,0.0,"{""type"":""MultiPoint"",""coordinates"":[]}"
"274,9628","274,9628",0.0,0.0,507.7338916329947,0,0.0,0.0,"{""type"":""MultiPoint"",""coordinates"":[]}"
"275,9628","275,9628",0.0,0.0,629.1608967606344,0,0.0,0.0,"{""type"":""MultiPoint"",""coordinates"":[]}"
"276,9628","276,9628",0.0,0.0,750.5885063077983,0,0.0,0.0,"{""type"":""MultiPoint"",""coordinates"":[]}"
"277,9628","277,9628",0.0,0.0,872.0167054596492,0,0.0,0.0,"{""type"":""MultiPoint"",""coordinates"":[]}"
"278,9628","278,9628",0.0,0.0,993.445490680199,0,0.0,0.0,"{""type"":""MultiPoint"",""coordinates"":[]}"
"279,9628","279,9628",0.0,0.0,1114.874856324542,0,0.0,0.0,"{""type"":""MultiPoint"",""coordinates"":[]}"
"280,9628","280,9628",0.07506948008406764,0.07238529212736929,1236.3048024897275,1,0.07506948008406764,0.0,"{""type"":""MultiPoint"",""coordinates"":[]}"
"281,9628","281,9628",0.3272937583362955,0.28314210111225097,1357.735322766803,1,0.3272937583362955,0.0,"{""type"":""MultiPoint"",""coordinates"":[]}"
"282,9628","282,9628",0.1116582232474057,0.10460279176895064,1479.1664059683335,1,0.12425199120446491,0.01259376795705921,"{""type"":""MultiPoint"",""coordinates"":[]}"
"283,9628","283,9628",0.03694075565427949,0.0353155705261881,1600.5980367316274,1,0.06459803108687269,0.0276572754325932,"{""type"":""MultiPoint"",""coordinates"":[]}"
"284,9628","284,9628",0.29564378492795473,0.2524291518900866,1722.030221766498,1,0.32522948681543384,0.029585701887479086,"{""type"":""MultiPoint"",""coordinates"":[]}"
"285,9628","285,9628",0.4269781631404814,0.348735323769651,1843.462958521116,1,0.4502342027701335,0.023256039629652073,"{""type"":""MultiPoint"",""coordinates"":[]}"
"286,9628","286,9628",0.22724287910426758,0.2047700916204034,1964.896227319159,1,0.22724287910426758,0.0,"{""type"":""MultiPoint"",""coordinates"":[]}"
"287,9628","287,9628",0.007463643523339435,0.0074359283546780175,2086.330042956872,1,0.007463643523339435,0.0,"{""type"":""MultiPoint"",""coordinates"":[]}"
"288,9628","288,9628",0.012567301896902229,0.012488988798743572,2207.7643743603385,1,0.012567301896902229,0.0,"{""type"":""MultiPoint"",""coordinates"":[]}"
"289,9628","289,9628",0.1583515465106458,0.14699791383134406,2329.199233446716,1,0.1583515465106458,0.0,"{""type"":""MultiPoint"",""coordinates"":[]}"
"290,9628","290,9628",0.5594200361264895,0.4366587255357701,2450.634605393669,1,0.5811398095157865,0.02171977338929699,"{""type"":""MultiPoint"",""coordinates"":[]}"
"291,9628","291,9628",1.053712734467771,0.6082642011677599,2572.0704882061527,1,1.3122685839460322,0.25855584947826116,"{""type"":""MultiPoint"",""coordinates"":[]}"
"292,9628","292,9628",1.1956154968494022,0.593597864698244,2655.304168568435,1,1.670790507752671,0.47517501090326875,"{""type"":""MultiPoint"",""coordinates"":[]}"
"293,9628","293,9628",0.9696140149600289,0.48901397730139023,2586.2223511544457,1,1.5069573888215784,0.5373433738615495,"{""type"":""MultiPoint"",""coordinates"":[]}"
"294,9628","294,9628",1.0458455255085772,0.6300227034869204,2517.1400591771207,1,1.237484222785993,0.19163869727741586,"{""type"":""MultiPoint"",""coordinates"":[]}"
"295,9628","295,9628",0.7842595776484297,0.5629490507422611,2448.0572911291915,1,0.8218555298175365,0.03759595216910687,"{""type"":""MultiPoint"",""coordinates"":[]}"
"296,9628","296,9628",0.3114840359169755,0.2711593478656333,2378.9740537352172,1,0.3114840359169755,0.0,"{""type"":""MultiPoint"",""coordinates"":[]}"
"297,9628","297,9628",0.08594343478195883,0.08244913431909569,2309.8903516908917,1,0.08594343478195883,0.0,"{""type"":""MultiPoint"",""coordinates"":[]}"
"298,9628","298,9628",0.0,0.0,2240.806181215804,0,0.0,0.0,"{""type"":""MultiPoint"",""coordinates"":[]}"
"299,9628","299,9628",0.0,0.0,2171.7215508567074,0,0.0,0.0,"{""type"":""MultiPoint"",""coordinates"":[]}"
"300,9628","300,9628",0.0,0.0,2102.6364684423042,0,0.0,0.0,"{""type"":""MultiPoint"",""coordinates"":[]}"
"301,9628","301,9628",0.0,0.0,2033.5509298927684,0,0.0,0.0,"{""type"":""MultiPoint"",""coordinates"":[]}"
"302,9628","302,9628",0.0,0.0,1964.4649396752066,0,0.0,0.0,"{""type"":""MultiPoint"",""coordinates"":[]}"
"303,9628","303,9628",0.0,0.0,1895.378493142314,0,0.0,0.0,"{""type"":""MultiPoint"",""coordinates"":[]}"
"304,9628","304,9628",0.0,0.0,1826.2916147743201,0,0.0,0.0,"{""type"":""MultiPoint"",""coordinates"":[]}"
"305,9628","305,9628",0.0,0.0,1757.2042972155155,0,0.0,0.0,"{""type"":""MultiPoint"",""coordinates"":[]}"
"306,9628","306,9628",0.0,0.0,1688.1165398621204,0,0.0,0.0,"{""type"":""MultiPoint"",""coordinates"":[]}"
"307,9628","307,9628",0.0,0.0,1619.0283454457292,0,0.0,0.0,"{""type"":""MultiPoint"",""coordinates"":[]}"
"308,9628","308,9628",0.0,0.0,1549.9397244683532,0,0.0,0.0,"{""type"":""MultiPoint"",""coordinates"":[]}"
"309,9628","309,9628",0.0672908564272653,0.0651235278883103,1480.8506794292966,1,0.0672908564272653,0.0,"{""type"":""MultiPoint"",""coordinates"":[]}"
"310,9628","310,9628",0.34146418746149015,0.2575817332720529,1411.761212481658,1,0.503707317174145,0.1622431297126548,"{""type"":""MultiPoint"",""coordinates"":[]}"
"311,9628","311,9628",0.518843465159873,0.2831782064524926,1342.6713188556391,1,1.103864543542151,0.585021078382278,"{""type"":""MultiPoint"",""coordinates"":[]}"
"312,9628","312,9628",0.5446016720552782,0.20005715292768889,1273.5810095810152,1,2.0036045168849683,1.4590028448296901,"{""type"":""MultiPoint"",""coordinates"":[]}"
"313,9628","313,9628",0.1510045899920267,0.03516683470276627,1204.4902922926346,1,3.369893681308994,3.218889091316967,"{""type"":""MultiPoint"",""coordinates"":[]}"
"314,9628","314,9628",-0.24300771665899656,-0.058802849973595306,1135.399163232082,1,3.012270863537919,3.2552785801969155,"{""type"":""MultiPoint"",""coordinates"":[]}"
"315,9628","315,9628",-0.8341751853897152,-0.12514005640033354,1060.1922339136765,1,5.257541829388435,6.09171701477815,"{""type"":""MultiPoint"",""coordinates"":[]}"
"316,9628","316,9628",0.08313158483922045,0.015075892336365193,886.9751627755588,1,4.555876820130337,4.472745235291116,"{""type"":""MultiPoint"",""coordinates"":[]}"
"317,9628","317,9628",0.38972461141882153,0.10894172228460475,713.757225013375,1,2.775767530655391,2.3860429192365693,"{""type"":""MultiPoint"",""coordinates"":[]}"
"318,9628","318,9628",0.9078842018769211,0.33466553313283753,540.5384299467148,1,2.192025346911117,1.2841411450341957,"{""type"":""MultiPoint"",""coordinates"":[]}"
"319,9628","319,9628",1.1308492972987563,0.48214808561570655,367.31878370519195,1,1.9561257531789884,0.825276455880232,"{""type"":""MultiPoint"",""coordinates"":[]}"
"320,9628","320,9628",1.1331718751828967,0.5290646338659228,194.09829673567228,1,1.7581546561766979,0.6249827809938012,"{""type"":""MultiPoint"",""coordinates"":[]}"
"321,9628","321,9628",1.1904574807427108,0.5461309430494306,20.87697652724154,1,1.8289424131994376,0.6384849324567269,"{""type"":""MultiPoint"",""coordinates"":[]}"
"322,9628","322,9628",1.2744283688139835,0.6252384514137673,152.34517260346001,1,1.7414950709024521,0.4670667020884687,"{""type"":""MultiPoint"",""coordinates"":[]}"
"323,9628","323,9628",1.279984651489348,0.6974089736003987,325.56813194403094,1,1.5491285615224768,0.26914391003312876,"{""type"":""MultiPoint"",""coordinates"":[]}"
"324,9628","324,9628",0.9691751666162931,0.594263383157675,498.7919075209883,1,1.1631877687185597,0.1940126021022666,"{""type"":""MultiPoint"",""coordinates"":[]}"
"325,9628","325,9628",0.4679335860636057,0.3834519741144562,672.0164780845917,1,0.4692014088309925,0.0012678227673868084,"{""type"":""MultiPoint"",""coordinates"":[]}"
"326,9628","326,9628",0.05258665455836956,0.0512506153072626,845.2418305109207,1,0.05258665455836956,0.0,"{""type"":""MultiPoint"",""coordinates"":[]}"
"327,9628","327,9628",0.0,0.0,1018.4679803170895,0,0.0,0.0,"{""type"":""MultiPoint"",""coordinates"":[]}"
"328,9628","328,9628",0.0,0.0,1191.694901655512,0,0.0,0.0,"{""type"":""MultiPoint"",""coordinates"":[]}"
"329,9628","329,9628",0.0,0.0,1364.9225819493868,0,0.0,0.0,"{""type"":""MultiPoint"",""coordinates"":[]}"
"330,9628","330,9628",0.0,0.0,1538.1510228135965,0,0.0,0.0,"{""type"":""MultiPoint"",""coordinates"":[]}"
"331,9628","331,9628",0.0,0.0,1711.3802165775728,0,0.0,0.0,"{""type"":""MultiPoint"",""coordinates"":[]}"
"332,9628","332,9628",0.0,0.0,1884.6101419299748,0,0.0,0.0,"{""type"":""MultiPoint"",""coordinates"":[]}"
"333,9628","333,9628",0.0,0.0,2057.840804335716,0,0.0,0.0,"{""type"":""MultiPoint"",""coordinates"":[]}"
"334,9628","334,9628",0.0,0.0,2231.072194451327,0,0.0,0.0,"{""type"":""MultiPoint"",""coordinates"":[]}"
"335,9628","335,9628",0.0,0.0,2404.304298096269,0,0.0,0.0,"{""type"":""MultiPoint"",""coordinates"":[]}"
"336,9628","336,9628",0.0,0.0,2577.537113063208,0,0.0,0.0,"{""type"":""MultiPoint"",""coordinates"":[]}"
"337,9628","337,9628",0.005625131287782927,0.005609369317921953,2750.7706136899656,1,0.005625131287782927,0.0,"{""type"":""MultiPoint"",""coordinates"":[]}"
"338,9628","338,9628",0.259084800037287,0.2303851078672608,2924.00481393617,1,0.259084800037287,0.0,"{""type"":""MultiPoint"",""coordinates"":[]}"
"339,9628","339,9628",0.08920147511083332,0.08544483612322817,3057.1508597106595,1,0.08920147511083332,0.0,"{""type"":""MultiPoint"",""coordinates"":[]}"
"340,9628","340,9628",0.08765635956124535,0.08402525255239804,2952.874781575172,1,0.08765635956124535,0.0,"{""type"":""MultiPoint"",""coordinates"":[]}"
"341,9628","341,9628",0.0,0.0,2848.5982765534654,0,0.0,0.0,"{""type"":""MultiPoint"",""coordinates"":[]}"
"342,9628","342,9628",0.0,0.0,2744.321346354329,0,0.0,0.0,"{""type"":""MultiPoint"",""coordinates"":[]}"
"343,9628","343,9628",0.0,0.0,2640.0440116008485,0,0.0,0.0,"{""type"":""MultiPoint"",""coordinates"":[]}"
"344,9628","344,9628",0.0,0.0,2535.7662630213877,0,0.0,0.0,"{""type"":""MultiPoint"",""coordinates"":[]}"
"345,9628","345,9628",0.0,0.0,2431.488116767873,0,0.0,0.0,"{""type"":""MultiPoint"",""coordinates"":[]}"
"346,9628","346,9628",0.0,0.0,2327.2095726930434,0,0.0,0.0,"{""type"":""MultiPoint"",""coordinates"":[]}"
"347,9628","347,9628",0.0,0.0,2222.9306406277037,0,0.0,0.0,"{""type"":""MultiPoint"",""coordinates"":[]}"
"348,9628","348,9628",0.0,0.0,2311.296387391896,0,0.0,0.0,"{""type"":""MultiPoint"",""coordinates"":[]}"
"349,9628","349,9628",0.0,0.0,2668.3004198931158,0,0.0,0.0,"{""type"":""MultiPoint"",""coordinates"":[]}"
"350,9628","350,9628",0.0,0.0,3029.8986567088436,0,0.0,0.0,"{""type"":""MultiPoint"",""coordinates"":[]}"
"351,9628","351,9628",0.0,0.0,3391.4982217619286,0,0.0,0.0,"{""type"":""MultiPoint"",""coordinates"":[]}"
"352,9628","352,9628",0.04015999560384717,0.03937454324760177,3753.0990905089925,1,0.04015999560384717,0.0,"{""type"":""MultiPoint"",""coordinates"":[]}"
"353,9628","353,9628",0.015353296593712653,0.015236627391326505,4114.701238239013,1,0.015353296593712653,0.0,"{""type"":""MultiPoint"",""coordinates"":[]}"
"354,9628","354,9628",0.0,0.0,4191.908771584487,0,0.0,0.0,"{""type"":""MultiPoint"",""coordinates"":[]}"
"355,9628","355,9628",0.0,0.0,4195.171334527277,0,0.0,0.0,"{""type"":""MultiPoint"",""coordinates"":[]}"
"356,9628","356,9628",0.0,0.0,4198.43386427623,0,0.0,0.0,"{""type"":""MultiPoint"",""coordinates"":[]}"
"357,9628","357,9628",0.0,0.0,4201.696363281401,0,0.0,0.0,"{""type"":""MultiPoint"",""coordinates"":[]}"
"358,9628","358,9628",0.0,0.0,4204.958832899283,0,0.0,0.0,"{""type"":""MultiPoint"",""coordinates"":[]}"
"359,9628","359,9628",0.0,0.0,4208.221274145661,0,0.0,0.0,"{""type"":""MultiPoint"",""coordinates"":[]}"
"360,9628","360,9628",0.0,0.0,4211.48368403138,0,0.0,0.0,"{""type"":""MultiPoint"",""coordinates"":[]}"
"361,9628","361,9628",0.0,0.0,4214.746059049193,0,0.0,0.0,"{""type"":""MultiPoint"",""coordinates"":[]}"
"362,9628","362,9628",0.0,0.0,4218.008407506279,0,0.0,0.0,"{""type"":""MultiPoint"",""coordinates"":[]}"
"363,9628","363,9628",0.0,0.0,4221.270719101124,0,0.0,0.0,"{""type"":""MultiPoint"",""coordinates"":[]}"
"364,9628","364,9628",0.0,0.0,4224.533004196527,0,0.0,0.0,"{""type"":""MultiPoint"",""coordinates"":[]}"
"365,9628","365,9628",0.0,0.0,4227.795253785387,0,0.0,0.0,"{""type"":""MultiPoint"",""coordinates"":[]}"
"366,9628","366,9628",0.0,0.0,4231.057478952053,0,0.0,0.0,"{""type"":""MultiPoint"",""coordinates"":[]}"
"367,9628","367,9628",0.0,0.0,4234.319671796998,0,0.0,0.0,"{""type"":""MultiPoint"",""coordinates"":[]}"
"368,9628","368,9628",0.0,0.0,4237.581826554139,0,0.0,0.0,"{""type"":""MultiPoint"",""coordinates"":[]}"
"369,9628","369,9628",0.0,0.0,4240.843952501474,0,0.0,0.0,"{""type"":""MultiPoint"",""coordinates"":[]}"
"370,9628","370,9628",0.0,0.0,4244.106045764136,0,0.0,0.0,"{""type"":""MultiPoint"",""coordinates"":[]}"
"371,9628","371,9628",0.0,0.0,4247.368102716532,0,0.0,0.0,"{""type"":""MultiPoint"",""coordinates"":[]}"
"372,9628","372,9628",0.0,0.0,4250.630137794109,0,0.0,0.0,"{""type"":""MultiPoint"",""coordinates"":[]}"
"373,9628","373,9628",0.0,0.0,4253.892131173096,0,0.0,0.0,"{""type"":""MultiPoint"",""coordinates"":[]}"
"374,9628","374,9628",0.0,0.0,4257.154090536138,0,0.0,0.0,"{""type"":""MultiPoint"",""coordinates"":[]}"
"375,9628","375,9628",0.0,0.0,4260.41601989334,0,0.0,0.0,"{""type"":""MultiPoint"",""coordinates"":[]}"
"376,9628","376,9628",0.0,0.0,4263.677914176215,0,0.0,0.0,"{""type"":""MultiPoint"",""coordinates"":[]}"
"377,9628","377,9628",0.0,0.0,4266.939775749054,0,0.0,0.0,"{""type"":""MultiPoint"",""coordinates"":[]}"
"378,9628","378,9628",0.0,0.0,4270.2016087673,0,0.0,0.0,"{""type"":""MultiPoint"",""coordinates"":[]}"
"379,9628","379,9628",0.0,0.0,4273.463411496052,0,0.0,0.0,"{""type"":""MultiPoint"",""coordinates"":[]}"
"380,9628","380,9628",0.0,0.0,4276.725171628193,0,0.0,0.0,"{""type"":""MultiPoint"",""coordinates"":[]}"
"381,9628","381,9628",0.0,0.0,4279.986895684923,0,0.0,0.0,"{""type"":""MultiPoint"",""coordinates"":[]}"
"382,9628","382,9628",0.0,0.0,4283.248589058084,0,0.0,0.0,"{""type"":""MultiPoint"",""coordinates"":[]}"
"383,9628","383,9628",0.0,0.0,4286.510257093541,0,0.0,0.0,"{""type"":""MultiPoint"",""coordinates"":[]}"
"384,9628","384,9628",0.0,0.0,4289.771873429527,0,0.0,0.0,"{""type"":""MultiPoint"",""coordinates"":[]}"
"385,9628","385,9628",0.0,0.0,4293.033460810198,0,0.0,0.0,"{""type"":""MultiPoint"",""coordinates"":[]}"
"386,9628","386,9628",0.0,0.0,4296.2950179903155,0,0.0,0.0,"{""type"":""MultiPoint"",""coordinates"":[]}"
"387,9628","387,9628",0.0,0.0,4299.556545225318,0,0.0,0.0,"{""type"":""MultiPoint"",""coordinates"":[]}"
"388,9628","388,9628",0.0,0.0,4302.818032934738,0,0.0,0.0,"{""type"":""MultiPoint"",""coordinates"":[]}"
"389,9628","389,9628",0.0,0.0,4306.0794843489675,0,0.0,0.0,"{""type"":""MultiPoint"",""coordinates"":[]}"
"390,9628","390,9628",0.0,0.0,4309.340892412026,0,0.0,0.0,"{""type"":""MultiPoint"",""coordinates"":[]}"
"391,9628","391,9628",0.0,0.0,4312.602268079728,0,0.0,0.0,"{""type"":""MultiPoint"",""coordinates"":[]}"
"392,9628","392,9628",0.0,0.0,4315.8636100843105,0,0.0,0.0,"{""type"":""MultiPoint"",""coordinates"":[]}"
"393,9628","393,9628",0.0,0.0,4319.1249224374205,0,0.0,0.0,"{""type"":""MultiPoint"",""coordinates"":[]}"
"394,9628","394,9628",0.0,0.0,4322.386193193541,0,0.0,0.0,"{""type"":""MultiPoint"",""coordinates"":[]}"
"395,9628","395,9628",0.0,0.0,4325.647423725481,0,0.0,0.0,"{""type"":""MultiPoint"",""coordinates"":[]}"
"396,9628","396,9628",0.0,0.0,4328.908621504705,0,0.0,0.0,"{""type"":""MultiPoint"",""coordinates"":[]}"
"397,9628","397,9628",0.0,0.0,4332.169780223669,0,0.0,0.0,"{""type"":""MultiPoint"",""coordinates"":[]}"
"398,9628","398,9628",0.0,0.0,4335.430908600702,0,0.0,0.0,"{""type"":""MultiPoint"",""coordinates"":[]}"
"399,9628","399,9628",0.0,0.0,4338.691995940908,0,0.0,0.0,"{""type"":""MultiPoint"",""coordinates"":[]}"
"400,9628","400,9628",0.0,0.0,4341.953046592392,0,0.0,0.0,"{""type"":""MultiPoint"",""coordinates"":[]}"
"401,9628","401,9628",0.0,0.0,4345.214051953753,0,0.0,0.0,"{""type"":""MultiPoint"",""coordinates"":[]}"
"402,9628","402,9628",0.0,0.0,4348.4750333971315,0,0.0,0.0,"{""type"":""MultiPoint"",""coordinates"":[]}"
"403,9628","403,9628",0.0,0.0,4353.663622244321,0,0.0,0.0,"{""type"":""MultiPoint"",""coordinates"":[]}"
"404,9628","404,9628",0.0,0.0,4499.160931522237,0,0.0,0.0,"{""type"":""MultiPoint"",""coordinates"":[]}"
"405,9628","405,9628",0.0,0.0,4839.188227167046,0,0.0,0.0,"{""type"":""MultiPoint"",""coordinates"":[]}"
"406,9628","406,9628",0.0,0.0,5217.7138424526165,0,0.0,0.0,"{""type"":""MultiPoint"",""coordinates"":[]}"
"407,9628","407,9628",0.0,0.0,5596.24027597339,0,0.0,0.0,"{""type"":""MultiPoint"",""coordinates"":[]}"
"408,9628","408,9628",0.0,0.0,5974.767507962262,0,0.0,0.0,"{""type"":""MultiPoint"",""coordinates"":[]}"
"409,9628","409,9628",0.0,0.0,6353.295515483009,0,0.0,0.0,"{""type"":""MultiPoint"",""coordinates"":[]}"
"410,9628","410,9628",0.0,0.0,6731.82428629802,0,0.0,0.0,"{""type"":""MultiPoint"",""coordinates"":[]}"
"411,9628","411,9628",0.0,0.0,7110.353802021004,0,0.0,0.0,"{""type"":""MultiPoint"",""coordinates"":[]}"
"412,9628","412,9628",0.0,0.0,7488.884045550319,0,0.0,0.0,"{""type"":""MultiPoint"",""coordinates"":[]}"
"413,9628","413,9628",0.0,0.0,7867.414998586851,0,0.0,0.0,"{""type"":""MultiPoint"",""coordinates"":[]}"
"414,9628","414,9628",0.0,0.0,8245.946651646347,0,0.0,0.0,"{""type"":""MultiPoint"",""coordinates"":[]}"
"415,9628","415,9628",0.0,0.0,8624.47898213057,0,0.0,0.0,"{""type"":""MultiPoint"",""coordinates"":[]}"
"416,9628","416,9628",0.0,0.0,9003.011967351764,0,0.0,0.0,"{""type"":""MultiPoint"",""coordinates"":[]}"
"417,9628","417,9628",0.0,0.0,9381.545585948947,0,0.0,0.0,"{""type"":""MultiPoint"",""coordinates"":[]}"
"418,9628","418,9628",0.0,0.0,9760.079836541636,0,0.0,0.0,"{""type"":""MultiPoint"",""coordinates"":[]}"
"419,9628","419,9628",0.0,0.0,10138.614697689467,0,0.0,0.0,"{""type"":""MultiPoint"",""coordinates"":[]}"
"420,9628","420,9628",0.0,0.0,10517.150144043337,0,0.0,0.0,"{""type"":""MultiPoint"",""coordinates"":[]}"
"437,9628","437,9628",0.0,0.0,10454.790027494324,0,0.0,0.0,"{""type"":""MultiPoint"",""coordinates"":[]}"
"438,9628","438,9628",0.0,0.0,9963.299761824046,0,0.0,0.0,"{""type"":""MultiPoint"",""coordinates"":[]}"
"439,9628","439,9628",0.0,0.0,9471.808607217832,0,0.0,0.0,"{""type"":""MultiPoint"",""coordinates"":[]}"
"440,9628","440,9628",0.0,0.0,8980.316571073048,0,0.0,0.0,"{""type"":""MultiPoint"",""coordinates"":[]}"
"441,9628","441,9628",0.0,0.0,8488.823691399952,0,0.0,0.0,"{""type"":""MultiPoint"",""coordinates"":[]}"
"442,9628","442,9628",0.0,0.0,7997.329974326075,0,0.0,0.0,"{""type"":""MultiPoint"",""coordinates"":[]}"
"443,9628","443,9628",0.0,0.0,7505.8354477685125,0,0.0,0.0,"{""type"":""MultiPoint"",""coordinates"":[]}"
"444,9628","444,9628",0.0,0.0,7014.340134628957,0,0.0,0.0,"{""type"":""MultiPoint"",""coordinates"":[]}"
"445,9628","445,9628",0.0,0.0,6522.844058557834,0,0.0,0.0,"{""type"":""MultiPoint"",""coordinates"":[]}"
"446,9628","446,9628",0.0,0.0,6031.347237590962,0,0.0,0.0,"{""type"":""MultiPoint"",""coordinates"":[]}"
"447,9628","447,9628",0.42338289565006954,0.3530363592659908,5539.849688645964,1,0.42338289565006954,0.0,"{""type"":""MultiPoint"",""coordinates"":[]}"
"448,9628","448,9628",0.6863493126731971,0.5225660223863953,5048.351439757668,1,0.6863493126731971,0.0,"{""type"":""MultiPoint"",""coordinates"":[]}"
"449,9628","449,9628",0.188834052716616,0.17297303918468182,4556.852512641477,1,0.188834052716616,0.0,"{""type"":""MultiPoint"",""coordinates"":[]}"
"450,9628","450,9628",0.0100872084414082,0.010015974854887682,4122.346789081095,1,0.01216402098163059,0.00207681254022239,"{""type"":""MultiPoint"",""coordinates"":[]}"
"451,9628","451,9628",0.21174372951880321,0.18628411319674573,3897.3631768836,1,0.245827900479181,0.03408417096037776,"{""type"":""MultiPoint"",""coordinates"":[]}"
"452,9628","452,9628",0.2853793337061797,0.24255311266945062,3922.568083672423,1,0.3250166245569794,0.03963729085079971,"{""type"":""MultiPoint"",""coordinates"":[]}"
"453,9628","453,9628",0.23863783639081093,0.18031219764818635,4193.454164737988,1,0.44637304204470907,0.20773520565389814,"{""type"":""MultiPoint"",""coordinates"":[]}"
"454,9628","454,9628",0.0989184079627019,0.06306853601503515,4667.44508178377,1,0.6184062658294902,0.5194878578667883,"{""type"":""MultiPoint"",""coordinates"":[]}"
"455,9628","455,9628",0.18418379694897452,0.13013441571573764,5290.230712859335,1,0.5094237508002506,0.3252399538512761,"{""type"":""MultiPoint"",""coordinates"":[]}"
"456,9628","456,9628",0.003359423231134892,0.003338475156615322,6015.776742939928,1,0.007955389497545887,0.004595966266410995,"{""type"":""MultiPoint"",""coordinates"":[]}"
"457,9628","457,9628",0.0,0.0,6811.32410903021,0,0.0,0.0,"{""type"":""MultiPoint"",""coordinates"":[]}"
"458,9628","458,9628",0.0,0.0,7655.079454705162,0,0.0,0.0,"{""type"":""MultiPoint"",""coordinates"":[]}"
"459,9628","459,9628",0.0,0.0,8532.753818937941,0,0.0,0.0,"{""type"":""MultiPoint"",""coordinates"":[]}"
"460,9628","460,9628",0.0,0.0,9434.886175305619,0,0.0,0.0,"{""type"":""MultiPoint"",""coordinates"":[]}"
"461,9628","461,9628",0.0,0.0,10355.086331138551,0,0.0,0.0,"{""type"":""MultiPoint"",""coordinates"":[]}"
"232,9629","232,9629",0.23841610808877886,0.21383323094636444,10233.481185880786,1,0.23841610808877886,0.0,"{""type"":""MultiPoint"",""coordinates"":[]}"
"233,9629","233,9629",0.4235838573001765,0.33891315543720707,9254.530721567584,1,0.4735623509657948,0.0499784936656183,"{""type"":""MultiPoint"",""coordinates"":[]}"
"234,9629","234,9629",0.259817524940694,0.15752068959485777,8280.489483590285,1,0.7827363131083038,0.5229187881676098,"{""type"":""MultiPoint"",""coordinates"":[]}"
"235,9629","235,9629",0.003135828709561639,0.0016098655362242198,7313.322047169701,1,0.9494507134164849,0.9463148847069233,"{""type"":""MultiPoint"",""coordinates"":[]}"
"236,9629","236,9629",0.2512364041560528,0.16355659117071802,6356.170107861019,1,0.6651233758449149,0.41388697168886207,"{""type"":""MultiPoint"",""coordinates"":[]}"
"237,9629","237,9629",0.22671086683052866,0.1271855231512059,5414.351671439968,1,0.898278654744364,0.6715677879138353,"{""type"":""MultiPoint"",""coordinates"":[]}"
"238,9629","238,9629",-0.21646582386858793,-0.06800533061839609,4497.5145527836885,1,2.0760651430174057,2.2925309668859937,"{""type"":""MultiPoint"",""coordinates"":[]}"
"239,9629","239,9629",1.04878466179271,0.24007420252846212,3624.6710909949466,1,3.9139398053938557,2.8651551436011458,"{""type"":""MultiPoint"",""coordinates"":[]}"
"240,9629","240,9629",1.9742991008783026,0.5482457856495621,2836.7339982895846,1,3.6780214270908522,1.7037223262125496,"{""type"":""MultiPoint"",""coordinates"":[]}"
"241,9629","241,9629",1.7640788490279884,0.4999424382292301,2225.78941422646,1,3.4837938194716194,1.719714970443631,"{""type"":""MultiPoint"",""coordinates"":[]}"
"242,9629","242,9629",1.0018982801535357,0.31479604515249227,1964.5563220491756,1,2.7098788100562685,1.7079805299027329,"{""type"":""MultiPoint"",""coordinates"":[]}"
"243,9629","243,9629",0.7870133168887035,0.24295108921762365,2004.0730919902057,1,2.6488147679305265,1.861801451041823,"{""type"":""MultiPoint"",""coordinates"":[]}"
"244,9629","244,9629",1.0370868481122537,0.3070476380194185,2048.1949205903306,1,2.922647019533011,1.8855601714207575,"{""type"":""MultiPoint"",""coordinates"":[]}"
"245,9629","245,9629",1.006229859626222,0.39232019351189173,2092.317036071126,1,2.100745785328137,1.094515925701915,"{""type"":""MultiPoint"",""coordinates"":[]}"
"246,9629","246,9629",0.8388111189046,0.3809450974684906,2136.4394496152327,1,1.6478910775547664,0.8090799586501664,"{""type"":""MultiPoint"",""coordinates"":[]}"
"247,9629","247,9629",0.7261694018818337,0.3840669615048296,2180.5621391976774,1,1.277005681844607,0.5508362799627733,"{""type"":""MultiPoint"",""coordinates"":[]}"
"248,9629","248,9629",0.6183684793849514,0.4639975334972528,2224.6851188823603,1,0.6657067755211706,0.04733829613621921,"{""type"":""MultiPoint"",""coordinates"":[]}"
"249,9629","249,9629",0.03751953682150655,0.026639180809573004,2268.8083758011367,1,0.4272773899713894,0.38975785314988287,"{""type"":""MultiPoint"",""coordinates"":[]}"
"250,9629","250,9629",0.27123209716141317,0.1977618654383334,2312.931914112832,1,0.5115916744620811,0.24035957730066795,"{""type"":""MultiPoint"",""coordinates"":[]}"
"251,9629","251,9629",0.9027130962236634,0.5660006613919931,2357.055723065468,1,1.0886065494840866,0.18589345326042334,"{""type"":""MultiPoint"",""coordinates"":[]}"
"252,9629","252,9629",0.5054849856600815,0.35282082335797305,2401.179813788902,1,0.7002698944728093,0.19478490881272778,"{""type"":""MultiPoint"",""coordinates"":[]}"
"253,9629","253,9629",0.06187395205782997,0.05336453918785733,2445.3041834673654,1,0.19067030998132067,0.1287963579234907,"{""type"":""MultiPoint"",""coordinates"":[]}"
"254,9629","254,9629",-0.3407465765431897,-0.29322660548825824,2481.2622624632477,1,0.0,0.3407465765431897,"{""type"":""MultiPoint"",""coordinates"":[]}"
"255,9629","255,9629",-0.47202815080517796,-0.3866411443121198,2419.766106346783,1,0.0,0.47202815080517796,"{""type"":""MultiPoint"",""coordinates"":[]}"
"256,9629","256,9629",-0.08790961023486296,-0.08425806615426285,2358.26958488016,1,0.0,0.08790961023486296,"{""type"":""MultiPoint"",""coordinates"":[]}"
"257,9629","257,9629",-0.0066111652069215055,-0.006589407298330019,2296.7726918087387,1,0.0,0.0066111652069215055,"{""type"":""MultiPoint"",""coordinates"":[]}"
"258,9629","258,9629",-0.012788472697138788,-0.012707390724854674,2235.275427538239,1,0.0,0.012788472697138788,"{""type"":""MultiPoint"",""coordinates"":[]}"
"259,9629","259,9629",0.0894083174532407,0.08563472083203173,2173.777814075523,1,0.0894083174532407,0.0,"{""type"":""MultiPoint"",""coordinates"":[]}"
"260,9629","260,9629",0.0,0.0,2112.2798399365115,0,0.0,0.0,"{""type"":""MultiPoint"",""coordinates"":[]}"
"261,9629","261,9629",0.0,0.0,2050.7815041390713,0,0.0,0.0,"{""type"":""MultiPoint"",""coordinates"":[]}"
"262,9629","262,9629",-0.29266616166708725,-0.25648311975277377,1941.632560893511,1,9.891740576235839E-4,0.29365533572471086,"{""type"":""MultiPoint"",""coordinates"":[]}"
"263,9629","263,9629",-0.594829495916432,-0.4542775701292445,1820.2190326189748,1,0.03442289998823491,0.6292523959046669,"{""type"":""MultiPoint"",""coordinates"":[]}"
"264,9629","264,9629",-0.10675660135813422,-0.09715709835789033,1698.8048198032948,1,0.046289838678119734,0.15304644003625395,"{""type"":""MultiPoint"",""coordinates"":[]}"
"265,9629","265,9629",0.1696326066676068,0.15607759111520778,1577.3899120282858,1,0.1738696578022552,0.004237051134648389,"{""type"":""MultiPoint"",""coordinates"":[]}"
"266,9629","266,9629",0.1579205556059618,0.14662577196660875,1455.9743227513948,1,0.1579205556059618,0.0,"{""type"":""MultiPoint"",""coordinates"":[]}"
"267,9629","267,9629",0.013969541947182886,0.01387286719042273,1334.5580474499834,1,0.013969541947182886,0.0,"{""type"":""MultiPoint"",""coordinates"":[]}"
"268,9629","268,9629",0.0,0.0,1213.1411062270352,0,0.0,0.0,"{""type"":""MultiPoint"",""coordinates"":[]}"
"269,9629","269,9629",0.0,0.0,1091.723502860865,0,0.0,0.0,"{""type"":""MultiPoint"",""coordinates"":[]}"
"270,9629","270,9629",0.0,0.0,970.305239122122,0,0.0,0.0,"{""type"":""MultiPoint"",""coordinates"":[]}"
"271,9629","271,9629",0.0,0.0,848.8863237474645,0,0.0,0.0,"{""type"":""MultiPoint"",""coordinates"":[]}"
"272,9629","272,9629",0.0,0.0,727.4667609677249,0,0.0,0.0,"{""type"":""MultiPoint"",""coordinates"":[]}"
"273,9629","273,9629",0.0,0.0,606.0465562636504,0,0.0,0.0,"{""type"":""MultiPoint"",""coordinates"":[]}"
"274,9629","274,9629",0.0,0.0,484.62570958003704,0,0.0,0.0,"{""type"":""MultiPoint"",""coordinates"":[]}"
"275,9629","275,9629",0.0,0.0,363.20423491144385,0,0.0,0.0,"{""type"":""MultiPoint"",""coordinates"":[]}"
"276,9629","276,9629",0.0,0.0,241.78214223988198,0,0.0,0.0,"{""type"":""MultiPoint"",""coordinates"":[]}"
"277,9629","277,9629",0.0,0.0,120.35942533370083,0,0.0,0.0,"{""type"":""MultiPoint"",""coordinates"":[]}"
"278,9629","278,9629",0.0,0.0,1.0638976753026335,0,0.0,0.0,"{""type"":""MultiPoint"",""coordinates"":[]}"
"279,9629","279,9629",0.0,0.0,122.48782582400239,0,0.0,0.0,"{""type"":""MultiPoint"",""coordinates"":[]}"
"280,9629","280,9629",0.0,0.0,243.91235178744705,0,0.0,0.0,"{""type"":""MultiPoint"",""coordinates"":[]}"
"281,9629","281,9629",0.012501393430554356,0.012423896225318254,365.33747601566597,1,0.012501393430554356,0.0,"{""type"":""MultiPoint"",""coordinates"":[]}"
"282,9629","282,9629",0.005059384393807661,0.005046628714418176,486.7631857238858,1,0.005059384393807661,0.0,"{""type"":""MultiPoint"",""coordinates"":[]}"
"283,9629","283,9629",0.0,0.0,608.1894829012734,0,0.0,0.0,"{""type"":""MultiPoint"",""coordinates"":[]}"
"284,9629","284,9629",0.010469237215889313,0.010414814266904285,729.6163597890766,1,0.010469237215889313,0.0,"{""type"":""MultiPoint"",""coordinates"":[]}"
"285,9629","285,9629",0.014602528634618544,0.014496938395147558,851.0437951597592,1,0.014602528634618544,0.0,"{""type"":""MultiPoint"",""coordinates"":[]}"
"286,9629","286,9629",0.0014758810490191339,0.001474793006999265,972.4717952139673,1,0.0014758810490191339,0.0,"{""type"":""MultiPoint"",""coordinates"":[]}"
"287,9629","287,9629",0.0,0.0,1093.9003588100275,0,0.0,0.0,"{""type"":""MultiPoint"",""coordinates"":[]}"
"288,9629","288,9629",0.03349781240327833,0.03294898344976145,1215.3294773353794,1,0.03349781240327833,0.0,"{""type"":""MultiPoint"",""coordinates"":[]}"
"289,9629","289,9629",0.5707499600048245,0.45155318683844853,1336.7591383020806,1,0.5707499600048245,0.0,"{""type"":""MultiPoint"",""coordinates"":[]}"
"290,9629","290,9629",0.7110963452311028,0.5104673344650549,1458.1893440310264,1,0.7786969664873885,0.0676006212562858,"{""type"":""MultiPoint"",""coordinates"":[]}"
"291,9629","291,9629",0.8827195619037764,0.4723914287103024,1579.6200708840734,1,1.344599241472086,0.4618796795683095,"{""type"":""MultiPoint"",""coordinates"":[]}"
"292,9629","292,9629",0.9495280964492836,0.42117094728169,1657.8372827482274,1,1.762487790133833,0.8129596936845493,"{""type"":""MultiPoint"",""coordinates"":[]}"
"293,9629","293,9629",1.0113636153376002,0.3993610706549925,1588.7503689275688,1,2.0717051351172295,1.0603415197796293,"{""type"":""MultiPoint"",""coordinates"":[]}"
"294,9629","294,9629",1.2065220096358078,0.5365356553916683,1519.6630026303444,1,1.9056757365260193,0.6991537268902114,"{""type"":""MultiPoint"",""coordinates"":[]}"
"295,9629","295,9629",0.9807003565540873,0.5443896812221575,1450.5751755578908,1,1.3360897987468605,0.3553894421927733,"{""type"":""MultiPoint"",""coordinates"":[]}"
"296,9629","296,9629",0.6701365767480577,0.49866090055991114,1381.486905670088,1,0.706673443113288,0.03653686636523025,"{""type"":""MultiPoint"",""coordinates"":[]}"
"297,9629","297,9629",0.15214974724062502,0.14162954275002504,1312.398199886221,1,0.15214974724062502,0.0,"{""type"":""MultiPoint"",""coordinates"":[]}"
"298,9629","298,9629",0.0,0.0,1243.3090456186565,0,0.0,0.0,"{""type"":""MultiPoint"",""coordinates"":[]}"
"299,9629","299,9629",0.0,0.0,1174.2194624892195,0,0.0,0.0,"{""type"":""MultiPoint"",""coordinates"":[]}"
"300,9629","300,9629",0.0,0.0,1105.1294351843733,0,0.0,0.0,"{""type"":""MultiPoint"",""coordinates"":[]}"
"301,9629","301,9629",0.0,0.0,1036.0389918399374,0,0.0,0.0,"{""type"":""MultiPoint"",""coordinates"":[]}"
"302,9629","302,9629",0.0,0.0,966.9481177946698,0,0.0,0.0,"{""type"":""MultiPoint"",""coordinates"":[]}"
"303,9629","303,9629",0.0,0.0,897.8568256065703,0,0.0,0.0,"{""type"":""MultiPoint"",""coordinates"":[]}"
"304,9629","304,9629",0.08997596329562876,0.08615564397554396,828.7651132612785,1,0.08997596329562876,0.0,"{""type"":""MultiPoint"",""coordinates"":[]}"
"305,9629","305,9629",0.06247569694316594,0.06060174808957753,759.6729786703967,1,0.06247569694316594,0.0,"{""type"":""MultiPoint"",""coordinates"":[]}"
"306,9629","306,9629",0.05172917290114896,0.05043564096406594,690.5804311611829,1,0.05172917290114896,0.0,"{""type"":""MultiPoint"",""coordinates"":[]}"
"307,9629","307,9629",0.0,0.0,621.4874846257877,0,0.0,0.0,"{""type"":""MultiPoint"",""coordinates"":[]}"
"308,9629","308,9629",0.28270646471984945,0.24897227124224489,552.3941309599567,1,0.28270646471984945,0.0,"{""type"":""MultiPoint"",""coordinates"":[]}"
"309,9629","309,9629",0.44061129856418,0.35389888642914047,483.3003721274525,1,0.4782932284337046,0.037681929869524594,"{""type"":""MultiPoint"",""coordinates"":[]}"
"310,9629","310,9629",0.4704646206970938,0.29021718387785606,414.20621185086264,1,0.8676722008789105,0.3972075801818167,"{""type"":""MultiPoint"",""coordinates"":[]}"
"311,9629","311,9629",0.6592810274228825,0.3015328916738116,345.1116646445625,1,1.532613255883341,0.8733322284604584,"{""type"":""MultiPoint"",""coordinates"":[]}"
"312,9629","312,9629",0.5429215090340289,0.18425392269935736,276.0167139427478,1,2.2263863584529213,1.6834648494188924,"{""type"":""MultiPoint"",""coordinates"":[]}"
"313,9629","313,9629",0.18778511973305623,0.050531221517731595,206.92138341059848,1,2.8109029546885576,2.6231178349555013,"{""type"":""MultiPoint"",""coordinates"":[]}"
"314,9629","314,9629",-0.28488518754223646,-0.05751714694831711,137.82566062150693,1,3.8119707760930344,4.096855963635271,"{""type"":""MultiPoint"",""coordinates"":[]}"
"315,9629","315,9629",-1.4330245735957288,-0.21552642560877122,68.72956870481863,1,4.958156375391995,6.391180948987723,"{""type"":""MultiPoint"",""coordinates"":[]}"
"316,9629","316,9629",-0.7692908489646362,-0.11330663726484813,97.88215027637432,1,5.412076548343713,6.18136739730835,"{""type"":""MultiPoint"",""coordinates"":[]}"
"317,9629","317,9629",-0.02361688430798914,-0.004996303572285532,271.1045411268623,1,3.715072760199863,3.7386896445078523,"{""type"":""MultiPoint"",""coordinates"":[]}"
"318,9629","318,9629",0.6320760093049378,0.17593386964061497,444.3277590805432,1,2.917991074463361,2.2859150651584232,"{""type"":""MultiPoint"",""coordinates"":[]}"
"319,9629","319,9629",0.8947150115779481,0.32503323802758655,617.5518130294967,1,2.22423703135027,1.3295220197723219,"{""type"":""MultiPoint"",""coordinates"":[]}"
"320,9629","320,9629",1.0965192894123883,0.3702807341209028,790.7766836539862,1,2.543336349639044,1.4468170602266557,"{""type"":""MultiPoint"",""coordinates"":[]}"
"321,9629","321,9629",1.1782715439388545,0.42891686804979723,964.0023594642807,1,2.378208296435628,1.1999367524967735,"{""type"":""MultiPoint"",""coordinates"":[]}"
"322,9629","322,9629",1.1250959822415694,0.5359612489503716,1137.2288319771615,1,1.7117711345388709,0.5866751522973016,"{""type"":""MultiPoint"",""coordinates"":[]}"
"323,9629","323,9629",0.9217487547364982,0.6271457239545843,1310.4561092040478,1,0.9784862068190955,0.05673745208259726,"{""type"":""MultiPoint"",""coordinates"":[]}"
"324,9629","324,9629",0.47568227753170533,0.38912044388184913,1483.6841612613935,1,0.47568227753170533,0.0,"{""type"":""MultiPoint"",""coordinates"":[]}"
"325,9629","325,9629",0.18311706873086783,0.16815253929780183,1656.9129924879956,1,0.18311706873086783,0.0,"{""type"":""MultiPoint"",""coordinates"":[]}"
"326,9629","326,9629",0.0,0.0,1830.142595928263,0,0.0,0.0,"{""type"":""MultiPoint"",""coordinates"":[]}"
"327,9629","327,9629",0.0,0.0,2003.372947169222,0,0.0,0.0,"{""type"":""MultiPoint"",""coordinates"":[]}"
"328,9629","328,9629",0.0,0.0,2176.6040572677953,0,0.0,0.0,"{""type"":""MultiPoint"",""coordinates"":[]}"
"329,9629","329,9629",0.0,0.0,2349.835906310397,0,0.0,0.0,"{""type"":""MultiPoint"",""coordinates"":[]}"
"330,9629","330,9629",0.0,0.0,2523.068491327994,0,0.0,0.0,"{""type"":""MultiPoint"",""coordinates"":[]}"
"331,9629","331,9629",0.0,0.0,2696.3018050463593,0,0.0,0.0,"{""type"":""MultiPoint"",""coordinates"":[]}"
"332,9629","332,9629",0.0,0.0,2869.535831765784,0,0.0,0.0,"{""type"":""MultiPoint"",""coordinates"":[]}"
"333,9629","333,9629",0.0,0.0,3042.7705662038725,0,0.0,0.0,"{""type"":""MultiPoint"",""coordinates"":[]}"
"334,9629","334,9629",0.0,0.0,3216.0060033202985,0,0.0,0.0,"{""type"":""MultiPoint"",""coordinates"":[]}"
"335,9629","335,9629",0.0,0.0,3389.2421279813107,0,0.0,0.0,"{""type"":""MultiPoint"",""coordinates"":[]}"
"336,9629","336,9629",0.0,0.0,3562.4789426132697,0,0.0,0.0,"{""type"":""MultiPoint"",""coordinates"":[]}"
"337,9629","337,9629",0.008993804200300288,0.008953600817733096,3735.7164290067526,1,0.008993804200300288,0.0,"{""type"":""MultiPoint"",""coordinates"":[]}"
"338,9629","338,9629",0.36365201827297855,0.31016640830479497,3908.954576429558,1,0.36365201827297855,0.0,"{""type"":""MultiPoint"",""coordinates"":[]}"
"339,9629","339,9629",0.2657247096147031,0.2356448511150012,4051.7707992934234,1,0.2657247096147031,0.0,"{""type"":""MultiPoint"",""coordinates"":[]}"
"340,9629","340,9629",0.0,0.0,3947.4986534533623,0,0.0,0.0,"{""type"":""MultiPoint"",""coordinates"":[]}"
"341,9629","341,9629",0.0,0.0,3843.2260561494522,0,0.0,0.0,"{""type"":""MultiPoint"",""coordinates"":[]}"
"342,9629","342,9629",0.0,0.0,3738.953028149718,0,0.0,0.0,"{""type"":""MultiPoint"",""coordinates"":[]}"
"343,9629","343,9629",0.0,0.0,3634.6795575943574,0,0.0,0.0,"{""type"":""MultiPoint"",""coordinates"":[]}"
"344,9629","344,9629",0.0,0.0,3530.4056480277045,0,0.0,0.0,"{""type"":""MultiPoint"",""coordinates"":[]}"
"345,9629","345,9629",0.0,0.0,3426.1313160171812,0,0.0,0.0,"{""type"":""MultiPoint"",""coordinates"":[]}"
"346,9629","346,9629",0.0,0.0,3321.8565631789356,0,0.0,0.0,"{""type"":""MultiPoint"",""coordinates"":[]}"
"347,9629","347,9629",0.0,0.0,3217.752132794318,0,0.0,0.0,"{""type"":""MultiPoint"",""coordinates"":[]}"
"348,9629","348,9629",0.0,0.0,3278.6597995596976,0,0.0,0.0,"{""type"":""MultiPoint"",""coordinates"":[]}"
"349,9629","349,9629",0.0,0.0,3600.760406544331,0,0.0,0.0,"{""type"":""MultiPoint"",""coordinates"":[]}"
"350,9629","350,9629",0.0,0.0,3962.362112729885,0,0.0,0.0,"{""type"":""MultiPoint"",""coordinates"":[]}"
"351,9629","351,9629",0.0,0.0,4323.96511933225,0,0.0,0.0,"{""type"":""MultiPoint"",""coordinates"":[]}"
"352,9629","352,9629",0.0,0.0,4685.56941993315,0,0.0,0.0,"{""type"":""MultiPoint"",""coordinates"":[]}"
"353,9629","353,9629",0.0,0.0,5047.174984450565,0,0.0,0.0,"{""type"":""MultiPoint"",""coordinates"":[]}"
"354,9629","354,9629",0.0,0.0,5192.0303780189915,0,0.0,0.0,"{""type"":""MultiPoint"",""coordinates"":[]}"
"355,9629","355,9629",0.0,0.0,5195.296531072914,0,0.0,0.0,"{""type"":""MultiPoint"",""coordinates"":[]}"
"356,9629","356,9629",0.0,0.0,5198.562628360901,0,0.0,0.0,"{""type"":""MultiPoint"",""coordinates"":[]}"
"357,9629","357,9629",0.0,0.0,5201.828668887205,0,0.0,0.0,"{""type"":""MultiPoint"",""coordinates"":[]}"
"358,9629","358,9629",0.0,0.0,5205.094653780523,0,0.0,0.0,"{""type"":""MultiPoint"",""coordinates"":[]}"
"359,9629","359,9629",0.0,0.0,5208.360588430239,0,0.0,0.0,"{""type"":""MultiPoint"",""coordinates"":[]}"
"360,9629","360,9629",0.0,0.0,5211.626456466858,0,0.0,0.0,"{""type"":""MultiPoint"",""coordinates"":[]}"
"361,9629","361,9629",0.0,0.0,5214.892279480592,0,0.0,0.0,"{""type"":""MultiPoint"",""coordinates"":[]}"
"362,9629","362,9629",0.0,0.0,5218.158045505957,0,0.0,0.0,"{""type"":""MultiPoint"",""coordinates"":[]}"
"363,9629","363,9629",0.0,0.0,5221.423758193378,0,0.0,0.0,"{""type"":""MultiPoint"",""coordinates"":[]}"
"364,9629","364,9629",0.0,0.0,5224.6894111692645,0,0.0,0.0,"{""type"":""MultiPoint"",""coordinates"":[]}"
"365,9629","365,9629",0.0,0.0,5227.955008290343,0,0.0,0.0,"{""type"":""MultiPoint"",""coordinates"":[]}"
"366,9629","366,9629",0.0,0.0,5231.220545335347,0,0.0,0.0,"{""type"":""MultiPoint"",""coordinates"":[]}"
"367,9629","367,9629",0.0,0.0,5234.486026093035,0,0.0,0.0,"{""type"":""MultiPoint"",""coordinates"":[]}"
"368,9629","368,9629",0.0,0.0,5237.751457823815,0,0.0,0.0,"{""type"":""MultiPoint"",""coordinates"":[]}"
"369,9629","369,9629",0.0,0.0,5241.016829335056,0,0.0,0.0,"{""type"":""MultiPoint"",""coordinates"":[]}"
"370,9629","370,9629",0.0,0.0,5244.282142594513,0,0.0,0.0,"{""type"":""MultiPoint"",""coordinates"":[]}"
"371,9629","371,9629",0.0,0.0,5247.547394206143,0,0.0,0.0,"{""type"":""MultiPoint"",""coordinates"":[]}"
"372,9629","372,9629",0.0,0.0,5250.812594597463,0,0.0,0.0,"{""type"":""MultiPoint"",""coordinates"":[]}"
"373,9629","373,9629",0.0,0.0,5254.077736726404,0,0.0,0.0,"{""type"":""MultiPoint"",""coordinates"":[]}"
"374,9629","374,9629",0.0,0.0,5257.342821150346,0,0.0,0.0,"{""type"":""MultiPoint"",""coordinates"":[]}"
"375,9629","375,9629",0.0,0.0,5260.6078495197535,0,0.0,0.0,"{""type"":""MultiPoint"",""coordinates"":[]}"
"376,9629","376,9629",0.0,0.0,5263.872813714295,0,0.0,0.0,"{""type"":""MultiPoint"",""coordinates"":[]}"
"377,9629","377,9629",0.0,0.0,5267.137726391774,0,0.0,0.0,"{""type"":""MultiPoint"",""coordinates"":[]}"
"378,9629","378,9629",0.0,0.0,5270.402574463121,0,0.0,0.0,"{""type"":""MultiPoint"",""coordinates"":[]}"
"379,9629","379,9629",0.0,0.0,5273.667365004536,0,0.0,0.0,"{""type"":""MultiPoint"",""coordinates"":[]}"
"380,9629","380,9629",0.0,0.0,5276.932101843536,0,0.0,0.0,"{""type"":""MultiPoint"",""coordinates"":[]}"
"381,9629","381,9629",0.0,0.0,5280.196781501738,0,0.0,0.0,"{""type"":""MultiPoint"",""coordinates"":[]}"
"382,9629","382,9629",0.0,0.0,5283.461398848896,0,0.0,0.0,"{""type"":""MultiPoint"",""coordinates"":[]}"
"383,9629","383,9629",0.0,0.0,5286.725955887197,0,0.0,0.0,"{""type"":""MultiPoint"",""coordinates"":[]}"
"384,9629","384,9629",0.0,0.0,5289.990449823258,0,0.0,0.0,"{""type"":""MultiPoint"",""coordinates"":[]}"
"385,9629","385,9629",0.0,0.0,5293.25489119465,0,0.0,0.0,"{""type"":""MultiPoint"",""coordinates"":[]}"
"386,9629","386,9629",0.0,0.0,5296.519266908125,0,0.0,0.0,"{""type"":""MultiPoint"",""coordinates"":[]}"
"387,9629","387,9629",0.0,0.0,5299.783586424935,0,0.0,0.0,"{""type"":""MultiPoint"",""coordinates"":[]}"
"388,9629","388,9629",0.0,0.0,5303.0478462692145,0,0.0,0.0,"{""type"":""MultiPoint"",""coordinates"":[]}"
"389,9629","389,9629",0.0,0.0,5306.312042057605,0,0.0,0.0,"{""type"":""MultiPoint"",""coordinates"":[]}"
"390,9629","390,9629",0.0,0.0,5309.576175712678,0,0.0,0.0,"{""type"":""MultiPoint"",""coordinates"":[]}"
"391,9629","391,9629",0.0,0.0,5312.8402578152845,0,0.0,0.0,"{""type"":""MultiPoint"",""coordinates"":[]}"
"392,9629","392,9629",0.0,0.0,5316.104280039745,0,0.0,0.0,"{""type"":""MultiPoint"",""coordinates"":[]}"
"393,9629","393,9629",0.0,0.0,5319.36823568245,0,0.0,0.0,"{""type"":""MultiPoint"",""coordinates"":[]}"
"394,9629","394,9629",0.0,0.0,5322.632133462586,0,0.0,0.0,"{""type"":""MultiPoint"",""coordinates"":[]}"
"395,9629","395,9629",0.0,0.0,5325.895974425175,0,0.0,0.0,"{""type"":""MultiPoint"",""coordinates"":[]}"
"396,9629","396,9629",0.0,0.0,5329.159749550769,0,0.0,0.0,"{""type"":""MultiPoint"",""coordinates"":[]}"
"397,9629","397,9629",0.0,0.0,5332.423459658201,0,0.0,0.0,"{""type"":""MultiPoint"",""coordinates"":[]}"
"398,9629","398,9629",0.0,0.0,5335.687104539187,0,0.0,0.0,"{""type"":""MultiPoint"",""coordinates"":[]}"
"399,9629","399,9629",0.0,0.0,5338.950694205121,0,0.0,0.0,"{""type"":""MultiPoint"",""coordinates"":[]}"
"400,9629","400,9629",0.0,0.0,5342.2142269247315,0,0.0,0.0,"{""type"":""MultiPoint"",""coordinates"":[]}"
"401,9629","401,9629",0.0,0.0,5345.477699041309,0,0.0,0.0,"{""type"":""MultiPoint"",""coordinates"":[]}"
"402,9629","402,9629",0.0,0.0,5348.741098975335,0,0.0,0.0,"{""type"":""MultiPoint"",""coordinates"":[]}"
"403,9629","403,9629",0.0,0.0,5353.493978582494,0,0.0,0.0,"{""type"":""MultiPoint"",""coordinates"":[]}"
"404,9629","404,9629",0.0,0.0,5472.47493078308,0,0.0,0.0,"{""type"":""MultiPoint"",""coordinates"":[]}"
"405,9629","405,9629",0.0,0.0,5765.1672770232935,0,0.0,0.0,"{""type"":""MultiPoint"",""coordinates"":[]}"
"406,9629","406,9629",0.0,0.0,6143.618223556967,0,0.0,0.0,"{""type"":""MultiPoint"",""coordinates"":[]}"
"407,9629","407,9629",0.0,0.0,6522.146813338056,0,0.0,0.0,"{""type"":""MultiPoint"",""coordinates"":[]}"
"408,9629","408,9629",0.0,0.0,6900.6761838442435,0,0.0,0.0,"{""type"":""MultiPoint"",""coordinates"":[]}"
"409,9629","409,9629",0.0,0.0,7279.206312536793,0,0.0,0.0,"{""type"":""MultiPoint"",""coordinates"":[]}"
"410,9629","410,9629",0.0,0.0,7657.737188033603,0,0.0,0.0,"{""type"":""MultiPoint"",""coordinates"":[]}"
"411,9629","411,9629",0.0,0.0,8036.268785995167,0,0.0,0.0,"{""type"":""MultiPoint"",""coordinates"":[]}"
"412,9629","412,9629",0.0,0.0,8414.801097665768,0,0.0,0.0,"{""type"":""MultiPoint"",""coordinates"":[]}"
"413,9629","413,9629",0.0,0.0,8793.334105284259,0,0.0,0.0,"{""type"":""MultiPoint"",""coordinates"":[]}"
"414,9629","414,9629",0.0,0.0,9171.867774823284,0,0.0,0.0,"{""type"":""MultiPoint"",""coordinates"":[]}"
"415,9629","415,9629",0.0,0.0,9550.402110345789,0,0.0,0.0,"{""type"":""MultiPoint"",""coordinates"":[]}"
"416,9629","416,9629",0.0,0.0,9928.937080678972,0,0.0,0.0,"{""type"":""MultiPoint"",""coordinates"":[]}"
"417,9629","417,9629",0.0,0.0,10307.47267559591,0,0.0,0.0,"{""type"":""MultiPoint"",""coordinates"":[]}"
"439,9629","439,9629",0.0,0.0,10343.103299519908,0,0.0,0.0,"{""type"":""MultiPoint"",""coordinates"":[]}"
"440,9629","440,9629",-0.03703397525171948,-0.03636469173067447,9851.61248751879,1,0.0,0.03703397525171948,"{""type"":""MultiPoint"",""coordinates"":[]}"
"441,9629","441,9629",-0.07039057932660023,-0.06802360927555633,9360.120798391095,1,0.0,0.07039057932660023,"{""type"":""MultiPoint"",""coordinates"":[]}"
"442,9629","442,9629",-0.01605462032418867,-0.015927107872867496,8868.628263010978,1,0.0,0.01605462032418867,"{""type"":""MultiPoint"",""coordinates"":[]}"
"443,9629","443,9629",0.0,0.0,8377.134911747127,0,0.0,0.0,"{""type"":""MultiPoint"",""coordinates"":[]}"
"444,9629","444,9629",0.0,0.0,7885.640751202258,0,0.0,0.0,"{""type"":""MultiPoint"",""coordinates"":[]}"
"445,9629","445,9629",0.0,0.0,7394.14579797708,0,0.0,0.0,"{""type"":""MultiPoint"",""coordinates"":[]}"
"446,9629","446,9629",0.0,0.0,6902.650094958145,0,0.0,0.0,"{""type"":""MultiPoint"",""coordinates"":[]}"
"447,9629","447,9629",0.25701888473808204,0.22874295315323734,6411.153650322838,1,0.25701888473808204,0.0,"{""type"":""MultiPoint"",""coordinates"":[]}"
"448,9629","448,9629",0.3468232966570695,0.29774870594034925,5919.656491943227,1,0.3468232966570695,0.0,"{""type"":""MultiPoint"",""coordinates"":[]}"
"449,9629","449,9629",0.0430523617422744,0.042151377771233504,5436.5590422127525,1,0.0430523617422744,0.0,"{""type"":""MultiPoint"",""coordinates"":[]}"
"450,9629","450,9629",-8.119633931615577E-4,-8.026346481623918E-4,5074.491304997939,1,0.011216726855770368,0.012028690248931925,"{""type"":""MultiPoint"",""coordinates"":[]}"
"451,9629","451,9629",-0.04672371453969676,-0.03403598431647542,4893.482662242917,1,0.3495446701810541,0.3962683847207509,"{""type"":""MultiPoint"",""coordinates"":[]}"
"452,9629","452,9629",0.009411265244324729,0.00637762056650637,4913.581539282062,1,0.480380932787714,0.47096966754338926,"{""type"":""MultiPoint"",""coordinates"":[]}"
"453,9629","453,9629",0.013157884126661572,0.012512046585333829,5132.426902492852,1,0.058209919735419,0.04505203560875743,"{""type"":""MultiPoint"",""coordinates"":[]}"
"454,9629","454,9629",0.005896131588517345,0.005795918802203081,5526.461847814946,1,0.020241146545516214,0.014345014956998869,"{""type"":""MultiPoint"",""coordinates"":[]}"
"455,9629","455,9629",0.01042373221144717,0.009889679600091295,6061.621152201626,1,0.05922145905912433,0.04879772684767716,"{""type"":""MultiPoint"",""coordinates"":[]}"
"456,9629","456,9629",1.39640159394643E-4,1.3953233147541346E-4,6704.196113570629,1,8.426025918085281E-4,7.029624324138851E-4,"{""type"":""MultiPoint"",""coordinates"":[]}"
"457,9629","457,9629",0.0,0.0,7426.357000822978,0,0.0,0.0,"{""type"":""MultiPoint"",""coordinates"":[]}"
"458,9629","458,9629",0.0,0.0,8207.122221385132,0,0.0,0.0,"{""type"":""MultiPoint"",""coordinates"":[]}"
"459,9629","459,9629",0.0,0.0,9031.305473675622,0,0.0,0.0,"{""type"":""MultiPoint"",""coordinates"":[]}"
"460,9629","460,9629",0.0,0.0,9888.05597374918,0,0.0,0.0,"{""type"":""MultiPoint"",""coordinates"":[]}"
"232,9630","232,9630",0.0,0.0,10471.342351454517,0,0.0,0.0,"{""type"":""MultiPoint"",""coordinates"":[]}"
"233,9630","233,9630",0.0,0.0,9516.892892515529,0,0.0,0.0,"{""type"":""MultiPoint"",""coordinates"":[]}"
"234,9630","234,9630",0.09964224633519073,0.08615760172947622,8572.715853622289,1,0.20704781983827716,0.10740557350308644,"{""type"":""MultiPoint"",""coordinates"":[]}"
"235,9630","235,9630",0.16928741546848064,0.12558582310423388,7642.622086453187,1,0.4343968094070367,0.26510939393855604,"{""type"":""MultiPoint"",""coordinates"":[]}"
"236,9630","236,9630",0.281691405464048,0.183068194883367,6732.454006075258,1,0.6838645917456897,0.4021731862816417,"{""type"":""MultiPoint"",""coordinates"":[]}"
"237,9630","237,9630",0.07827962016307044,0.03225474479656387,5851.520623786205,1,1.4662681962197652,1.3879885760566948,"{""type"":""MultiPoint"",""coordinates"":[]}"
"238,9630","238,9630",0.7907109499749239,0.21654653905015864,5015.255275182838,1,3.0610727970654135,2.2703618470904896,"{""type"":""MultiPoint"",""coordinates"":[]}"
"239,9630","239,9630",1.7755930224251344,0.631436958546807,4250.112621680497,1,2.7926005291765317,1.0170075067513973,"{""type"":""MultiPoint"",""coordinates"":[]}"
"240,9630","240,9630",1.6063808356336406,0.7178102614676052,3601.715070728195,1,2.136355558356035,0.5299747227223944,"{""type"":""MultiPoint"",""coordinates"":[]}"
"241,9630","241,9630",1.3372731850901463,0.6440996869517572,3143.1660986148945,1,1.816113021381464,0.4788398362913177,"{""type"":""MultiPoint"",""coordinates"":[]}"
"242,9630","242,9630",0.992240617553631,0.4692932580336123,2963.928612654158,1,1.6491125165345428,0.6568718989809118,"{""type"":""MultiPoint"",""coordinates"":[]}"
"243,9630","243,9630",1.0284171485196043,0.44910013876034094,3002.673519664216,1,1.8425189726559037,0.8141018241362994,"{""type"":""MultiPoint"",""coordinates"":[]}"
"244,9630","244,9630",1.1683929582215746,0.49860505031678326,3046.8016782470418,1,1.9758672819358032,0.8074743237142286,"{""type"":""MultiPoint"",""coordinates"":[]}"
"245,9630","245,9630",0.7871002237461732,0.42842947584999974,3090.9301059417326,1,1.2587416330871157,0.47164140934094256,"{""type"":""MultiPoint"",""coordinates"":[]}"
"246,9630","246,9630",0.5828352985263585,0.3268080151161029,3135.058791979429,1,1.0906804090089641,0.5078451104826056,"{""type"":""MultiPoint"",""coordinates"":[]}"
"247,9630","247,9630",0.5670391583993828,0.32642431634329616,3179.187738624755,1,1.0360397806722825,0.46900062227289974,"{""type"":""MultiPoint"",""coordinates"":[]}"
"248,9630","248,9630",0.19767640712224457,0.17435931682910877,3223.316943127142,1,0.23543908436820932,0.037762677245964736,"{""type"":""MultiPoint"",""coordinates"":[]}"
"249,9630","249,9630",0.09855900196663414,0.07419104556941522,3267.4464069315077,1,0.3783375476554815,0.27977854568884736,"{""type"":""MultiPoint"",""coordinates"":[]}"
"250,9630","250,9630",0.23110326311341503,0.1818499001811591,3311.5761273087696,1,0.3898981250025861,0.15879486188917105,"{""type"":""MultiPoint"",""coordinates"":[]}"
"251,9630","251,9630",0.44516573675385074,0.3682240117026977,3355.706095050715,1,0.44516573675385074,0.0,"{""type"":""MultiPoint"",""coordinates"":[]}"
"252,9630","252,9630",0.1978469799999913,0.18052576198588807,3399.8363114658027,1,0.1978469799999913,0.0,"{""type"":""MultiPoint"",""coordinates"":[]}"
"253,9630","253,9630",0.04479880198108507,0.04382433289033406,3443.966779431477,1,0.04479880198108507,0.0,"{""type"":""MultiPoint"",""coordinates"":[]}"
"254,9630","254,9630",0.0,0.0,3479.012348208541,0,0.0,0.0,"{""type"":""MultiPoint"",""coordinates"":[]}"
"255,9630","255,9630",0.0,0.0,3417.522249182725,0,0.0,0.0,"{""type"":""MultiPoint"",""coordinates"":[]}"
"256,9630","256,9630",0.005180600906092588,0.005167227760619975,3356.0317462284484,1,0.005180600906092588,0.0,"{""type"":""MultiPoint"",""coordinates"":[]}"
"257,9630","257,9630",0.041633652333224455,0.03996632409220992,3294.5408500293233,1,0.06267381306887695,0.021040160735652503,"{""type"":""MultiPoint"",""coordinates"":[]}"
"258,9630","258,9630",-0.04625216660979924,-0.04521441365314268,3233.0495767417137,1,0.0,0.04625216660979924,"{""type"":""MultiPoint"",""coordinates"":[]}"
"259,9630","259,9630",0.0,0.0,3171.55790721727,0,0.0,0.0,"{""type"":""MultiPoint"",""coordinates"":[]}"
"260,9630","260,9630",0.0,0.0,3110.0658551683564,0,0.0,0.0,"{""type"":""MultiPoint"",""coordinates"":[]}"
"261,9630","261,9630",0.0,0.0,3048.5734284148957,0,0.0,0.0,"{""type"":""MultiPoint"",""coordinates"":[]}"
"262,9630","262,9630",-0.23892749458985413,-0.20848821736839007,2933.924574219147,1,0.030684367063361848,0.269611861653216,"{""type"":""MultiPoint"",""coordinates"":[]}"
"263,9630","263,9630",0.23884268577623535,0.13663240289924727,2812.5168703185204,1,0.8702076349925844,0.631364949216349,"{""type"":""MultiPoint"",""coordinates"":[]}"
"264,9630","264,9630",0.5959029575285406,0.3124779052122025,2691.1084422030917,1,1.2204677910577135,0.6245648335291729,"{""type"":""MultiPoint"",""coordinates"":[]}"
"265,9630","265,9630",0.42405870455561334,0.3233545664197751,2569.6993143708364,1,0.5348719111056004,0.11081320654998707,"{""type"":""MultiPoint"",""coordinates"":[]}"
"266,9630","266,9630",0.0,0.0,2448.289469108614,0,0.0,0.0,"{""type"":""MultiPoint"",""coordinates"":[]}"
"267,9630","267,9630",0.0,0.0,2326.8789247654486,0,0.0,0.0,"{""type"":""MultiPoint"",""coordinates"":[]}"
"268,9630","268,9630",0.0,0.0,2205.4676864156363,0,0.0,0.0,"{""type"":""MultiPoint"",""coordinates"":[]}"
"269,9630","269,9630",0.0,0.0,2084.0557614517393,0,0.0,0.0,"{""type"":""MultiPoint"",""coordinates"":[]}"
"270,9630","270,9630",0.0,0.0,1962.6431452944103,0,0.0,0.0,"{""type"":""MultiPoint"",""coordinates"":[]}"
"271,9630","271,9630",0.0,0.0,1841.2298585803821,0,0.0,0.0,"{""type"":""MultiPoint"",""coordinates"":[]}"
"272,9630","272,9630",0.0,0.0,1719.815897102205,0,0.0,0.0,"{""type"":""MultiPoint"",""coordinates"":[]}"
"273,9630","273,9630",0.0,0.0,1598.4012729170367,0,0.0,0.0,"{""type"":""MultiPoint"",""coordinates"":[]}"
"274,9630","274,9630",0.0,0.0,1476.985991658328,0,0.0,0.0,"{""type"":""MultiPoint"",""coordinates"":[]}"
"275,9630","275,9630",0.0,0.0,1355.5700499992417,0,0.0,0.0,"{""type"":""MultiPoint"",""coordinates"":[]}"
"276,9630","276,9630",0.0,0.0,1234.1534628608308,0,0.0,0.0,"{""type"":""MultiPoint"",""coordinates"":[]}"
"277,9630","277,9630",0.0,0.0,1112.7362395289776,0,0.0,0.0,"{""type"":""MultiPoint"",""coordinates"":[]}"
"278,9630","278,9630",0.0,0.0,991.318372615817,0,0.0,0.0,"{""type"":""MultiPoint"",""coordinates"":[]}"
"279,9630","279,9630",0.0,0.0,869.8998754044096,0,0.0,0.0,"{""type"":""MultiPoint"",""coordinates"":[]}"
"280,9630","280,9630",0.0,0.0,748.4807569251375,0,0.0,0.0,"{""type"":""MultiPoint"",""coordinates"":[]}"
"281,9630","281,9630",0.0,0.0,627.0610174329071,0,0.0,0.0,"{""type"":""MultiPoint"",""coordinates"":[]}"
"282,9630","282,9630",0.0,0.0,505.64066430427795,0,0.0,0.0,"{""type"":""MultiPoint"",""coordinates"":[]}"
"283,9630","283,9630",0.0,0.0,384.2197165147263,0,0.0,0.0,"{""type"":""MultiPoint"",""coordinates"":[]}"
"284,9630","284,9630",0.0,0.0,262.7981643103347,0,0.0,0.0,"{""type"":""MultiPoint"",""coordinates"":[]}"
"285,9630","285,9630",0.0,0.0,141.37601071740897,0,0.0,0.0,"{""type"":""MultiPoint"",""coordinates"":[]}"
"286,9630","286,9630",0.0,0.0,19.95326450733603,0,0.0,0.0,"{""type"":""MultiPoint"",""coordinates"":[]}"
"287,9630","287,9630",0.0,0.0,101.47004715280214,0,0.0,0.0,"{""type"":""MultiPoint"",""coordinates"":[]}"
"288,9630","288,9630",0.015801431265131533,0.015677888386900898,222.89394245157297,1,0.015801431265131533,0.0,"{""type"":""MultiPoint"",""coordinates"":[]}"
"289,9630","289,9630",0.29323784224628824,0.25714902892653346,344.31841403592904,1,0.29323784224628824,0.0,"{""type"":""MultiPoint"",""coordinates"":[]}"
"290,9630","290,9630",0.6768841633607807,0.4949826015092154,465.74344676376325,1,0.733740040247924,0.05685587688714336,"{""type"":""MultiPoint"",""coordinates"":[]}"
"291,9630","291,9630",0.6583340829577098,0.37547708490255655,587.1690419084184,1,1.1030448405561473,0.44471075759843753,"{""type"":""MultiPoint"",""coordinates"":[]}"
"292,9630","292,9630",0.4923741676051865,0.2018365268244804,660.3707629777147,1,1.6939331341772765,1.20155896657209,"{""type"":""MultiPoint"",""coordinates"":[]}"
"293,9630","293,9630",0.7972455043977611,0.26556574750158757,591.2787416440224,1,2.4183099786954094,1.6210644742976483,"{""type"":""MultiPoint"",""coordinates"":[]}"
"294,9630","294,9630",1.0276410592189231,0.35618071515377225,522.1862811497648,1,2.4294259906103766,1.4017849313914534,"{""type"":""MultiPoint"",""coordinates"":[]}"
"295,9630","295,9630",1.166443447432599,0.5291412670455374,453.0933998271363,1,1.8388261282357268,0.6723826808031278,"{""type"":""MultiPoint"",""coordinates"":[]}"
"296,9630","296,9630",0.6691316412423703,0.45336804708463374,384.0001105733652,1,0.8356725436331022,0.16654090239073183,"{""type"":""MultiPoint"",""coordinates"":[]}"
"297,9630","297,9630",0.09297588159122255,0.0889041427032004,314.90639145845404,1,0.09297588159122255,0.0,"{""type"":""MultiPoint"",""coordinates"":[]}"
"298,9630","298,9630",0.0,0.0,245.81225591706217,0,0.0,0.0,"{""type"":""MultiPoint"",""coordinates"":[]}"
"299,9630","299,9630",0.0,0.0,176.71771281568803,0,0.0,0.0,"{""type"":""MultiPoint"",""coordinates"":[]}"
"300,9630","300,9630",0.0,0.0,107.62276634723979,0,0.0,0.0,"{""type"":""MultiPoint"",""coordinates"":[]}"
"301,9630","301,9630",0.00861171877108852,0.008574849441976852,38.52740361165981,1,0.00861171877108852,0.0,"{""type"":""MultiPoint"",""coordinates"":[]}"
"302,9630","302,9630",0.0140492219146188,0.013951446312960379,30.56835685893051,1,0.0140492219146188,0.0,"{""type"":""MultiPoint"",""coordinates"":[]}"
"303,9630","303,9630",0.011040638570916162,0.010980135640881973,99.66451451779675,1,0.011040638570916162,0.0,"{""type"":""MultiPoint"",""coordinates"":[]}"
"304,9630","304,9630",0.11476321145892145,0.10818250264653116,168.76106967608965,1,0.11924571485245883,0.004482503393537378,"{""type"":""MultiPoint"",""coordinates"":[]}"
"305,9630","305,9630",0.08328644761782207,0.07901947095226364,237.8580033932348,1,0.09619065815817097,0.012904210540348899,"{""type"":""MultiPoint"",""coordinates"":[]}"
"306,9630","306,9630",0.476239640806985,0.38918448928738214,306.95533071867,1,0.4772124700566645,9.728292496795332E-4,"{""type"":""MultiPoint"",""coordinates"":[]}"
"307,9630","307,9630",0.3181328278917651,0.253178866122733,376.0530438210231,1,0.42232494488345756,0.10419211699169248,"{""type"":""MultiPoint"",""coordinates"":[]}"
"308,9630","308,9630",0.1886556381033055,0.13213545710843705,445.15114460070316,1,0.5241487987843,0.3354931606809945,"{""type"":""MultiPoint"",""coordinates"":[]}"
"309,9630","309,9630",0.4516695748546168,0.25671696167086383,514.2496147507791,1,0.9948936206749917,0.5432240458203749,"{""type"":""MultiPoint"",""coordinates"":[]}"
"310,9630","310,9630",0.8885773049653138,0.45963677231430516,583.3484577496077,1,1.4114209545076761,0.5228436495423623,"{""type"":""MultiPoint"",""coordinates"":[]}"
"311,9630","311,9630",0.9141295265192861,0.3910255238993142,652.4476787809253,1,1.8245510327907792,0.9104215062714931,"{""type"":""MultiPoint"",""coordinates"":[]}"
"312,9630","312,9630",0.9286950251994983,0.3197189148333984,721.5472554256108,1,2.3937723445077226,1.4650773193082243,"{""type"":""MultiPoint"",""coordinates"":[]}"
"313,9630","313,9630",0.25973471073741217,0.08733075453755279,790.6472039966517,1,2.1059067454268727,1.8461720346894606,"{""type"":""MultiPoint"",""coordinates"":[]}"
"314,9630","314,9630",0.3032136249215638,0.08364308622041716,859.7475124890157,1,2.778808960971767,2.4755953360502034,"{""type"":""MultiPoint"",""coordinates"":[]}"
"315,9630","315,9630",0.021123533277478845,0.005160377964783525,928.8481801770827,1,3.1039790119210338,3.082855478643555,"{""type"":""MultiPoint"",""coordinates"":[]}"
"316,9630","316,9630",0.43715465221780203,0.09288057289449125,1082.7386787987061,1,3.928592175474729,3.491437523256927,"{""type"":""MultiPoint"",""coordinates"":[]}"
"317,9630","317,9630",0.7940248155317788,0.18906331353194994,1255.9655216281897,1,3.6092976470739027,2.815272831542124,"{""type"":""MultiPoint"",""coordinates"":[]}"
"318,9630","318,9630",0.7143871789020908,0.20303025661972907,1429.1931792889457,1,2.8878963674817775,2.1735091885796867,"{""type"":""MultiPoint"",""coordinates"":[]}"
"319,9630","319,9630",0.7888426791284244,0.23013177074116276,1602.421631288049,1,2.83732309391462,2.0484804147861957,"{""type"":""MultiPoint"",""coordinates"":[]}"
"320,9630","320,9630",0.8505418077472346,0.2852096351079946,1775.6508826846955,1,2.4276224313144357,1.577080623567201,"{""type"":""MultiPoint"",""coordinates"":[]}"
"321,9630","321,9630",0.8259453716353305,0.41768601527562743,1948.8809140727867,1,1.4190694897113112,0.5931241180759806,"{""type"":""MultiPoint"",""coordinates"":[]}"
"322,9630","322,9630",0.7648606067915183,0.48491564432652157,2122.111737587442,1,0.9905241066680376,0.22566349987651926,"{""type"":""MultiPoint"",""coordinates"":[]}"
"323,9630","323,9630",0.49373633537477657,0.39362171056943085,2295.3433253654325,1,0.5173641778890369,0.0236278425142603,"{""type"":""MultiPoint"",""coordinates"":[]}"
"324,9630","324,9630",0.032902404533438664,0.03237270797181961,2468.575663745397,1,0.032902404533438664,0.0,"{""type"":""MultiPoint"",""coordinates"":[]}"
"325,9630","325,9630",0.009149040659718057,0.00910744172163072,2641.808764675747,1,0.009149040659718057,0.0,"{""type"":""MultiPoint"",""coordinates"":[]}"
"326,9630","326,9630",0.0,0.0,2815.042600028842,0,0.0,0.0,"{""type"":""MultiPoint"",""coordinates"":[]}"
"327,9630","327,9630",0.0,0.0,2988.277185253286,0,0.0,0.0,"{""type"":""MultiPoint"",""coordinates"":[]}"
"328,9630","328,9630",0.0,0.0,3161.5124780922115,0,0.0,0.0,"{""type"":""MultiPoint"",""coordinates"":[]}"
"329,9630","329,9630",0.0,0.0,3334.748506411253,0,0.0,0.0,"{""type"":""MultiPoint"",""coordinates"":[]}"
"330,9630","330,9630",0.0,0.0,3507.9852414224492,0,0.0,0.0,"{""type"":""MultiPoint"",""coordinates"":[]}"
"331,9630","331,9630",0.0,0.0,3681.222668785342,0,0.0,0.0,"{""type"":""MultiPoint"",""coordinates"":[]}"
"332,9630","332,9630",0.0,0.0,3854.4607995774904,0,0.0,0.0,"{""type"":""MultiPoint"",""coordinates"":[]}"
"333,9630","333,9630",0.0,0.0,4027.699617570238,0,0.0,0.0,"{""type"":""MultiPoint"",""coordinates"":[]}"
"334,9630","334,9630",-0.005718570980817503,-0.00532958075886468,4200.939099382704,1,0.0701302751541546,0.0758488461349721,"{""type"":""MultiPoint"",""coordinates"":[]}"
"335,9630","335,9630",-0.013818384058155275,-0.012837246459179621,4374.179258276094,1,0.06953456623111658,0.08335295028927185,"{""type"":""MultiPoint"",""coordinates"":[]}"
"336,9630","336,9630",0.0,0.0,4547.420071892353,0,0.0,0.0,"{""type"":""MultiPoint"",""coordinates"":[]}"
"337,9630","337,9630",0.2517157945877466,0.22451524578125306,4720.661539063927,1,0.2517157945877466,0.0,"{""type"":""MultiPoint"",""coordinates"":[]}"
"338,9630","338,9630",0.6211224510628952,0.48311878034645955,4893.90365240728,1,0.6211224510628952,0.0,"{""type"":""MultiPoint"",""coordinates"":[]}"
"339,9630","339,9630",0.3138544438382925,0.27296514059196697,5046.391144405918,1,0.3138544438382925,0.0,"{""type"":""MultiPoint"",""coordinates"":[]}"
"340,9630","340,9630",0.0,0.0,4942.122934954594,0,0.0,0.0,"{""type"":""MultiPoint"",""coordinates"":[]}"
"341,9630","341,9630",0.0,0.0,4837.854255253483,0,0.0,0.0,"{""type"":""MultiPoint"",""coordinates"":[]}"
"342,9630","342,9630",0.0,0.0,4733.58510552228,0,0.0,0.0,"{""type"":""MultiPoint"",""coordinates"":[]}"
"343,9630","343,9630",0.0,0.0,4629.315491784412,0,0.0,0.0,"{""type"":""MultiPoint"",""coordinates"":[]}"
"344,9630","344,9630",0.0,0.0,4525.045433045609,0,0.0,0.0,"{""type"":""MultiPoint"",""coordinates"":[]}"
"345,9630","345,9630",0.0,0.0,4420.774916552594,0,0.0,0.0,"{""type"":""MultiPoint"",""coordinates"":[]}"
"346,9630","346,9630",0.0,0.0,4316.503947561361,0,0.0,0.0,"{""type"":""MultiPoint"",""coordinates"":[]}"
"347,9630","347,9630",0.0,0.0,4214.479237224268,0,0.0,0.0,"{""type"":""MultiPoint"",""coordinates"":[]}"
"348,9630","348,9630",0.0,0.0,4261.1669715474745,0,0.0,0.0,"{""type"":""MultiPoint"",""coordinates"":[]}"
"349,9630","349,9630",0.0,0.0,4533.219039989356,0,0.0,0.0,"{""type"":""MultiPoint"",""coordinates"":[]}"
"350,9630","350,9630",0.0,0.0,4894.824220972314,0,0.0,0.0,"{""type"":""MultiPoint"",""coordinates"":[]}"
"351,9630","351,9630",0.0,0.0,5256.430696871908,0,0.0,0.0,"{""type"":""MultiPoint"",""coordinates"":[]}"
"352,9630","352,9630",0.0,0.0,5618.038426448142,0,0.0,0.0,"{""type"":""MultiPoint"",""coordinates"":[]}"
"353,9630","353,9630",0.0,0.0,5979.647415973522,0,0.0,0.0,"{""type"":""MultiPoint"",""coordinates"":[]}"
"354,9630","354,9630",0.0,0.0,6192.15196989419,0,0.0,0.0,"{""type"":""MultiPoint"",""coordinates"":[]}"
"355,9630","355,9630",0.0,0.0,6195.421710567827,0,0.0,0.0,"{""type"":""MultiPoint"",""coordinates"":[]}"
"356,9630","356,9630",0.0,0.0,6198.691377540344,0,0.0,0.0,"{""type"":""MultiPoint"",""coordinates"":[]}"
"357,9630","357,9630",0.0,0.0,6201.960963210738,0,0.0,0.0,"{""type"":""MultiPoint"",""coordinates"":[]}"
"358,9630","358,9630",0.0,0.0,6205.230468239247,0,0.0,0.0,"{""type"":""MultiPoint"",""coordinates"":[]}"
"359,9630","359,9630",0.0,0.0,6208.49988702831,0,0.0,0.0,"{""type"":""MultiPoint"",""coordinates"":[]}"
"360,9630","360,9630",0.0,0.0,6211.769231685457,0,0.0,0.0,"{""type"":""MultiPoint"",""coordinates"":[]}"
"361,9630","361,9630",0.0,0.0,6215.038493317931,0,0.0,0.0,"{""type"":""MultiPoint"",""coordinates"":[]}"
"362,9630","362,9630",0.0,0.0,6218.307674421965,0,0.0,0.0,"{""type"":""MultiPoint"",""coordinates"":[]}"
"363,9630","363,9630",0.0,0.0,6221.576778025581,0,0.0,0.0,"{""type"":""MultiPoint"",""coordinates"":[]}"
"364,9630","364,9630",0.0,0.0,6224.845797746617,0,0.0,0.0,"{""type"":""MultiPoint"",""coordinates"":[]}"
"365,9630","365,9630",0.0,0.0,6228.114739849817,0,0.0,0.0,"{""type"":""MultiPoint"",""coordinates"":[]}"
"366,9630","366,9630",0.0,0.0,6231.3835939016235,0,0.0,0.0,"{""type"":""MultiPoint"",""coordinates"":[]}"
"367,9630","367,9630",0.0,0.0,6234.652376799751,0,0.0,0.0,"{""type"":""MultiPoint"",""coordinates"":[]}"
"368,9630","368,9630",0.0,0.0,6237.921077172146,0,0.0,0.0,"{""type"":""MultiPoint"",""coordinates"":[]}"
"369,9630","369,9630",0.0,0.0,6241.189689030212,0,0.0,0.0,"{""type"":""MultiPoint"",""coordinates"":[]}"
"370,9630","370,9630",0.0,0.0,6244.458218844823,0,0.0,0.0,"{""type"":""MultiPoint"",""coordinates"":[]}"
"371,9630","371,9630",0.0,0.0,6247.726672388871,0,0.0,0.0,"{""type"":""MultiPoint"",""coordinates"":[]}"
"372,9630","372,9630",0.0,0.0,6250.995039040422,0,0.0,0.0,"{""type"":""MultiPoint"",""coordinates"":[]}"
"373,9630","373,9630",0.0,0.0,6254.263326386993,0,0.0,0.0,"{""type"":""MultiPoint"",""coordinates"":[]}"
"374,9630","374,9630",0.0,0.0,6257.53153166245,0,0.0,0.0,"{""type"":""MultiPoint"",""coordinates"":[]}"
"375,9630","375,9630",0.0,0.0,6260.799651594233,0,0.0,0.0,"{""type"":""MultiPoint"",""coordinates"":[]}"
"376,9630","376,9630",0.0,0.0,6264.067696363899,0,0.0,0.0,"{""type"":""MultiPoint"",""coordinates"":[]}"
"377,9630","377,9630",0.0,0.0,6267.335648202793,0,0.0,0.0,"{""type"":""MultiPoint"",""coordinates"":[]}"
"378,9630","378,9630",0.0,0.0,6270.603527769497,0,0.0,0.0,"{""type"":""MultiPoint"",""coordinates"":[]}"
"379,9630","379,9630",0.0,0.0,6273.871313027213,0,0.0,0.0,"{""type"":""MultiPoint"",""coordinates"":[]}"
"380,9630","380,9630",0.0,0.0,6277.139022648267,0,0.0,0.0,"{""type"":""MultiPoint"",""coordinates"":[]}"
"381,9630","381,9630",0.0,0.0,6280.4066447255045,0,0.0,0.0,"{""type"":""MultiPoint"",""coordinates"":[]}"
"382,9630","382,9630",0.0,0.0,6283.674184393866,0,0.0,0.0,"{""type"":""MultiPoint"",""coordinates"":[]}"
"383,9630","383,9630",0.0,0.0,6286.941631941061,0,0.0,0.0,"{""type"":""MultiPoint"",""coordinates"":[]}"
"384,9630","384,9630",0.0,0.0,6290.2090078523615,0,0.0,0.0,"{""type"":""MultiPoint"",""coordinates"":[]}"
"385,9630","385,9630",0.0,0.0,6293.476297238442,0,0.0,0.0,"{""type"":""MultiPoint"",""coordinates"":[]}"
"386,9630","386,9630",0.0,0.0,6296.743504822303,0,0.0,0.0,"{""type"":""MultiPoint"",""coordinates"":[]}"
"387,9630","387,9630",0.0,0.0,6300.010624368334,0,0.0,0.0,"{""type"":""MultiPoint"",""coordinates"":[]}"
"388,9630","388,9630",0.0,0.0,6303.277647620226,0,0.0,0.0,"{""type"":""MultiPoint"",""coordinates"":[]}"
"389,9630","389,9630",0.0,0.0,6306.544600772313,0,0.0,0.0,"{""type"":""MultiPoint"",""coordinates"":[]}"
"390,9630","390,9630",0.0,0.0,6309.811468753774,0,0.0,0.0,"{""type"":""MultiPoint"",""coordinates"":[]}"
"391,9630","391,9630",0.0,0.0,6313.078247182739,0,0.0,0.0,"{""type"":""MultiPoint"",""coordinates"":[]}"
"392,9630","392,9630",0.0,0.0,6316.344938789738,0,0.0,0.0,"{""type"":""MultiPoint"",""coordinates"":[]}"
"393,9630","393,9630",0.0,0.0,6319.611548872974,0,0.0,0.0,"{""type"":""MultiPoint"",""coordinates"":[]}"
"394,9630","394,9630",0.0,0.0,6322.878069496847,0,0.0,0.0,"{""type"":""MultiPoint"",""coordinates"":[]}"
"395,9630","395,9630",0.0,0.0,6326.144502089717,0,0.0,0.0,"{""type"":""MultiPoint"",""coordinates"":[]}"
"396,9630","396,9630",0.0,0.0,6329.410852634329,0,0.0,0.0,"{""type"":""MultiPoint"",""coordinates"":[]}"
"397,9630","397,9630",0.0,0.0,6332.677118092009,0,0.0,0.0,"{""type"":""MultiPoint"",""coordinates"":[]}"
"398,9630","398,9630",0.0,0.0,6335.943296094465,0,0.0,0.0,"{""type"":""MultiPoint"",""coordinates"":[]}"
"399,9630","399,9630",0.0,0.0,6339.209387263741,0,0.0,0.0,"{""type"":""MultiPoint"",""coordinates"":[]}"
"400,9630","400,9630",0.0,0.0,6342.475393888631,0,0.0,0.0,"{""type"":""MultiPoint"",""coordinates"":[]}"
"401,9630","401,9630",0.0,0.0,6345.741308120952,0,0.0,0.0,"{""type"":""MultiPoint"",""coordinates"":[]}"
"402,9630","402,9630",0.0,0.0,6349.00714400479,0,0.0,0.0,"{""type"":""MultiPoint"",""coordinates"":[]}"
"403,9630","403,9630",0.0,0.0,6353.46388313574,0,0.0,0.0,"{""type"":""MultiPoint"",""coordinates"":[]}"
"404,9630","404,9630",0.0,0.0,6454.038620734774,0,0.0,0.0,"{""type"":""MultiPoint"",""coordinates"":[]}"
"405,9630","405,9630",0.0,0.0,6704.014266955683,0,0.0,0.0,"{""type"":""MultiPoint"",""coordinates"":[]}"
"406,9630","406,9630",0.0,0.0,7069.521698514047,0,0.0,0.0,"{""type"":""MultiPoint"",""coordinates"":[]}"
"407,9630","407,9630",0.0,0.0,7448.052460525211,0,0.0,0.0,"{""type"":""MultiPoint"",""coordinates"":[]}"
"408,9630","408,9630",0.0,0.0,7826.58398658084,0,0.0,0.0,"{""type"":""MultiPoint"",""coordinates"":[]}"
"409,9630","409,9630",0.0,0.0,8205.116253270855,0,0.0,0.0,"{""type"":""MultiPoint"",""coordinates"":[]}"
"410,9630","410,9630",0.0,0.0,8583.649236979501,0,0.0,0.0,"{""type"":""MultiPoint"",""coordinates"":[]}"
"411,9630","411,9630",0.0,0.0,8962.182933186123,0,0.0,0.0,"{""type"":""MultiPoint"",""coordinates"":[]}"
"412,9630","412,9630",0.0,0.0,9340.717314324098,0,0.0,0.0,"{""type"":""MultiPoint"",""coordinates"":[]}"
"413,9630","413,9630",0.0,0.0,9719.252368285073,0,0.0,0.0,"{""type"":""MultiPoint"",""coordinates"":[]}"
"414,9630","414,9630",0.0,0.0,10097.788079455764,0,0.0,0.0,"{""type"":""MultiPoint"",""coordinates"":[]}"
"415,9630","415,9630",0.0,0.0,10476.324425297506,0,0.0,0.0,"{""type"":""MultiPoint"",""coordinates"":[]}"
"441,9630","441,9630",-0.10405915906619291,-0.0989935325299013,10231.41857844648,1,0.0,0.10405915906619291,"{""type"":""MultiPoint"",""coordinates"":[]}"
"442,9630","442,9630",-0.013426718419183513,-0.013337378838606969,9739.927224288162,1,0.0,0.013426718419183513,"{""type"":""MultiPoint"",""coordinates"":[]}"
"443,9630","443,9630",0.0,0.0,9248.435019349532,0,0.0,0.0,"{""type"":""MultiPoint"",""coordinates"":[]}"
"444,9630","444,9630",0.0,0.0,8756.941999267041,0,0.0,0.0,"{""type"":""MultiPoint"",""coordinates"":[]}"
"445,9630","445,9630",0.0,0.0,8265.448181879645,0,0.0,0.0,"{""type"":""MultiPoint"",""coordinates"":[]}"
"446,9630","446,9630",0.0,0.0,7773.953585434644,0,0.0,0.0,"{""type"":""MultiPoint"",""coordinates"":[]}"
"447,9630","447,9630",0.0,0.0,7282.458230677292,0,0.0,0.0,"{""type"":""MultiPoint"",""coordinates"":[]}"
"448,9630","448,9630",0.0,0.0,6790.96214594761,0,0.0,0.0,"{""type"":""MultiPoint"",""coordinates"":[]}"
"449,9630","449,9630",0.0,0.0,6349.3550030238375,0,0.0,0.0,"{""type"":""MultiPoint"",""coordinates"":[]}"
"450,9630","450,9630",-0.0011944358131128884,-0.0011826725930065025,6042.236435378667,1,0.009349202936382963,0.010543638749495852,"{""type"":""MultiPoint"",""coordinates"":[]}"
"451,9630","451,9630",-0.03352089521974655,-0.025854927451548076,5891.039514707273,1,0.2798110701978665,0.31333196541761305,"{""type"":""MultiPoint"",""coordinates"":[]}"
"452,9630","452,9630",0.052886106890358275,0.03833418844239572,5907.746635796294,1,0.4062187907043589,0.3533326838140006,"{""type"":""MultiPoint"",""coordinates"":[]}"
"453,9630","453,9630",0.03551244638675079,0.03396800755184253,6090.977114736107,1,0.06332419959520211,0.027811753208451324,"{""type"":""MultiPoint"",""coordinates"":[]}"
"454,9630","454,9630",0.0,0.0,6426.505673440066,0,0.0,0.0,"{""type"":""MultiPoint"",""coordinates"":[]}"
"455,9630","455,9630",0.0,0.0,6892.128043020628,0,0.0,0.0,"{""type"":""MultiPoint"",""coordinates"":[]}"
"456,9630","456,9630",0.0,0.0,7463.537757068673,0,0.0,0.0,"{""type"":""MultiPoint"",""coordinates"":[]}"
"457,9630","457,9630",0.0,0.0,8118.429424027416,0,0.0,0.0,"{""type"":""MultiPoint"",""coordinates"":[]}"
"458,9630","458,9630",0.0,0.0,8838.26573429272,0,0.0,0.0,"{""type"":""MultiPoint"",""coordinates"":[]}"
"459,9630","459,9630",0.0,0.0,9608.46169882452,0,0.0,0.0,"{""type"":""MultiPoint"",""coordinates"":[]}"
"460,9630","460,9630",0.0,0.0,10417.854113321848,0,0.0,0.0,"{""type"":""MultiPoint"",""coordinates"":[]}"
"233,9631","233,9631",0.020612838335699168,0.020403268772711307,9873.918971769026,1,0.020612838335699168,0.0,"{""type"":""MultiPoint"",""coordinates"":[]}"
"234,9631","234,9631",0.3131842209599216,0.27245489085571983,8967.41566326034,1,0.3131842209599216,0.0,"{""type"":""MultiPoint"",""coordinates"":[]}"
"235,9631","235,9631",0.5823896137587311,0.41578127282327676,8082.872268390691,1,0.7120273045320846,0.1296376907733535,"{""type"":""MultiPoint"",""coordinates"":[]}"
"236,9631","236,9631",0.41681282684104903,0.22219481537500096,7228.35802097136,1,1.0920069501416325,0.6751941233005835,"{""type"":""MultiPoint"",""coordinates"":[]}"
"237,9631","237,9631",0.5343971808649273,0.16445036011860492,6415.886075948029,1,2.5241144620769536,1.9897172812120263,"{""type"":""MultiPoint"",""coordinates"":[]}"
"238,9631","238,9631",1.4236642310735805,0.60392197320493,5663.582861090797,1,2.140413360914412,0.7167491298408313,"{""type"":""MultiPoint"",""coordinates"":[]}"
"239,9631","239,9631",1.3174766414632941,0.7112702584939546,4998.6929619670245,1,1.5884648615570915,0.2709882200937973,"{""type"":""MultiPoint"",""coordinates"":[]}"
"240,9631","240,9631",1.1175309312629615,0.7153101985678806,4460.482913897041,1,1.1871218515341364,0.06959092027117476,"{""type"":""MultiPoint"",""coordinates"":[]}"
"241,9631","241,9631",0.9448240094953045,0.6391363447511845,4099.159948327311,1,1.0006777075691518,0.055853698073847234,"{""type"":""MultiPoint"",""coordinates"":[]}"
"242,9631","242,9631",0.8359359299046708,0.517470604743064,3963.3998320894675,1,1.069282685186485,0.23334675528181412,"{""type"":""MultiPoint"",""coordinates"":[]}"
"243,9631","243,9631",1.1352889863804325,0.6872107579942496,4001.2736734566884,1,1.2841781477133438,0.14888916133291136,"{""type"":""MultiPoint"",""coordinates"":[]}"
"244,9631","244,9631",0.7966238889107815,0.48584251252617705,4045.408161843337,1,1.0701137201492843,0.27348983123850285,"{""type"":""MultiPoint"",""coordinates"":[]}"
"245,9631","245,9631",0.5726038359689829,0.4161726647438506,4089.5428895069526,1,0.6819837904785947,0.10937995450961177,"{""type"":""MultiPoint"",""coordinates"":[]}"
"246,9631","246,9631",0.31686023470366687,0.2449669276344496,4133.677854249192,1,0.4583737003340679,0.14151346563040104,"{""type"":""MultiPoint"",""coordinates"":[]}"
"247,9631","247,9631",0.24006629427804527,0.19178171849601844,4177.813056574493,1,0.375635887860866,0.13556959358282072,"{""type"":""MultiPoint"",""coordinates"":[]}"
"248,9631","248,9631",0.2105675917675925,0.1898970529846374,4221.948493622459,1,0.21746526322445758,0.0068976714568650815,"{""type"":""MultiPoint"",""coordinates"":[]}"
"249,9631","249,9631",0.516259875076199,0.39222783243355874,4266.084162066063,1,0.5911856006987657,0.07492572562256676,"{""type"":""MultiPoint"",""coordinates"":[]}"
"250,9631","250,9631",0.526181301280735,0.4093148911244776,4310.2200574290955,1,0.5665056770894586,0.040324375808723584,"{""type"":""MultiPoint"",""coordinates"":[]}"
"251,9631","251,9631",0.3453918149499909,0.2966852828611098,4354.356186707569,1,0.3453918149499909,0.0,"{""type"":""MultiPoint"",""coordinates"":[]}"
"252,9631","252,9631",0.26052833390011176,0.23153094569555396,4398.492540781401,1,0.26052833390011176,0.0,"{""type"":""MultiPoint"",""coordinates"":[]}"
"253,9631","253,9631",0.17878159837261454,0.16448136128501972,4442.62911107973,1,0.17878159837261454,0.0,"{""type"":""MultiPoint"",""coordinates"":[]}"
"254,9631","254,9631",0.0,0.0,4476.762810113666,0,0.0,0.0,"{""type"":""MultiPoint"",""coordinates"":[]}"
"255,9631","255,9631",0.0,0.0,4415.278750405712,0,0.0,0.0,"{""type"":""MultiPoint"",""coordinates"":[]}"
"256,9631","256,9631",0.008626942433518907,0.00858994300797209,4353.794279598694,1,0.008626942433518907,0.0,"{""type"":""MultiPoint"",""coordinates"":[]}"
"257,9631","257,9631",0.10493252644093504,0.09978427106095097,4292.309389029614,1,0.10493252644093504,0.0,"{""type"":""MultiPoint"",""coordinates"":[]}"
"258,9631","258,9631",0.0,0.0,4230.824085714938,0,0.0,0.0,"{""type"":""MultiPoint"",""coordinates"":[]}"
"259,9631","259,9631",0.0,0.0,4169.338367478413,0,0.0,0.0,"{""type"":""MultiPoint"",""coordinates"":[]}"
"260,9631","260,9631",0.0,0.0,4107.852243550693,0,0.0,0.0,"{""type"":""MultiPoint"",""coordinates"":[]}"
"261,9631","261,9631",0.0,0.0,4046.3657174865307,0,0.0,0.0,"{""type"":""MultiPoint"",""coordinates"":[]}"
"262,9631","262,9631",0.0232366630560124,0.022748217606035598,3926.2172840728886,1,0.03313419245815523,0.00989752940214283,"{""type"":""MultiPoint"",""coordinates"":[]}"
"263,9631","263,9631",0.49282865272236365,0.3054427653263597,3804.8154035946277,1,0.8724284723669214,0.3795998196445578,"{""type"":""MultiPoint"",""coordinates"":[]}"
"264,9631","264,9631",0.6027098188100202,0.2985716648379748,3683.412775848971,1,1.3349724111899934,0.7322625923799733,"{""type"":""MultiPoint"",""coordinates"":[]}"
"265,9631","265,9631",0.3926040886708989,0.27109912218632204,3562.009413328186,1,0.6533546273587806,0.26075053868788167,"{""type"":""MultiPoint"",""coordinates"":[]}"
"266,9631","266,9631",0.027946963306155693,0.027563573587419968,3440.605313955473,1,0.027946963306155693,0.0,"{""type"":""MultiPoint"",""coordinates"":[]}"
"267,9631","267,9631",0.0,0.0,3319.2005012317477,0,0.0,0.0,"{""type"":""MultiPoint"",""coordinates"":[]}"
"268,9631","268,9631",0.0,0.0,3197.7949631627484,0,0.0,0.0,"{""type"":""MultiPoint"",""coordinates"":[]}"
"269,9631","269,9631",0.0,0.0,3076.38870140801,0,0.0,0.0,"{""type"":""MultiPoint"",""coordinates"":[]}"
"270,9631","270,9631",0.0,0.0,2954.9817435440405,0,0.0,0.0,"{""type"":""MultiPoint"",""coordinates"":[]}"
"271,9631","271,9631",0.0,0.0,2833.574077675116,0,0.0,0.0,"{""type"":""MultiPoint"",""coordinates"":[]}"
"272,9631","272,9631",0.0,0.0,2712.1657208154706,0,0.0,0.0,"{""type"":""MultiPoint"",""coordinates"":[]}"
"273,9631","273,9631",0.0,0.0,2590.7566740598613,0,0.0,0.0,"{""type"":""MultiPoint"",""coordinates"":[]}"
"274,9631","274,9631",0.0,0.0,2469.3469441119023,0,0.0,0.0,"{""type"":""MultiPoint"",""coordinates"":[]}"
"275,9631","275,9631",0.0,0.0,2347.9365327940673,0,0.0,0.0,"{""type"":""MultiPoint"",""coordinates"":[]}"
"276,9631","276,9631",0.0,0.0,2226.5254510708164,0,0.0,0.0,"{""type"":""MultiPoint"",""coordinates"":[]}"
"277,9631","277,9631",0.0,0.0,2105.1137037625454,0,0.0,0.0,"{""type"":""MultiPoint"",""coordinates"":[]}"
"278,9631","278,9631",0.0,0.0,1983.7012920740972,0,0.0,0.0,"{""type"":""MultiPoint"",""coordinates"":[]}"
"279,9631","279,9631",0.0,0.0,1862.2882344085187,0,0.0,0.0,"{""type"":""MultiPoint"",""coordinates"":[]}"
"280,9631","280,9631",0.0,0.0,1740.8745257947874,0,0.0,0.0,"{""type"":""MultiPoint"",""coordinates"":[]}"
"281,9631","281,9631",0.0,0.0,1619.4601709167237,0,0.0,0.0,"{""type"":""MultiPoint"",""coordinates"":[]}"
"282,9631","282,9631",0.0,0.0,1498.0451856679927,0,0.0,0.0,"{""type"":""MultiPoint"",""coordinates"":[]}"
"283,9631","283,9631",0.0,0.0,1376.6295614140165,0,0.0,0.0,"{""type"":""MultiPoint"",""coordinates"":[]}"
"284,9631","284,9631",0.0,0.0,1255.2133206814278,0,0.0,0.0,"{""type"":""MultiPoint"",""coordinates"":[]}"
"285,9631","285,9631",0.0,0.0,1133.7964578210485,0,0.0,0.0,"{""type"":""MultiPoint"",""coordinates"":[]}"
"286,9631","286,9631",0.0,0.0,1012.3789899758281,0,0.0,0.0,"{""type"":""MultiPoint"",""coordinates"":[]}"
"287,9631","287,9631",0.0,0.0,890.9609096494609,0,0.0,0.0,"{""type"":""MultiPoint"",""coordinates"":[]}"
"288,9631","288,9631",0.0,0.0,769.5422190298785,0,0.0,0.0,"{""type"":""MultiPoint"",""coordinates"":[]}"
"289,9631","289,9631",0.06124098388272263,0.059438962854890476,648.1229457915834,1,0.06124098388272263,0.0,"{""type"":""MultiPoint"",""coordinates"":[]}"
"290,9631","290,9631",0.31585342268132055,0.27448544575856204,526.7030850020013,1,0.31585342268132055,0.0,"{""type"":""MultiPoint"",""coordinates"":[]}"
"291,9631","291,9631",0.4996268635722644,0.3606610415377045,405.2826349159194,1,0.6501059648872136,0.1504791013149492,"{""type"":""MultiPoint"",""coordinates"":[]}"
"292,9631","292,9631",0.4405397412198777,0.22470815170831093,337.09540219608436,1,1.1890097159346456,0.7484699747147678,"{""type"":""MultiPoint"",""coordinates"":[]}"
"293,9631","293,9631",0.8088068290970316,0.3241701379793709,406.1925348533066,1,1.9212216967277886,1.112414867630757,"{""type"":""MultiPoint"",""coordinates"":[]}"
"294,9631","294,9631",0.8357532534697281,0.30171454149453436,475.2900668547451,1,2.208871226808796,1.373117973339068,"{""type"":""MultiPoint"",""coordinates"":[]}"
"295,9631","295,9631",0.811097095512179,0.376431792810062,544.3880081190127,1,1.5856309237394353,0.7745338282272562,"{""type"":""MultiPoint"",""coordinates"":[]}"
"296,9631","296,9631",0.4981483033539463,0.3415028421951144,613.4863418941147,1,0.7219177190239395,0.22376941566999325,"{""type"":""MultiPoint"",""coordinates"":[]}"
"297,9631","297,9631",0.1908210596027498,0.17464303525902217,682.5850719862665,1,0.1908210596027498,0.0,"{""type"":""MultiPoint"",""coordinates"":[]}"
"298,9631","298,9631",0.024177997027468857,0.02389033673360023,751.6841828137945,1,0.024177997027468857,0.0,"{""type"":""MultiPoint"",""coordinates"":[]}"
"299,9631","299,9631",0.043748334942319236,0.042818401916812,820.7836934586651,1,0.043748334942319236,0.0,"{""type"":""MultiPoint"",""coordinates"":[]}"
"300,9631","300,9631",0.05858565029208224,0.0569337249862652,889.8835806022121,1,0.05858565029208224,0.0,"{""type"":""MultiPoint"",""coordinates"":[]}"
"301,9631","301,9631",0.19160980159656218,0.1753051673993286,958.9838455089935,1,0.19160980159656218,0.0,"{""type"":""MultiPoint"",""coordinates"":[]}"
"302,9631","302,9631",0.5570676580770695,0.44280434603561253,1028.0844854851434,1,0.5570676580770695,0.0,"{""type"":""MultiPoint"",""coordinates"":[]}"
"303,9631","303,9631",0.440151321449488,0.3647481924068591,1097.1855075511921,1,0.440151321449488,0.0,"{""type"":""MultiPoint"",""coordinates"":[]}"
"304,9631","304,9631",0.3344538564053677,0.26254627240768325,1166.2868960598723,1,0.4484213770833243,0.11396752067795664,"{""type"":""MultiPoint"",""coordinates"":[]}"
"305,9631","305,9631",0.374273339798825,0.2235293957629491,1235.3886564182378,1,0.8684834793547599,0.4942101395559349,"{""type"":""MultiPoint"",""coordinates"":[]}"
"306,9631","306,9631",0.6196726328153823,0.3895587329940165,1304.4907659384091,1,0.9206061880661829,0.30093355525080057,"{""type"":""MultiPoint"",""coordinates"":[]}"
"307,9631","307,9631",0.26826007540127694,0.16056441908423374,1373.593247023666,1,0.8084496806105398,0.5401896052092628,"{""type"":""MultiPoint"",""coordinates"":[]}"
"308,9631","308,9631",0.26254787214112985,0.14445576938468607,1442.6960817957022,1,0.9519300004955882,0.6893821283544583,"{""type"":""MultiPoint"",""coordinates"":[]}"
"309,9631","309,9631",0.4527720850318263,0.2297669178993521,1511.7992662768202,1,1.2056190218419245,0.7528469368100982,"{""type"":""MultiPoint"",""coordinates"":[]}"
"310,9631","310,9631",0.8644915504573858,0.4462383416921659,1580.9027983295182,1,1.401573606084003,0.5370820556266171,"{""type"":""MultiPoint"",""coordinates"":[]}"
"311,9631","311,9631",0.8506344470384288,0.4117972814536913,1650.0066850662347,1,1.5200888952503255,0.6694544482118967,"{""type"":""MultiPoint"",""coordinates"":[]}"
"312,9631","312,9631",0.38391630236919094,0.17538485200111276,1719.1109091144615,1,1.3865598763156142,1.0026435739464232,"{""type"":""MultiPoint"",""coordinates"":[]}"
"313,9631","313,9631",0.15186385130270974,0.04649533725570354,1788.2154750796788,1,2.342737110048278,2.1908732587455684,"{""type"":""MultiPoint"",""coordinates"":[]}"
"314,9631","314,9631",0.3615108596747869,0.10686010529280354,1857.3203706195343,1,2.567003304215327,2.20549244454054,"{""type"":""MultiPoint"",""coordinates"":[]}"
"315,9631","315,9631",0.5036327407541599,0.15016461685200966,1926.4256069310345,1,2.6119872350994595,2.1083544943452996,"{""type"":""MultiPoint"",""coordinates"":[]}"
"316,9631","316,9631",0.7068816069561357,0.1923390950577779,2067.594414670101,1,3.0399481240656767,2.333066517109541,"{""type"":""MultiPoint"",""coordinates"":[]}"
"317,9631","317,9631",0.7715500146532992,0.25051378695868065,2240.8257198680767,1,2.481735647795443,1.710185633142144,"{""type"":""MultiPoint"",""coordinates"":[]}"
"318,9631","318,9631",0.5852058017284414,0.19903628376874571,2414.057808977934,1,2.2424995149943077,1.6572937132658663,"{""type"":""MultiPoint"",""coordinates"":[]}"
"319,9631","319,9631",0.6361089701118179,0.2440443115295653,2587.290677465904,1,1.9375088445338766,1.3013998744220587,"{""type"":""MultiPoint"",""coordinates"":[]}"
"320,9631","320,9631",0.6649853117661935,0.33066060733503244,2760.524316607696,1,1.3618641975399568,0.6968788857737633,"{""type"":""MultiPoint"",""coordinates"":[]}"
"321,9631","321,9631",0.5682009855991147,0.4097484919382939,2933.7587214756886,1,0.6901547593423909,0.1219537737432762,"{""type"":""MultiPoint"",""coordinates"":[]}"
"322,9631","322,9631",0.290897384336871,0.2553376232962877,3106.9938782085046,1,0.290897384336871,0.0,"{""type"":""MultiPoint"",""coordinates"":[]}"
"323,9631","323,9631",0.03109386137189114,0.030620240049003617,3280.2297763310785,1,0.03109386137189114,0.0,"{""type"":""MultiPoint"",""coordinates"":[]}"
"324,9631","324,9631",0.0,0.0,3453.4664142184147,0,0.0,0.0,"{""type"":""MultiPoint"",""coordinates"":[]}"
"325,9631","325,9631",0.0,0.0,3626.703778605563,0,0.0,0.0,"{""type"":""MultiPoint"",""coordinates"":[]}"
"326,9631","326,9631",0.0,0.0,3799.9418678894936,0,0.0,0.0,"{""type"":""MultiPoint"",""coordinates"":[]}"
"327,9631","327,9631",0.0,0.0,3973.18066834431,0,0.0,0.0,"{""type"":""MultiPoint"",""coordinates"":[]}"
"328,9631","328,9631",0.0,0.0,4146.420172832078,0,0.0,0.0,"{""type"":""MultiPoint"",""coordinates"":[]}"
"329,9631","329,9631",0.0,0.0,4319.660370304058,0,0.0,0.0,"{""type"":""MultiPoint"",""coordinates"":[]}"
"330,9631","330,9631",0.0,0.0,4492.901250974739,0,0.0,0.0,"{""type"":""MultiPoint"",""coordinates"":[]}"
"331,9631","331,9631",0.0,0.0,4666.142812900945,0,0.0,0.0,"{""type"":""MultiPoint"",""coordinates"":[]}"
"332,9631","332,9631",0.0,0.0,4839.385043179598,0,0.0,0.0,"{""type"":""MultiPoint"",""coordinates"":[]}"
"333,9631","333,9631",-0.0037023929597489185,-0.0036955559732121356,5012.627936687026,1,0.0,0.0037023929597489185,"{""type"":""MultiPoint"",""coordinates"":[]}"
"334,9631","334,9631",-0.009672489104583182,-0.00826936127987915,5185.871484107382,1,0.16484831706014674,0.17452080616472992,"{""type"":""MultiPoint"",""coordinates"":[]}"
"335,9631","335,9631",0.056108222386659856,0.046902374857542506,5359.11567521694,1,0.22455019279953353,0.16844197041287368,"{""type"":""MultiPoint"",""coordinates"":[]}"
"336,9631","336,9631",0.021077834953696042,0.020858770315741338,5532.360503399006,1,0.021077834953696042,0.0,"{""type"":""MultiPoint"",""coordinates"":[]}"
"337,9631","337,9631",0.18550606062319822,0.17016973880312608,5705.605954728664,1,0.18550606062319822,0.0,"{""type"":""MultiPoint"",""coordinates"":[]}"
"338,9631","338,9631",0.4346976838945765,0.3609541537726616,5878.852029057973,1,0.4346976838945765,0.0,"{""type"":""MultiPoint"",""coordinates"":[]}"
"339,9631","339,9631",0.23539718755660807,0.2113925277323141,6041.011903508803,1,0.23539718755660807,0.0,"{""type"":""MultiPoint"",""coordinates"":[]}"
"340,9631","340,9631",0.0,0.0,5936.747626387402,0,0.0,0.0,"{""type"":""MultiPoint"",""coordinates"":[]}"
"341,9631","341,9631",0.0,0.0,5832.482851957415,0,0.0,0.0,"{""type"":""MultiPoint"",""coordinates"":[]}"
"342,9631","342,9631",0.0,0.0,5728.21758657383,0,0.0,0.0,"{""type"":""MultiPoint"",""coordinates"":[]}"
"343,9631","343,9631",0.0,0.0,5623.951841585332,0,0.0,0.0,"{""type"":""MultiPoint"",""coordinates"":[]}"
"344,9631","344,9631",0.0,0.0,5519.685607832274,0,0.0,0.0,"{""type"":""MultiPoint"",""coordinates"":[]}"
"345,9631","345,9631",0.0,0.0,5415.4189052813745,0,0.0,0.0,"{""type"":""MultiPoint"",""coordinates"":[]}"
"346,9631","346,9631",0.0,0.0,5311.1517267795225,0,0.0,0.0,"{""type"":""MultiPoint"",""coordinates"":[]}"
"347,9631","347,9631",0.0,0.0,5212.499242927953,0,0.0,0.0,"{""type"":""MultiPoint"",""coordinates"":[]}"
"348,9631","348,9631",0.0,0.0,5250.323059687257,0,0.0,0.0,"{""type"":""MultiPoint"",""coordinates"":[]}"
"349,9631","349,9631",0.0,0.0,5473.758025962094,0,0.0,0.0,"{""type"":""MultiPoint"",""coordinates"":[]}"
"350,9631","350,9631",0.0,0.0,5827.28498924838,0,0.0,0.0,"{""type"":""MultiPoint"",""coordinates"":[]}"
"351,9631","351,9631",0.0,0.0,6188.8949277076745,0,0.0,0.0,"{""type"":""MultiPoint"",""coordinates"":[]}"
"352,9631","352,9631",0.0,0.0,6550.506100675751,0,0.0,0.0,"{""type"":""MultiPoint"",""coordinates"":[]}"
"353,9631","353,9631",0.0,0.0,6912.118511431606,0,0.0,0.0,"{""type"":""MultiPoint"",""coordinates"":[]}"
"354,9631","354,9631",0.0,0.0,7192.273547000431,0,0.0,0.0,"{""type"":""MultiPoint"",""coordinates"":[]}"
"355,9631","355,9631",0.0,0.0,7195.546881044357,0,0.0,0.0,"{""type"":""MultiPoint"",""coordinates"":[]}"
"356,9631","356,9631",0.0,0.0,7198.820107438113,0,0.0,0.0,"{""type"":""MultiPoint"",""coordinates"":[]}"
"357,9631","357,9631",0.0,0.0,7202.093231255758,0,0.0,0.0,"{""type"":""MultiPoint"",""coordinates"":[]}"
"358,9631","358,9631",0.0,0.0,7205.366253546798,0,0.0,0.0,"{""type"":""MultiPoint"",""coordinates"":[]}"
"359,9631","359,9631",0.0,0.0,7208.639174758195,0,0.0,0.0,"{""type"":""MultiPoint"",""coordinates"":[]}"
"360,9631","360,9631",0.0,0.0,7211.9119811633445,0,0.0,0.0,"{""type"":""MultiPoint"",""coordinates"":[]}"
"361,9631","361,9631",0.0,0.0,7215.184692642967,0,0.0,0.0,"{""type"":""MultiPoint"",""coordinates"":[]}"
"362,9631","362,9631",0.0,0.0,7218.457292697127,0,0.0,0.0,"{""type"":""MultiPoint"",""coordinates"":[]}"
"363,9631","363,9631",0.0,0.0,7221.729782422559,0,0.0,0.0,"{""type"":""MultiPoint"",""coordinates"":[]}"
"364,9631","364,9631",0.0,0.0,7225.002176573105,0,0.0,0.0,"{""type"":""MultiPoint"",""coordinates"":[]}"
"365,9631","365,9631",0.0,0.0,7228.274464621042,0,0.0,0.0,"{""type"":""MultiPoint"",""coordinates"":[]}"
"366,9631","366,9631",0.0,0.0,7231.546645431211,0,0.0,0.0,"{""type"":""MultiPoint"",""coordinates"":[]}"
"367,9631","367,9631",0.0,0.0,7234.81871415625,0,0.0,0.0,"{""type"":""MultiPoint"",""coordinates"":[]}"
"368,9631","368,9631",0.0,0.0,7238.0906730847755,0,0.0,0.0,"{""type"":""MultiPoint"",""coordinates"":[]}"
"369,9631","369,9631",0.0,0.0,7241.362537956488,0,0.0,0.0,"{""type"":""MultiPoint"",""coordinates"":[]}"
"370,9631","370,9631",0.0,0.0,7244.634292975442,0,0.0,0.0,"{""type"":""MultiPoint"",""coordinates"":[]}"
"371,9631","371,9631",0.0,0.0,7247.905935064344,0,0.0,0.0,"{""type"":""MultiPoint"",""coordinates"":[]}"
"372,9631","372,9631",0.0,0.0,7251.1774800505855,0,0.0,0.0,"{""type"":""MultiPoint"",""coordinates"":[]}"
"373,9631","373,9631",0.0,0.0,7254.448906037446,0,0.0,0.0,"{""type"":""MultiPoint"",""coordinates"":[]}"
"374,9631","374,9631",0.0,0.0,7257.720231587527,0,0.0,0.0,"{""type"":""MultiPoint"",""coordinates"":[]}"
"375,9631","375,9631",0.0,0.0,7260.991452871686,0,0.0,0.0,"{""type"":""MultiPoint"",""coordinates"":[]}"
"376,9631","376,9631",0.0,0.0,7264.262561359033,0,0.0,0.0,"{""type"":""MultiPoint"",""coordinates"":[]}"
"377,9631","377,9631",0.0,0.0,7267.533565428948,0,0.0,0.0,"{""type"":""MultiPoint"",""coordinates"":[]}"
"378,9631","378,9631",0.0,0.0,7270.804459609532,0,0.0,0.0,"{""type"":""MultiPoint"",""coordinates"":[]}"
"379,9631","379,9631",0.0,0.0,7274.075246338047,0,0.0,0.0,"{""type"":""MultiPoint"",""coordinates"":[]}"
"380,9631","380,9631",0.0,0.0,7277.3459265439815,0,0.0,0.0,"{""type"":""MultiPoint"",""coordinates"":[]}"
"381,9631","381,9631",0.0,0.0,7280.616497892713,0,0.0,0.0,"{""type"":""MultiPoint"",""coordinates"":[]}"
"382,9631","382,9631",0.0,0.0,7283.886959521039,0,0.0,0.0,"{""type"":""MultiPoint"",""coordinates"":[]}"
"383,9631","383,9631",0.0,0.0,7287.157318742207,0,0.0,0.0,"{""type"":""MultiPoint"",""coordinates"":[]}"
"384,9631","384,9631",0.0,0.0,7290.427564691725,0,0.0,0.0,"{""type"":""MultiPoint"",""coordinates"":[]}"
"385,9631","385,9631",0.0,0.0,7293.6976975460275,0,0.0,0.0,"{""type"":""MultiPoint"",""coordinates"":[]}"
"386,9631","386,9631",0.0,0.0,7296.967719102499,0,0.0,0.0,"{""type"":""MultiPoint"",""coordinates"":[]}"
"387,9631","387,9631",0.0,0.0,7300.237635785325,0,0.0,0.0,"{""type"":""MultiPoint"",""coordinates"":[]}"
"388,9631","388,9631",0.0,0.0,7303.507450945769,0,0.0,0.0,"{""type"":""MultiPoint"",""coordinates"":[]}"
"389,9631","389,9631",0.0,0.0,7306.777149472526,0,0.0,0.0,"{""type"":""MultiPoint"",""coordinates"":[]}"
"390,9631","390,9631",0.0,0.0,7310.046744014077,0,0.0,0.0,"{""type"":""MultiPoint"",""coordinates"":[]}"
"391,9631","391,9631",0.0,0.0,7313.316220920563,0,0.0,0.0,"{""type"":""MultiPoint"",""coordinates"":[]}"
"392,9631","392,9631",0.0,0.0,7316.585583996856,0,0.0,0.0,"{""type"":""MultiPoint"",""coordinates"":[]}"
"393,9631","393,9631",0.0,0.0,7319.854845999476,0,0.0,0.0,"{""type"":""MultiPoint"",""coordinates"":[]}"
"394,9631","394,9631",0.0,0.0,7323.12399333968,0,0.0,0.0,"{""type"":""MultiPoint"",""coordinates"":[]}"
"395,9631","395,9631",0.0,0.0,7326.393031263373,0,0.0,0.0,"{""type"":""MultiPoint"",""coordinates"":[]}"
"396,9631","396,9631",0.0,0.0,7329.6619586463685,0,0.0,0.0,"{""type"":""MultiPoint"",""coordinates"":[]}"
"397,9631","397,9631",0.0,0.0,7332.930769418803,0,0.0,0.0,"{""type"":""MultiPoint"",""coordinates"":[]}"
"398,9631","398,9631",0.0,0.0,7336.199480155728,0,0.0,0.0,"{""type"":""MultiPoint"",""coordinates"":[]}"
"399,9631","399,9631",0.0,0.0,7339.4680740889,0,0.0,0.0,"{""type"":""MultiPoint"",""coordinates"":[]}"
"400,9631","400,9631",0.0,0.0,7342.736550142183,0,0.0,0.0,"{""type"":""MultiPoint"",""coordinates"":[]}"
"401,9631","401,9631",0.0,0.0,7346.004924969449,0,0.0,0.0,"{""type"":""MultiPoint"",""coordinates"":[]}"
"402,9631","402,9631",0.0,0.0,7349.27317806387,0,0.0,0.0,"{""type"":""MultiPoint"",""coordinates"":[]}"
"403,9631","403,9631",0.0,0.0,7353.516391952513,0,0.0,0.0,"{""type"":""MultiPoint"",""coordinates"":[]}"
"404,9631","404,9631",0.0,0.0,7440.58779511544,0,0.0,0.0,"{""type"":""MultiPoint"",""coordinates"":[]}"
"405,9631","405,9631",0.0,0.0,7658.431141744475,0,0.0,0.0,"{""type"":""MultiPoint"",""coordinates"":[]}"
"406,9631","406,9631",0.0,0.0,7995.42429411671,0,0.0,0.0,"{""type"":""MultiPoint"",""coordinates"":[]}"
"407,9631","407,9631",0.0,0.0,8373.957235280523,0,0.0,0.0,"{""type"":""MultiPoint"",""coordinates"":[]}"
"408,9631","408,9631",0.0,0.0,8752.490913883521,0,0.0,0.0,"{""type"":""MultiPoint"",""coordinates"":[]}"
"409,9631","409,9631",0.0,0.0,9131.025317811504,0,0.0,0.0,"{""type"":""MultiPoint"",""coordinates"":[]}"
"410,9631","410,9631",0.0,0.0,9509.560421918424,0,0.0,0.0,"{""type"":""MultiPoint"",""coordinates"":[]}"
"411,9631","411,9631",0.0,0.0,9888.096222973714,0,0.0,0.0,"{""type"":""MultiPoint"",""coordinates"":[]}"
"412,9631","412,9631",0.0,0.0,10266.632676808997,0,0.0,0.0,"{""type"":""MultiPoint"",""coordinates"":[]}"
"442,9631","442,9631",0.0,0.0,10611.226831472053,0,0.0,0.0,"{""type"":""MultiPoint"",""coordinates"":[]}"
"443,9631","443,9631",0.0,0.0,10119.73578057549,0,0.0,0.0,"{""type"":""MultiPoint"",""coordinates"":[]}"
"444,9631","444,9631",0.0,0.0,9628.243891967175,0,0.0,0.0,"{""type"":""MultiPoint"",""coordinates"":[]}"
"445,9631","445,9631",0.0,0.0,9136.751186885294,0,0.0,0.0,"{""type"":""MultiPoint"",""coordinates"":[]}"
"446,9631","446,9631",0.0,0.0,8645.25768825581,0,0.0,0.0,"{""type"":""MultiPoint"",""coordinates"":[]}"
"447,9631","447,9631",0.0,0.0,8153.763418045234,0,0.0,0.0,"{""type"":""MultiPoint"",""coordinates"":[]}"
"448,9631","448,9631",0.0,0.0,7673.394033790239,0,0.0,0.0,"{""type"":""MultiPoint"",""coordinates"":[]}"
"449,9631","449,9631",0.0,0.0,7285.182522399132,0,0.0,0.0,"{""type"":""MultiPoint"",""coordinates"":[]}"
"450,9631","450,9631",-0.0010000363509437555,-9.995366477119451E-4,7019.132397856501,1,0.0,0.0010000363509437555,"{""type"":""MultiPoint"",""coordinates"":[]}"
"451,9631","451,9631",-0.0035173990850306,-0.0034690678539603687,6889.409393623512,1,0.012174368531065983,0.015691767616096582,"{""type"":""MultiPoint"",""coordinates"":[]}"
"452,9631","452,9631",0.0040218985379223676,0.003962372403044329,6903.701949937599,1,0.017035129466522875,0.013013230928600508,"{""type"":""MultiPoint"",""coordinates"":[]}"
"453,9631","453,9631",0.0,0.0,7061.136272654845,0,0.0,0.0,"{""type"":""MultiPoint"",""coordinates"":[]}"
"454,9631","454,9631",0.0,0.0,7352.524978145339,0,0.0,0.0,"{""type"":""MultiPoint"",""coordinates"":[]}"
"455,9631","455,9631",0.0,0.0,7762.800418566231,0,0.0,0.0,"{""type"":""MultiPoint"",""coordinates"":[]}"
"456,9631","456,9631",0.0,0.0,8274.298653853975,0,0.0,0.0,"{""type"":""MultiPoint"",""coordinates"":[]}"
"457,9631","457,9631",0.0,0.0,8869.525997048337,0,0.0,0.0,"{""type"":""MultiPoint"",""coordinates"":[]}"
"458,9631","458,9631",0.0,0.0,9532.81204978311,0,0.0,0.0,"{""type"":""MultiPoint"",""coordinates"":[]}"
"459,9631","459,9631",0.0,0.0,10250.954595360061,0,0.0,0.0,"{""type"":""MultiPoint"",""coordinates"":[]}"
"233,9632","233,9632",0.07111676066245846,0.0687018057497239,10315.785847183615,1,0.07111676066245846,0.0,"{""type"":""MultiPoint"",""coordinates"":[]}"
"234,9632","234,9632",0.1884837481630273,0.17267833348231895,9451.761169853888,1,0.1884837481630273,0.0,"{""type"":""MultiPoint"",""coordinates"":[]}"
"235,9632","235,9632",0.48085325201726353,0.3751146299608254,8617.085261860248,1,0.5373062428192159,0.05645299080195236,"{""type"":""MultiPoint"",""coordinates"":[]}"
"236,9632","236,9632",0.4710241599927005,0.2732350689394363,7821.162858702785,1,0.9701026482635164,0.49907848827081597,"{""type"":""MultiPoint"",""coordinates"":[]}"
"237,9632","237,9632",0.46348132383343277,0.14051226334936517,7077.084313604239,1,2.5356774962448934,2.0721961724114606,"{""type"":""MultiPoint"",""coordinates"":[]}"
"238,9632","238,9632",1.408387014471575,0.5589702221843441,6402.952528170061,1,2.289068360970177,0.8806813464986021,"{""type"":""MultiPoint"",""coordinates"":[]}"
"239,9632","239,9632",1.3831456513259792,0.7376390891420729,5823.114258267211,1,1.6509316113634607,0.2677859600374815,"{""type"":""MultiPoint"",""coordinates"":[]}"
"240,9632","240,9632",1.1213329226263793,0.71625958446689,5368.213992620941,1,1.192571381574629,0.07123845894824979,"{""type"":""MultiPoint"",""coordinates"":[]}"
"241,9632","241,9632",0.8421991975748376,0.6109600739920736,5071.981259895135,1,0.8421991975748376,0.0,"{""type"":""MultiPoint"",""coordinates"":[]}"
"242,9632","242,9632",0.8030655960335511,0.5592889794825676,4962.910207233518,1,0.8746367204066825,0.07157112437313143,"{""type"":""MultiPoint"",""coordinates"":[]}"
"243,9632","243,9632",0.9278277028895162,0.6552739703138896,4999.873543299104,1,0.9301586429721088,0.00233094008259258,"{""type"":""MultiPoint"",""coordinates"":[]}"
"244,9632","244,9632",0.6691304507014686,0.504505138366056,5044.014355191537,1,0.6888887298433748,0.019758279141906185,"{""type"":""MultiPoint"",""coordinates"":[]}"
"245,9632","245,9632",0.20818418557819438,0.18911855939515237,5088.155382204568,1,0.20818418557819438,0.0,"{""type"":""MultiPoint"",""coordinates"":[]}"
"246,9632","246,9632",0.14417289002082648,0.13468200917955736,5132.296634954561,1,0.14417289002082648,0.0,"{""type"":""MultiPoint"",""coordinates"":[]}"
"247,9632","247,9632",0.13409569897811027,0.12583559237812544,5176.438091386419,1,0.13409569897811027,0.0,"{""type"":""MultiPoint"",""coordinates"":[]}"
"248,9632","248,9632",0.11695295579942148,0.11060440263739824,5220.579762448445,1,0.11695295579942148,0.0,"{""type"":""MultiPoint"",""coordinates"":[]}"
"249,9632","249,9632",0.2519505187652003,0.2247027501438668,5264.721635581137,1,0.2519505187652003,0.0,"{""type"":""MultiPoint"",""coordinates"":[]}"
"250,9632","250,9632",0.32513944532008876,0.28151769565167145,5308.863722054814,1,0.32513944532008876,0.0,"{""type"":""MultiPoint"",""coordinates"":[]}"
"251,9632","251,9632",0.10242488136376379,0.09751219120013412,5353.006004010478,1,0.10242488136376379,0.0,"{""type"":""MultiPoint"",""coordinates"":[]}"
"252,9632","252,9632",0.01743714207584418,0.017286859596708847,5397.148494336345,1,0.01743714207584418,0.0,"{""type"":""MultiPoint"",""coordinates"":[]}"
"253,9632","253,9632",0.0,0.0,5441.291177364661,0,0.0,0.0,"{""type"":""MultiPoint"",""coordinates"":[]}"
"254,9632","254,9632",0.0,0.0,5474.513643419282,0,0.0,0.0,"{""type"":""MultiPoint"",""coordinates"":[]}"
"255,9632","255,9632",0.0,0.0,5413.035633926811,0,0.0,0.0,"{""type"":""MultiPoint"",""coordinates"":[]}"
"256,9632","256,9632",0.0,0.0,5351.55718193698,0,0.0,0.0,"{""type"":""MultiPoint"",""coordinates"":[]}"
"257,9632","257,9632",0.0,0.0,5290.078291226477,0,0.0,0.0,"{""type"":""MultiPoint"",""coordinates"":[]}"
"258,9632","258,9632",0.0,0.0,5228.5989559237105,0,0.0,0.0,"{""type"":""MultiPoint"",""coordinates"":[]}"
"259,9632","259,9632",0.0,0.0,5167.119192042628,0,0.0,0.0,"{""type"":""MultiPoint"",""coordinates"":[]}"
"260,9632","260,9632",0.0,0.0,5105.638997528366,0,0.0,0.0,"{""type"":""MultiPoint"",""coordinates"":[]}"
"261,9632","261,9632",0.0,0.0,5039.906014903351,0,0.0,0.0,"{""type"":""MultiPoint"",""coordinates"":[]}"
"262,9632","262,9632",0.006631612522553092,0.006609720114905018,4918.51071811722,1,0.006631612522553092,0.0,"{""type"":""MultiPoint"",""coordinates"":[]}"
"263,9632","263,9632",0.16471275187110246,0.14284195201286415,4797.11465200965,1,0.23742824739278992,0.07271549552168748,"{""type"":""MultiPoint"",""coordinates"":[]}"
"264,9632","264,9632",0.11763304910839434,0.08101762491274228,4675.7178208039295,1,0.5115545683935897,0.39392151928519537,"{""type"":""MultiPoint"",""coordinates"":[]}"
"265,9632","265,9632",0.20271954013173563,0.15761358638329517,4554.3202186674325,1,0.39020190033630725,0.18748236020457162,"{""type"":""MultiPoint"",""coordinates"":[]}"
"266,9632","266,9632",0.0,0.0,4432.9218714381495,0,0.0,0.0,"{""type"":""MultiPoint"",""coordinates"":[]}"
"267,9632","267,9632",0.0,0.0,4311.522770480332,0,0.0,0.0,"{""type"":""MultiPoint"",""coordinates"":[]}"
"268,9632","268,9632",0.0,0.0,4190.122928090421,0,0.0,0.0,"{""type"":""MultiPoint"",""coordinates"":[]}"
"269,9632","269,9632",0.0,0.0,4068.7223421919043,0,0.0,0.0,"{""type"":""MultiPoint"",""coordinates"":[]}"
"270,9632","270,9632",0.0,0.0,3947.32102773724,0,0.0,0.0,"{""type"":""MultiPoint"",""coordinates"":[]}"
"271,9632","271,9632",0.0,0.0,3825.918986576033,0,0.0,0.0,"{""type"":""MultiPoint"",""coordinates"":[]}"
"272,9632","272,9632",0.0,0.0,3704.5162264988203,0,0.0,0.0,"{""type"":""MultiPoint"",""coordinates"":[]}"
"273,9632","273,9632",0.0,0.0,3583.112756960811,0,0.0,0.0,"{""type"":""MultiPoint"",""coordinates"":[]}"
"274,9632","274,9632",0.0,0.0,3461.708571288878,0,0.0,0.0,"{""type"":""MultiPoint"",""coordinates"":[]}"
"275,9632","275,9632",0.0,0.0,3340.3036935623736,0,0.0,0.0,"{""type"":""MultiPoint"",""coordinates"":[]}"
"276,9632","276,9632",0.0,0.0,3218.8981145986145,0,0.0,0.0,"{""type"":""MultiPoint"",""coordinates"":[]}"
"277,9632","277,9632",0.0,0.0,3097.4918396141325,0,0.0,0.0,"{""type"":""MultiPoint"",""coordinates"":[]}"
"278,9632","278,9632",0.0,0.0,2976.0848901933873,0,0.0,0.0,"{""type"":""MultiPoint"",""coordinates"":[]}"
"279,9632","279,9632",0.0,0.0,2854.677250336599,0,0.0,0.0,"{""type"":""MultiPoint"",""coordinates"":[]}"
"280,9632","280,9632",0.0,0.0,2733.268945680623,0,0.0,0.0,"{""type"":""MultiPoint"",""coordinates"":[]}"
"281,9632","281,9632",0.0,0.0,2611.8599768132926,0,0.0,0.0,"{""type"":""MultiPoint"",""coordinates"":[]}"
"282,9632","282,9632",0.0,0.0,2490.4503497847627,0,0.0,0.0,"{""type"":""MultiPoint"",""coordinates"":[]}"
"283,9632","283,9632",0.0,0.0,2369.0400657717673,0,0.0,0.0,"{""type"":""MultiPoint"",""coordinates"":[]}"
"284,9632","284,9632",0.0,0.0,2247.6291312266726,0,0.0,0.0,"{""type"":""MultiPoint"",""coordinates"":[]}"
"285,9632","285,9632",0.0,0.0,2126.2175569139126,0,0.0,0.0,"{""type"":""MultiPoint"",""coordinates"":[]}"
"286,9632","286,9632",0.0,0.0,2004.8053377580873,0,0.0,0.0,"{""type"":""MultiPoint"",""coordinates"":[]}"
"287,9632","287,9632",0.0,0.0,1883.3924890684757,0,0.0,0.0,"{""type"":""MultiPoint"",""coordinates"":[]}"
"288,9632","288,9632",0.0,0.0,1761.9790221299982,0,0.0,0.0,"{""type"":""MultiPoint"",""coordinates"":[]}"
"289,9632","289,9632",0.0,0.0,1640.5649364242618,0,0.0,0.0,"{""type"":""MultiPoint"",""coordinates"":[]}"
"290,9632","290,9632",0.06516948490441102,0.06313392725515732,1519.150228664944,1,0.06516948490441102,0.0,"{""type"":""MultiPoint"",""coordinates"":[]}"
"291,9632","291,9632",0.15609590158070602,0.13849438908525846,1397.7349272064089,1,0.20694079058729623,0.05084488900659019,"{""type"":""MultiPoint"",""coordinates"":[]}"
"292,9632","292,9632",0.4670874965313362,0.30641347583490386,1334.5612187711108,1,0.7698219073553607,0.3027344108240245,"{""type"":""MultiPoint"",""coordinates"":[]}"
"293,9632","293,9632",0.8459033227773847,0.45391029033679203,1403.6634601616754,1,1.318430761904827,0.4725274391274424,"{""type"":""MultiPoint"",""coordinates"":[]}"
"294,9632","294,9632",0.7495909707609567,0.40282987447955465,1472.7660789083523,1,1.2607035896874128,0.5111126189264561,"{""type"":""MultiPoint"",""coordinates"":[]}"
"295,9632","295,9632",0.5334993137480462,0.30849259336393736,1541.869066696676,1,1.0098177907503632,0.47631847700231694,"{""type"":""MultiPoint"",""coordinates"":[]}"
"296,9632","296,9632",0.5837481168466649,0.4287398673802004,1610.972441126744,1,0.6742106015700609,0.09046248472339595,"{""type"":""MultiPoint"",""coordinates"":[]}"
"297,9632","297,9632",0.45674403453220247,0.376203831980115,1680.0761799945806,1,0.45674403453220247,0.0,"{""type"":""MultiPoint"",""coordinates"":[]}"
"298,9632","298,9632",0.1959140995032575,0.17891082979122208,1749.1802887692343,1,0.1959140995032575,0.0,"{""type"":""MultiPoint"",""coordinates"":[]}"
"299,9632","299,9632",0.5309398059111533,0.42588179905817347,1818.2847484266188,1,0.5309398059111533,0.0,"{""type"":""MultiPoint"",""coordinates"":[]}"
"300,9632","300,9632",0.5871695226920376,0.4523552366774676,1887.3895738456229,1,0.6136712097683149,0.026501687076277362,"{""type"":""MultiPoint"",""coordinates"":[]}"
"301,9632","301,9632",0.4301311100437625,0.34522294842321216,1956.494760869897,1,0.4733669789227312,0.04323586887896877,"{""type"":""MultiPoint"",""coordinates"":[]}"
"302,9632","302,9632",0.6913586626118231,0.45095125453112006,2025.6002902106359,1,0.9046841943069921,0.21332553169516894,"{""type"":""MultiPoint"",""coordinates"":[]}"
"303,9632","303,9632",0.540904679125767,0.343075976760981,2094.706167009873,1,0.8625187090348257,0.32161402990905874,"{""type"":""MultiPoint"",""coordinates"":[]}"
"304,9632","304,9632",0.36203900673618056,0.2367711212743796,2163.8123953574145,1,0.7172236196594696,0.355184612923289,"{""type"":""MultiPoint"",""coordinates"":[]}"
"305,9632","305,9632",0.1851333496862484,0.08141236655437045,2232.918963231626,1,1.3678425468300304,1.182709197143782,"{""type"":""MultiPoint"",""coordinates"":[]}"
"306,9632","306,9632",0.4233816037439323,0.21563202796756165,2302.0258759644225,1,1.1827376902307554,0.7593560864868231,"{""type"":""MultiPoint"",""coordinates"":[]}"
"307,9632","307,9632",0.007990045560764769,0.005013932949091415,2371.1331143419143,1,0.597566851664529,0.5895768061037643,"{""type"":""MultiPoint"",""coordinates"":[]}"
"308,9632","308,9632",0.14866286662279393,0.09991722072771969,2440.2406872190986,1,0.5634293652632658,0.4147664986404719,"{""type"":""MultiPoint"",""coordinates"":[]}"
"309,9632","309,9632",0.27748841006329866,0.18283806468079794,2509.3485907954578,1,0.6606428920018065,0.3831544819385078,"{""type"":""MultiPoint"",""coordinates"":[]}"
"310,9632","310,9632",0.662915288341084,0.3903145208902115,2578.4568226380443,1,1.0513782976707595,0.3884630093296755,"{""type"":""MultiPoint"",""coordinates"":[]}"
"311,9632","311,9632",0.8584014661820935,0.5274758948119359,2647.565365241924,1,1.0941348106945918,0.23573334451249842,"{""type"":""MultiPoint"",""coordinates"":[]}"
"312,9632","312,9632",0.3149158683098797,0.1792601732744274,2716.6742334191717,1,0.918912857216794,0.6039969889069143,"{""type"":""MultiPoint"",""coordinates"":[]}"
"313,9632","313,9632",0.1758945853914311,0.06948619039103743,2785.7834227077947,1,1.6203260546932312,1.4444314693018,"{""type"":""MultiPoint"",""coordinates"":[]}"
"314,9632","314,9632",0.6470111413681008,0.19213553500537395,2854.8929153015024,1,2.701331245474831,2.05432010410673,"{""type"":""MultiPoint"",""coordinates"":[]}"
"315,9632","315,9632",0.9575767384099689,0.3024351112938455,2924.0027149862553,1,2.66910751133844,1.711530772928471,"{""type"":""MultiPoint"",""coordinates"":[]}"
"316,9632","316,9632",1.1495111519613863,0.418896578835943,3052.4493714855644,1,2.358906602127088,1.2093954501657016,"{""type"":""MultiPoint"",""coordinates"":[]}"
"317,9632","317,9632",0.9021144296338504,0.3908002474441905,3225.685138481162,1,1.7887389073953959,0.8866244777615455,"{""type"":""MultiPoint"",""coordinates"":[]}"
"318,9632","318,9632",0.600741679666499,0.29497331066619725,3398.9216600284676,1,1.3517130957366772,0.7509714160701781,"{""type"":""MultiPoint"",""coordinates"":[]}"
"319,9632","319,9632",0.5516939910554847,0.3090598148766415,3572.1589495121666,1,1.0751051973602708,0.5234112063047861,"{""type"":""MultiPoint"",""coordinates"":[]}"
"320,9632","320,9632",0.6064997757873755,0.40623032262755077,3745.3969813000076,1,0.816720029788266,0.21022025400089048,"{""type"":""MultiPoint"",""coordinates"":[]}"
"321,9632","321,9632",0.4660341500112309,0.3825608978802033,3918.635752983259,1,0.4660341500112309,0.0,"{""type"":""MultiPoint"",""coordinates"":[]}"
"322,9632","322,9632",0.2745774198986896,0.2426146882999703,4091.8752466986507,1,0.2745774198986896,0.0,"{""type"":""MultiPoint"",""coordinates"":[]}"
"323,9632","323,9632",0.05383014826946062,0.05243128748370249,4265.115473866222,1,0.05383014826946062,0.0,"{""type"":""MultiPoint"",""coordinates"":[]}"
"324,9632","324,9632",0.0,0.0,4438.356408051607,0,0.0,0.0,"{""type"":""MultiPoint"",""coordinates"":[]}"
"325,9632","325,9632",0.08397769269109692,0.08063732410746005,4611.598052628979,1,0.08397769269109692,0.0,"{""type"":""MultiPoint"",""coordinates"":[]}"
"326,9632","326,9632",0.0,0.0,4784.840390136909,0,0.0,0.0,"{""type"":""MultiPoint"",""coordinates"":[]}"
"327,9632","327,9632",0.0,0.0,4958.083409789166,0,0.0,0.0,"{""type"":""MultiPoint"",""coordinates"":[]}"
"328,9632","328,9632",0.0,0.0,5131.327116728495,0,0.0,0.0,"{""type"":""MultiPoint"",""coordinates"":[]}"
"329,9632","329,9632",0.0,0.0,5304.571496621674,0,0.0,0.0,"{""type"":""MultiPoint"",""coordinates"":[]}"
"330,9632","330,9632",0.0,0.0,5477.816532776144,0,0.0,0.0,"{""type"":""MultiPoint"",""coordinates"":[]}"
"331,9632","331,9632",0.0,0.0,5651.062232151302,0,0.0,0.0,"{""type"":""MultiPoint"",""coordinates"":[]}"
"332,9632","332,9632",0.0,0.0,5824.308576504298,0,0.0,0.0,"{""type"":""MultiPoint"",""coordinates"":[]}"
"333,9632","333,9632",-0.03730940926044336,-0.03663025432980736,5997.555548993222,1,0.0,0.03730940926044336,"{""type"":""MultiPoint"",""coordinates"":[]}"
"334,9632","334,9632",-0.1822507809592436,-0.1674200631119353,6170.803155549251,1,0.0,0.1822507809592436,"{""type"":""MultiPoint"",""coordinates"":[]}"
"335,9632","335,9632",0.0,0.0,6344.05137945199,0,0.0,0.0,"{""type"":""MultiPoint"",""coordinates"":[]}"
"336,9632","336,9632",0.026173781450480636,0.025837110037853533,6517.300219749288,1,0.026173781450480636,0.0,"{""type"":""MultiPoint"",""coordinates"":[]}"
"337,9632","337,9632",0.0,0.0,6690.549672116727,0,0.0,0.0,"{""type"":""MultiPoint"",""coordinates"":[]}"
"338,9632","338,9632",0.0,0.0,6863.799707829252,0,0.0,0.0,"{""type"":""MultiPoint"",""coordinates"":[]}"
"339,9632","339,9632",0.0,0.0,7035.633072709991,0,0.0,0.0,"{""type"":""MultiPoint"",""coordinates"":[]}"
"340,9632","340,9632",0.0,0.0,6931.372729440184,0,0.0,0.0,"{""type"":""MultiPoint"",""coordinates"":[]}"
"341,9632","341,9632",0.0,0.0,6827.111867680571,0,0.0,0.0,"{""type"":""MultiPoint"",""coordinates"":[]}"
"342,9632","342,9632",0.0,0.0,6722.85048298235,0,0.0,0.0,"{""type"":""MultiPoint"",""coordinates"":[]}"
"343,9632","343,9632",0.0,0.0,6618.588586992595,0,0.0,0.0,"{""type"":""MultiPoint"",""coordinates"":[]}"
"344,9632","344,9632",0.0,0.0,6514.326189885834,0,0.0,0.0,"{""type"":""MultiPoint"",""coordinates"":[]}"
"345,9632","345,9632",0.0,0.0,6410.0632933905545,0,0.0,0.0,"{""type"":""MultiPoint"",""coordinates"":[]}"
"346,9632","346,9632",0.0,0.0,6305.799898558935,0,0.0,0.0,"{""type"":""MultiPoint"",""coordinates"":[]}"
"347,9632","347,9632",0.0,0.0,6211.1889457656325,0,0.0,0.0,"{""type"":""MultiPoint"",""coordinates"":[]}"
"348,9632","348,9632",0.0,0.0,6242.968434434955,0,0.0,0.0,"{""type"":""MultiPoint"",""coordinates"":[]}"
"349,9632","349,9632",0.0,0.0,6432.015933742644,0,0.0,0.0,"{""type"":""MultiPoint"",""coordinates"":[]}"
"350,9632","350,9632",0.0,0.0,6759.744392416854,0,0.0,0.0,"{""type"":""MultiPoint"",""coordinates"":[]}"
"351,9632","351,9632",0.0,0.0,7121.357798369158,0,0.0,0.0,"{""type"":""MultiPoint"",""coordinates"":[]}"
"352,9632","352,9632",0.0,0.0,7482.972441599759,0,0.0,0.0,"{""type"":""MultiPoint"",""coordinates"":[]}"
"353,9632","353,9632",0.0,0.0,7844.588296505518,0,0.0,0.0,"{""type"":""MultiPoint"",""coordinates"":[]}"
"354,9632","354,9632",0.0,0.0,8192.395116996837,0,0.0,0.0,"{""type"":""MultiPoint"",""coordinates"":[]}"
"355,9632","355,9632",0.0,0.0,8195.67203645806,0,0.0,0.0,"{""type"":""MultiPoint"",""coordinates"":[]}"
"356,9632","356,9632",0.0,0.0,8198.948838007316,0,0.0,0.0,"{""type"":""MultiPoint"",""coordinates"":[]}"
"357,9632","357,9632",0.0,0.0,8202.225506244611,0,0.0,0.0,"{""type"":""MultiPoint"",""coordinates"":[]}"
"358,9632","358,9632",0.0,0.0,8205.50204117115,0,0.0,0.0,"{""type"":""MultiPoint"",""coordinates"":[]}"
"359,9632","359,9632",0.0,0.0,8208.778445608346,0,0.0,0.0,"{""type"":""MultiPoint"",""coordinates"":[]}"
"360,9632","360,9632",0.0,0.0,8212.05472600774,0,0.0,0.0,"{""type"":""MultiPoint"",""coordinates"":[]}"
"361,9632","361,9632",0.0,0.0,8215.330872152857,0,0.0,0.0,"{""type"":""MultiPoint"",""coordinates"":[]}"
"362,9632","362,9632",0.0,0.0,8218.606892632575,0,0.0,0.0,"{""type"":""MultiPoint"",""coordinates"":[]}"
"363,9632","363,9632",0.0,0.0,8221.882784958028,0,0.0,0.0,"{""type"":""MultiPoint"",""coordinates"":[]}"
"364,9632","364,9632",0.0,0.0,8225.158540280676,0,0.0,0.0,"{""type"":""MultiPoint"",""coordinates"":[]}"
"365,9632","365,9632",0.0,0.0,8228.434165519164,0,0.0,0.0,"{""type"":""MultiPoint"",""coordinates"":[]}"
"366,9632","366,9632",0.0,0.0,8231.709662364541,0,0.0,0.0,"{""type"":""MultiPoint"",""coordinates"":[]}"
"367,9632","367,9632",0.0,0.0,8234.985027526636,0,0.0,0.0,"{""type"":""MultiPoint"",""coordinates"":[]}"
"368,9632","368,9632",0.0,0.0,8238.260267784308,0,0.0,0.0,"{""type"":""MultiPoint"",""coordinates"":[]}"
"369,9632","369,9632",0.0,0.0,8241.535369871488,0,0.0,0.0,"{""type"":""MultiPoint"",""coordinates"":[]}"
"370,9632","370,9632",0.0,0.0,8244.810342459796,0,0.0,0.0,"{""type"":""MultiPoint"",""coordinates"":[]}"
"371,9632","371,9632",0.0,0.0,8248.085186523092,0,0.0,0.0,"{""type"":""MultiPoint"",""coordinates"":[]}"
"372,9632","372,9632",0.0,0.0,8251.359897304432,0,0.0,0.0,"{""type"":""MultiPoint"",""coordinates"":[]}"
"373,9632","373,9632",0.0,0.0,8254.634479868912,0,0.0,0.0,"{""type"":""MultiPoint"",""coordinates"":[]}"
"374,9632","374,9632",0.0,0.0,8257.908927107583,0,0.0,0.0,"{""type"":""MultiPoint"",""coordinates"":[]}"
"375,9632","375,9632",0.0,0.0,8261.183238271127,0,0.0,0.0,"{""type"":""MultiPoint"",""coordinates"":[]}"
"376,9632","376,9632",0.0,0.0,8264.457417259784,0,0.0,0.0,"{""type"":""MultiPoint"",""coordinates"":[]}"
"377,9632","377,9632",0.0,0.0,8267.731471198518,0,0.0,0.0,"{""type"":""MultiPoint"",""coordinates"":[]}"
"378,9632","378,9632",0.0,0.0,8271.005389985201,0,0.0,0.0,"{""type"":""MultiPoint"",""coordinates"":[]}"
"379,9632","379,9632",0.0,0.0,8274.2791769271,0,0.0,0.0,"{""type"":""MultiPoint"",""coordinates"":[]}"
"380,9632","380,9632",0.0,0.0,8277.552823632313,0,0.0,0.0,"{""type"":""MultiPoint"",""coordinates"":[]}"
"381,9632","381,9632",0.0,0.0,8280.826347972576,0,0.0,0.0,"{""type"":""MultiPoint"",""coordinates"":[]}"
"382,9632","382,9632",0.0,0.0,8284.09973514437,0,0.0,0.0,"{""type"":""MultiPoint"",""coordinates"":[]}"
"383,9632","383,9632",0.0,0.0,8287.372985749982,0,0.0,0.0,"{""type"":""MultiPoint"",""coordinates"":[]}"
"384,9632","384,9632",0.0,0.0,8290.646098389174,0,0.0,0.0,"{""type"":""MultiPoint"",""coordinates"":[]}"
"385,9632","385,9632",0.0,0.0,8293.919088457957,0,0.0,0.0,"{""type"":""MultiPoint"",""coordinates"":[]}"
"386,9632","386,9632",0.0,0.0,8297.191936645208,0,0.0,0.0,"{""type"":""MultiPoint"",""coordinates"":[]}"
"387,9632","387,9632",0.0,0.0,8300.464652781971,0,0.0,0.0,"{""type"":""MultiPoint"",""coordinates"":[]}"
"388,9632","388,9632",0.0,0.0,8303.73723924957,0,0.0,0.0,"{""type"":""MultiPoint"",""coordinates"":[]}"
"389,9632","389,9632",0.0,0.0,8307.009683312786,0,0.0,0.0,"{""type"":""MultiPoint"",""coordinates"":[]}"
"390,9632","390,9632",0.0,0.0,8310.281990318366,0,0.0,0.0,"{""type"":""MultiPoint"",""coordinates"":[]}"
"391,9632","391,9632",0.0,0.0,8313.554177105574,0,0.0,0.0,"{""type"":""MultiPoint"",""coordinates"":[]}"
"392,9632","392,9632",0.0,0.0,8316.82622097513,0,0.0,0.0,"{""type"":""MultiPoint"",""coordinates"":[]}"
"393,9632","393,9632",0.0,0.0,8320.098126977105,0,0.0,0.0,"{""type"":""MultiPoint"",""coordinates"":[]}"
"394,9632","394,9632",0.0,0.0,8323.369910095522,0,0.0,0.0,"{""type"":""MultiPoint"",""coordinates"":[]}"
"395,9632","395,9632",0.0,0.0,8326.641549094787,0,0.0,0.0,"{""type"":""MultiPoint"",""coordinates"":[]}"
"396,9632","396,9632",0.0,0.0,8329.913044041396,0,0.0,0.0,"{""type"":""MultiPoint"",""coordinates"":[]}"
"397,9632","397,9632",0.0,0.0,8333.184417427206,0,0.0,0.0,"{""type"":""MultiPoint"",""coordinates"":[]}"
"398,9632","398,9632",0.0,0.0,8336.455648930661,0,0.0,0.0,"{""type"":""MultiPoint"",""coordinates"":[]}"
"399,9632","399,9632",0.0,0.0,8339.72674181175,0,0.0,0.0,"{""type"":""MultiPoint"",""coordinates"":[]}"
"400,9632","400,9632",0.0,0.0,8342.997707725715,0,0.0,0.0,"{""type"":""MultiPoint"",""coordinates"":[]}"
"401,9632","401,9632",0.0,0.0,8346.268530974074,0,0.0,0.0,"{""type"":""MultiPoint"",""coordinates"":[]}"
"402,9632","402,9632",0.0,0.0,8349.5392201455,0,0.0,0.0,"{""type"":""MultiPoint"",""coordinates"":[]}"
"403,9632","403,9632",0.0,0.0,8353.621849913823,0,0.0,0.0,"{""type"":""MultiPoint"",""coordinates"":[]}"
"404,9632","404,9632",0.0,0.0,8430.372380658215,0,0.0,0.0,"{""type"":""MultiPoint"",""coordinates"":[]}"
"405,9632","405,9632",0.0,0.0,8623.249578882662,0,0.0,0.0,"{""type"":""MultiPoint"",""coordinates"":[]}"
"406,9632","406,9632",0.0,0.0,8924.729489964751,0,0.0,0.0,"{""type"":""MultiPoint"",""coordinates"":[]}"
"407,9632","407,9632",0.0,0.0,9299.861111254104,0,0.0,0.0,"{""type"":""MultiPoint"",""coordinates"":[]}"
"408,9632","408,9632",0.0,0.0,9678.396961099166,0,0.0,0.0,"{""type"":""MultiPoint"",""coordinates"":[]}"
"409,9632","409,9632",0.0,0.0,10056.933513621687,0,0.0,0.0,"{""type"":""MultiPoint"",""coordinates"":[]}"
"410,9632","410,9632",0.0,0.0,10435.470748009187,0,0.0,0.0,"{""type"":""MultiPoint"",""coordinates"":[]}"
"444,9632","444,9632",0.0,0.0,10499.546411649719,0,0.0,0.0,"{""type"":""MultiPoint"",""coordinates"":[]}"
"445,9632","445,9632",0.00461596320702197,0.004563387468885797,10008.054813571453,1,0.013830945393300221,0.009214982186278252,"{""type"":""MultiPoint"",""coordinates"":[]}"
"446,9632","446,9632",0.12827112710690258,0.09635281972295653,9516.562408080632,1,0.39643024663402615,0.26815911952712357,"{""type"":""MultiPoint"",""coordinates"":[]}"
"447,9632","447,9632",0.1984980947523673,0.13371009439343917,9024.990446941581,1,0.5860009870027457,0.38750289225037843,"{""type"":""MultiPoint"",""coordinates"":[]}"
"448,9632","448,9632",0.05093628721322843,0.04860208861882101,8581.489272823088,1,0.07370114999514957,0.02276486278192114,"{""type"":""MultiPoint"",""coordinates"":[]}"
"449,9632","449,9632",0.0,0.0,8236.194449916293,0,0.0,0.0,"{""type"":""MultiPoint"",""coordinates"":[]}"
"450,9632","450,9632",0.0,0.0,8001.828392219708,0,0.0,0.0,"{""type"":""MultiPoint"",""coordinates"":[]}"
"451,9632","451,9632",0.0,0.0,7888.283601765719,0,0.0,0.0,"{""type"":""MultiPoint"",""coordinates"":[]}"
"452,9632","452,9632",0.0,0.0,7900.770498012017,0,0.0,0.0,"{""type"":""MultiPoint"",""coordinates"":[]}"
"453,9632","453,9632",0.0,0.0,8038.702338982797,0,0.0,0.0,"{""type"":""MultiPoint"",""coordinates"":[]}"
"454,9632","454,9632",0.0,0.0,8295.825685738699,0,0.0,0.0,"{""type"":""MultiPoint"",""coordinates"":[]}"
"455,9632","455,9632",0.0,0.0,8661.533989286294,0,0.0,0.0,"{""type"":""MultiPoint"",""coordinates"":[]}"
"456,9632","456,9632",0.0,0.0,9122.77963411268,0,0.0,0.0,"{""type"":""MultiPoint"",""coordinates"":[]}"
"457,9632","457,9632",0.0,0.0,9665.896811338262,0,0.0,0.0,"{""type"":""MultiPoint"",""coordinates"":[]}"
"458,9632","458,9632",0.0,0.0,10277.915616872113,0,0.0,0.0,"{""type"":""MultiPoint"",""coordinates"":[]}"
"234,9633","234,9633",0.03206288544078395,0.03155960070751426,10012.752422924845,1,0.03206288544078395,0.0,"{""type"":""MultiPoint"",""coordinates"":[]}"
"235,9633","235,9633",0.03677824835143561,0.03611806679648854,9228.959324246784,1,0.03677824835143561,0.0,"{""type"":""MultiPoint"",""coordinates"":[]}"
"236,9633","236,9633",0.27331302648407185,0.21188961809769288,8490.596799046296,1,0.4313629140568857,0.15804988757281388,"{""type"":""MultiPoint"",""coordinates"":[]}"
"237,9633","237,9633",0.3051364140190871,0.1356176775314234,7810.562271224279,1,1.4059908626923077,1.1008544486732206,"{""type"":""MultiPoint"",""coordinates"":[]}"
"238,9633","238,9633",1.03427975199912,0.4095140441238855,7205.392035521247,1,2.0779646836305474,1.0436849316314274,"{""type"":""MultiPoint"",""coordinates"":[]}"
"239,9633","239,9633",1.0774190541423,0.5690292365916025,6695.419093042866,1,1.4829597302707984,0.4055406761284983,"{""type"":""MultiPoint"",""coordinates"":[]}"
"240,9633","240,9633",1.093712093857114,0.7026226325665526,6303.791600861487,1,1.1669879712911873,0.07327587743407317,"{""type"":""MultiPoint"",""coordinates"":[]}"
"241,9633","241,9633",0.8500052482347482,0.6151884759698572,6053.5227172869545,1,0.8500052482347482,0.0,"{""type"":""MultiPoint"",""coordinates"":[]}"
"242,9633","242,9633",0.5267071487060078,0.41549818925876,5962.440048847501,1,0.549190562356847,0.02248341365083931,"{""type"":""MultiPoint"",""coordinates"":[]}"
"243,9633","243,9633",0.4239081586466023,0.3532058080209721,5998.473121912876,1,0.4245786872986507,6.705286520484247E-4,"{""type"":""MultiPoint"",""coordinates"":[]}"
"244,9633","244,9633",0.3197332469312704,0.277429630518093,6042.6202761285485,1,0.3197332469312704,0.0,"{""type"":""MultiPoint"",""coordinates"":[]}"
"245,9633","245,9633",0.07740387806176527,0.07455433072112362,6086.767615734649,1,0.07740387806176527,0.0,"{""type"":""MultiPoint"",""coordinates"":[]}"
"246,9633","246,9633",0.0,0.0,6130.915141444915,0,0.0,0.0,"{""type"":""MultiPoint"",""coordinates"":[]}"
"247,9633","247,9633",0.0,0.0,6175.062857723253,0,0.0,0.0,"{""type"":""MultiPoint"",""coordinates"":[]}"
"248,9633","248,9633",0.0,0.0,6219.210762505217,0,0.0,0.0,"{""type"":""MultiPoint"",""coordinates"":[]}"
"249,9633","249,9633",0.0,0.0,6263.3588440595995,0,0.0,0.0,"{""type"":""MultiPoint"",""coordinates"":[]}"
"250,9633","250,9633",0.0,0.0,6307.507107591435,0,0.0,0.0,"{""type"":""MultiPoint"",""coordinates"":[]}"
"251,9633","251,9633",0.0,0.0,6351.655549512618,0,0.0,0.0,"{""type"":""MultiPoint"",""coordinates"":[]}"
"252,9633","252,9633",0.0,0.0,6395.80416837524,0,0.0,0.0,"{""type"":""MultiPoint"",""coordinates"":[]}"
"253,9633","253,9633",0.0,0.0,6439.952965456478,0,0.0,0.0,"{""type"":""MultiPoint"",""coordinates"":[]}"
"254,9633","254,9633",0.0,0.0,6472.2648398465335,0,0.0,0.0,"{""type"":""MultiPoint"",""coordinates"":[]}"
"255,9633","255,9633",0.0,0.0,6410.792881992766,0,0.0,0.0,"{""type"":""MultiPoint"",""coordinates"":[]}"
"256,9633","256,9633",0.0,0.0,6349.320451903734,0,0.0,0.0,"{""type"":""MultiPoint"",""coordinates"":[]}"
"257,9633","257,9633",0.0,0.0,6287.84755354623,0,0.0,0.0,"{""type"":""MultiPoint"",""coordinates"":[]}"
"258,9633","258,9633",0.0,0.0,6226.374196808802,0,0.0,0.0,"{""type"":""MultiPoint"",""coordinates"":[]}"
"259,9633","259,9633",0.0,0.0,6164.900375291585,0,0.0,0.0,"{""type"":""MultiPoint"",""coordinates"":[]}"
"260,9633","260,9633",0.0,0.0,6103.426099584584,0,0.0,0.0,"{""type"":""MultiPoint"",""coordinates"":[]}"
"261,9633","261,9633",0.0,0.0,6032.194313019857,0,0.0,0.0,"{""type"":""MultiPoint"",""coordinates"":[]}"
"262,9633","262,9633",0.0,0.0,5910.804859792654,0,0.0,0.0,"{""type"":""MultiPoint"",""coordinates"":[]}"
"263,9633","263,9633",-0.005675140994155995,-0.005659098050197926,5789.414605966356,1,0.0,0.005675140994155995,"{""type"":""MultiPoint"",""coordinates"":[]}"
"264,9633","264,9633",-0.012631033495984802,-0.012122776478112343,5668.023556452381,1,0.03562303654198507,0.04825407003796987,"{""type"":""MultiPoint"",""coordinates"":[]}"
"265,9633","265,9633",0.04247353217507257,0.04069481008160477,5546.631730856105,1,0.0650896189378689,0.022616086762796327,"{""type"":""MultiPoint"",""coordinates"":[]}"
"266,9633","266,9633",0.0,0.0,5425.239117884651,0,0.0,0.0,"{""type"":""MultiPoint"",""coordinates"":[]}"
"267,9633","267,9633",0.0,0.0,5303.845730332459,0,0.0,0.0,"{""type"":""MultiPoint"",""coordinates"":[]}"
"268,9633","268,9633",0.0,0.0,5182.451576622989,0,0.0,0.0,"{""type"":""MultiPoint"",""coordinates"":[]}"
"269,9633","269,9633",0.0,0.0,5061.056666922456,0,0.0,0.0,"{""type"":""MultiPoint"",""coordinates"":[]}"
"270,9633","270,9633",0.0,0.0,4939.660999669392,0,0.0,0.0,"{""type"":""MultiPoint"",""coordinates"":[]}"
"271,9633","271,9633",0.0,0.0,4818.264580598128,0,0.0,0.0,"{""type"":""MultiPoint"",""coordinates"":[]}"
"272,9633","272,9633",0.0,0.0,4696.867418374134,0,0.0,0.0,"{""type"":""MultiPoint"",""coordinates"":[]}"
"273,9633","273,9633",0.0,0.0,4575.469509921612,0,0.0,0.0,"{""type"":""MultiPoint"",""coordinates"":[]}"
"274,9633","274,9633",0.0,0.0,4454.070881105197,0,0.0,0.0,"{""type"":""MultiPoint"",""coordinates"":[]}"
"275,9633","275,9633",0.0,0.0,4332.671517504807,0,0.0,0.0,"{""type"":""MultiPoint"",""coordinates"":[]}"
"276,9633","276,9633",0.0,0.0,4211.2714402350275,0,0.0,0.0,"{""type"":""MultiPoint"",""coordinates"":[]}"
"277,9633","277,9633",0.0,0.0,4089.8706476229977,0,0.0,0.0,"{""type"":""MultiPoint"",""coordinates"":[]}"
"278,9633","278,9633",0.0,0.0,3968.469143568719,0,0.0,0.0,"{""type"":""MultiPoint"",""coordinates"":[]}"
"279,9633","279,9633",0.0,0.0,3847.0669392444083,0,0.0,0.0,"{""type"":""MultiPoint"",""coordinates"":[]}"
"280,9633","280,9633",0.0,0.0,3725.664039031157,0,0.0,0.0,"{""type"":""MultiPoint"",""coordinates"":[]}"
"281,9633","281,9633",0.0,0.0,3604.2604465530553,0,0.0,0.0,"{""type"":""MultiPoint"",""coordinates"":[]}"
"282,9633","282,9633",0.0,0.0,3482.8561673658933,0,0.0,0.0,"{""type"":""MultiPoint"",""coordinates"":[]}"
"283,9633","283,9633",0.0,0.0,3361.451212332174,0,0.0,0.0,"{""type"":""MultiPoint"",""coordinates"":[]}"
"284,9633","284,9633",0.0,0.0,3240.0455846874697,0,0.0,0.0,"{""type"":""MultiPoint"",""coordinates"":[]}"
"285,9633","285,9633",0.0,0.0,3118.6392846355293,0,0.0,0.0,"{""type"":""MultiPoint"",""coordinates"":[]}"
"286,9633","286,9633",0.0,0.0,2997.2323345106124,0,0.0,0.0,"{""type"":""MultiPoint"",""coordinates"":[]}"
"287,9633","287,9633",0.0,0.0,2875.8247264146366,0,0.0,0.0,"{""type"":""MultiPoint"",""coordinates"":[]}"
"288,9633","288,9633",0.0,0.0,2754.416461571489,0,0.0,0.0,"{""type"":""MultiPoint"",""coordinates"":[]}"
"289,9633","289,9633",0.0,0.0,2633.0075603633995,0,0.0,0.0,"{""type"":""MultiPoint"",""coordinates"":[]}"
"290,9633","290,9633",0.0,0.0,2511.59802196452,0,0.0,0.0,"{""type"":""MultiPoint"",""coordinates"":[]}"
"291,9633","291,9633",0.057398208684273665,0.05581137074200112,2390.1878462641025,1,0.057398208684273665,0.0,"{""type"":""MultiPoint"",""coordinates"":[]}"
"292,9633","292,9633",0.4489139878374006,0.3623795484624534,2332.026669109928,1,0.47677889512061306,0.027864907283212455,"{""type"":""MultiPoint"",""coordinates"":[]}"
"293,9633","293,9633",0.5856331567066002,0.43827068035019257,2401.1340169875148,1,0.6503734557759802,0.06474029906937992,"{""type"":""MultiPoint"",""coordinates"":[]}"
"294,9633","294,9633",0.4361883212504313,0.3452882278368192,2470.241727858146,1,0.49387877688064813,0.057690455630216846,"{""type"":""MultiPoint"",""coordinates"":[]}"
"295,9633","295,9633",0.27721385896302275,0.2326173286359601,2539.3497878422886,1,0.335692104473168,0.05847824551014526,"{""type"":""MultiPoint"",""coordinates"":[]}"
"296,9633","296,9633",0.20111200236338625,0.1811213618809866,2608.4581907016013,1,0.21396133872683376,0.012849336363447521,"{""type"":""MultiPoint"",""coordinates"":[]}"
"297,9633","297,9633",0.11733998901533714,0.11095085068995542,2677.566944489058,1,0.11733998901533714,0.0,"{""type"":""MultiPoint"",""coordinates"":[]}"
"298,9633","298,9633",0.17606119027897763,0.1621708806729401,2746.6760316003615,1,0.17606119027897763,0.0,"{""type"":""MultiPoint"",""coordinates"":[]}"
"299,9633","299,9633",0.7300749895544522,0.5009536592379343,2815.7854618774068,1,0.8527588971951763,0.12268390764072415,"{""type"":""MultiPoint"",""coordinates"":[]}"
"300,9633","300,9633",0.7258639610073727,0.40916839666182386,2884.8952273230393,1,1.1616113504045942,0.4357473893972215,"{""type"":""MultiPoint"",""coordinates"":[]}"
"301,9633","301,9633",0.5810557940643126,0.3470783236682543,2954.0053222380157,1,0.9814347358394974,0.4003789417751848,"{""type"":""MultiPoint"",""coordinates"":[]}"
"302,9633","302,9633",-0.1220918964297728,-0.03372504133346488,3023.1157476056183,1,2.5595120537863294,2.681603950216102,"{""type"":""MultiPoint"",""coordinates"":[]}"
"303,9633","303,9633",0.3988232384304169,0.05909822296995548,3092.2264958897513,1,5.949856710924282,5.551033472493865,"{""type"":""MultiPoint"",""coordinates"":[]}"
"304,9633","304,9633",0.7230072388144796,0.3630409461978621,3161.337558566858,1,1.3748599927719325,0.6518527539574529,"{""type"":""MultiPoint"",""coordinates"":[]}"
"305,9633","305,9633",0.4928212797856085,0.3126008342006764,3230.4489435970877,1,0.8357472089820936,0.3429259291964851,"{""type"":""MultiPoint"",""coordinates"":[]}"
"306,9633","306,9633",0.4811877284250031,0.2893223889053309,3299.5606449662396,1,0.915333381101285,0.4341456526762819,"{""type"":""MultiPoint"",""coordinates"":[]}"
"307,9633","307,9633",0.34137467210729655,0.20570318332577203,3368.672655457763,1,0.8360848121651232,0.49471014005782665,"{""type"":""MultiPoint"",""coordinates"":[]}"
"308,9633","308,9633",0.37700241855154293,0.2913926583113026,3437.7849723451445,1,0.4914381108310532,0.1144356922795103,"{""type"":""MultiPoint"",""coordinates"":[]}"
"309,9633","309,9633",0.6644639548883862,0.5095031225797123,3506.8975932535036,1,0.6644639548883862,0.0,"{""type"":""MultiPoint"",""coordinates"":[]}"
"310,9633","310,9633",0.7163688942675114,0.5254491042585243,3576.0105169995645,1,0.7527549192756288,0.036386025008117426,"{""type"":""MultiPoint"",""coordinates"":[]}"
"311,9633","311,9633",0.20826766922292395,0.18727091371516283,3645.123735365669,1,0.21950182596570517,0.011234156742781222,"{""type"":""MultiPoint"",""coordinates"":[]}"
"312,9633","312,9633",0.5889808674755521,0.36282015220219593,3714.2372474040694,1,0.9356004367195446,0.34661956924399256,"{""type"":""MultiPoint"",""coordinates"":[]}"
"313,9633","313,9633",0.5909982564004314,0.27831100674660814,3783.3510483355467,1,1.4327056101740219,0.8417073537735905,"{""type"":""MultiPoint"",""coordinates"":[]}"
"314,9633","314,9633",0.7357842796565941,0.29784490383996665,3852.4651357370008,1,1.8564881418337653,1.1207038621771712,"{""type"":""MultiPoint"",""coordinates"":[]}"
"315,9633","315,9633",0.8291827545476553,0.3795275999822715,3921.5795099954225,1,1.6255293484927247,0.7963465939450693,"{""type"":""MultiPoint"",""coordinates"":[]}"
"316,9633","316,9633",0.863100523920092,0.473555991436761,4037.303530581054,1,1.2880786235814226,0.42497809966133065,"{""type"":""MultiPoint"",""coordinates"":[]}"
"317,9633","317,9633",0.8417006925629468,0.5438009290799412,4210.543763586941,1,1.0066171252737726,0.16491643271082576,"{""type"":""MultiPoint"",""coordinates"":[]}"
"318,9633","318,9633",0.5396364812981593,0.3714536106184697,4383.784738776739,1,0.7392536267791302,0.19961714548097081,"{""type"":""MultiPoint"",""coordinates"":[]}"
"319,9633","319,9633",0.2999301310931911,0.2446076913719764,4557.026445446072,1,0.3822407757204215,0.08231064462723034,"{""type"":""MultiPoint"",""coordinates"":[]}"
"320,9633","320,9633",0.3622050247093041,0.3091047284905022,4730.268866671836,1,0.3622050247093041,0.0,"{""type"":""MultiPoint"",""coordinates"":[]}"
"321,9633","321,9633",0.19039042083216756,0.17428133804832474,4903.512007859585,1,0.19039042083216756,0.0,"{""type"":""MultiPoint"",""coordinates"":[]}"
"322,9633","322,9633",0.11109750452647317,0.10534826965667028,5076.755865193305,1,0.11109750452647317,0.0,"{""type"":""MultiPoint"",""coordinates"":[]}"
"323,9633","323,9633",0.05217722645676386,0.05086156634033301,5250.000409260815,1,0.05217722645676386,0.0,"{""type"":""MultiPoint"",""coordinates"":[]}"
"324,9633","324,9633",-0.026198666461456563,-0.025861360033026307,5423.245646846623,1,0.0,0.026198666461456563,"{""type"":""MultiPoint"",""coordinates"":[]}"
"325,9633","325,9633",0.03432117750689015,0.0337453443992871,5596.491566975907,1,0.03432117750689015,0.0,"{""type"":""MultiPoint"",""coordinates"":[]}"
"326,9633","326,9633",0.0,0.0,5769.738156058524,0,0.0,0.0,"{""type"":""MultiPoint"",""coordinates"":[]}"
"327,9633","327,9633",0.0,0.0,5942.985422591842,0,0.0,0.0,"{""type"":""MultiPoint"",""coordinates"":[]}"
"328,9633","328,9633",0.0,0.0,6116.233332230394,0,0.0,0.0,"{""type"":""MultiPoint"",""coordinates"":[]}"
"329,9633","329,9633",0.0,0.0,6289.481890014215,0,0.0,0.0,"{""type"":""MultiPoint"",""coordinates"":[]}"
"330,9633","330,9633",0.0,0.0,6462.731084636813,0,0.0,0.0,"{""type"":""MultiPoint"",""coordinates"":[]}"
"331,9633","331,9633",-0.0037418459342580326,-0.003734862643604088,6635.980913993989,1,0.0,0.0037418459342580326,"{""type"":""MultiPoint"",""coordinates"":[]}"
"332,9633","332,9633",-0.07648257146857705,-0.07369884769454413,6809.2313697141135,1,0.0,0.07648257146857705,"{""type"":""MultiPoint"",""coordinates"":[]}"
"333,9633","333,9633",-0.07153670695739064,-0.06909379288778018,6982.482437625516,1,0.0,0.07153670695739064,"{""type"":""MultiPoint"",""coordinates"":[]}"
"334,9633","334,9633",0.0,0.0,7155.734108553439,0,0.0,0.0,"{""type"":""MultiPoint"",""coordinates"":[]}"
"335,9633","335,9633",0.05383491025792296,0.052435806217305994,7328.986384302725,1,0.05383491025792296,0.0,"{""type"":""MultiPoint"",""coordinates"":[]}"
"336,9633","336,9633",0.14269901465063226,0.13339302087089622,7502.239239724744,1,0.14269901465063226,0.0,"{""type"":""MultiPoint"",""coordinates"":[]}"
"337,9633","337,9633",0.0,0.0,7675.492671660498,0,0.0,0.0,"{""type"":""MultiPoint"",""coordinates"":[]}"
"338,9633","338,9633",0.0,0.0,7848.746687277506,0,0.0,0.0,"{""type"":""MultiPoint"",""coordinates"":[]}"
"339,9633","339,9633",0.0,0.0,8022.001263948004,0,0.0,0.0,"{""type"":""MultiPoint"",""coordinates"":[]}"
"340,9633","340,9633",0.0,0.0,7925.998241359187,0,0.0,0.0,"{""type"":""MultiPoint"",""coordinates"":[]}"
"341,9633","341,9633",0.0,0.0,7821.741278415863,0,0.0,0.0,"{""type"":""MultiPoint"",""coordinates"":[]}"
"342,9633","342,9633",0.0,0.0,7717.483777253194,0,0.0,0.0,"{""type"":""MultiPoint"",""coordinates"":[]}"
"343,9633","343,9633",0.0,0.0,7613.2257417605515,0,0.0,0.0,"{""type"":""MultiPoint"",""coordinates"":[]}"
"344,9633","344,9633",0.0,0.0,7508.967172369189,0,0.0,0.0,"{""type"":""MultiPoint"",""coordinates"":[]}"
"345,9633","345,9633",0.0,0.0,7404.708080291765,0,0.0,0.0,"{""type"":""MultiPoint"",""coordinates"":[]}"
"346,9633","346,9633",0.0,0.0,7300.448464774463,0,0.0,0.0,"{""type"":""MultiPoint"",""coordinates"":[]}"
"347,9633","347,9633",0.0,0.0,7210.270083589167,0,0.0,0.0,"{""type"":""MultiPoint"",""coordinates"":[]}"
"348,9633","348,9633",0.0,0.0,7237.667560048967,0,0.0,0.0,"{""type"":""MultiPoint"",""coordinates"":[]}"
"349,9633","349,9633",0.0,0.0,7401.354873537003,0,0.0,0.0,"{""type"":""MultiPoint"",""coordinates"":[]}"
"350,9633","350,9633",0.0,0.0,7692.639586949456,0,0.0,0.0,"{""type"":""MultiPoint"",""coordinates"":[]}"
"351,9633","351,9633",0.0,0.0,8053.819342770072,0,0.0,0.0,"{""type"":""MultiPoint"",""coordinates"":[]}"
"352,9633","352,9633",0.0,0.0,8415.43743838891,0,0.0,0.0,"{""type"":""MultiPoint"",""coordinates"":[]}"
"353,9633","353,9633",0.0,0.0,8777.05673278337,0,0.0,0.0,"{""type"":""MultiPoint"",""coordinates"":[]}"
"354,9633","354,9633",0.0,0.0,9138.677185271838,0,0.0,0.0,"{""type"":""MultiPoint"",""coordinates"":[]}"
"355,9633","355,9633",0.0,0.0,9195.797182067596,0,0.0,0.0,"{""type"":""MultiPoint"",""coordinates"":[]}"
"356,9633","356,9633",0.0,0.0,9199.077545855227,0,0.0,0.0,"{""type"":""MultiPoint"",""coordinates"":[]}"
"357,9633","357,9633",0.0,0.0,9202.357753104005,0,0.0,0.0,"{""type"":""MultiPoint"",""coordinates"":[]}"
"358,9633","358,9633",0.0,0.0,9205.63780791428,0,0.0,0.0,"{""type"":""MultiPoint"",""coordinates"":[]}"
"359,9633","359,9633",0.0,0.0,9208.917708297327,0,0.0,0.0,"{""type"":""MultiPoint"",""coordinates"":[]}"
"360,9633","360,9633",0.0,0.0,9212.197460822525,0,0.0,0.0,"{""type"":""MultiPoint"",""coordinates"":[]}"
"361,9633","361,9633",0.0,0.0,9215.477050606796,0,0.0,0.0,"{""type"":""MultiPoint"",""coordinates"":[]}"
"362,9633","362,9633",0.0,0.0,9218.756485852733,0,0.0,0.0,"{""type"":""MultiPoint"",""coordinates"":[]}"
"363,9633","363,9633",0.0,0.0,9222.035766089793,0,0.0,0.0,"{""type"":""MultiPoint"",""coordinates"":[]}"
"364,9633","364,9633",0.0,0.0,9225.314894694013,0,0.0,0.0,"{""type"":""MultiPoint"",""coordinates"":[]}"
"365,9633","365,9633",0.0,0.0,9228.593861366375,0,0.0,0.0,"{""type"":""MultiPoint"",""coordinates"":[]}"
"366,9633","366,9633",0.0,0.0,9231.872676568064,0,0.0,0.0,"{""type"":""MultiPoint"",""coordinates"":[]}"
"367,9633","367,9633",0.0,0.0,9235.151344532173,0,0.0,0.0,"{""type"":""MultiPoint"",""coordinates"":[]}"
"368,9633","368,9633",0.0,0.0,9238.42985101783,0,0.0,0.0,"{""type"":""MultiPoint"",""coordinates"":[]}"
"369,9633","369,9633",0.0,0.0,9241.708197044733,0,0.0,0.0,"{""type"":""MultiPoint"",""coordinates"":[]}"
"370,9633","370,9633",0.0,0.0,9244.986392626262,0,0.0,0.0,"{""type"":""MultiPoint"",""coordinates"":[]}"
"371,9633","371,9633",0.0,0.0,9248.264436447651,0,0.0,0.0,"{""type"":""MultiPoint"",""coordinates"":[]}"
"372,9633","372,9633",0.0,0.0,9251.542311288329,0,0.0,0.0,"{""type"":""MultiPoint"",""coordinates"":[]}"
"373,9633","373,9633",0.0,0.0,9254.820034225266,0,0.0,0.0,"{""type"":""MultiPoint"",""coordinates"":[]}"
"374,9633","374,9633",0.0,0.0,9258.097600655048,0,0.0,0.0,"{""type"":""MultiPoint"",""coordinates"":[]}"
"375,9633","375,9633",0.0,0.0,9261.375012373286,0,0.0,0.0,"{""type"":""MultiPoint"",""coordinates"":[]}"
"376,9633","376,9633",0.0,0.0,9264.652270685514,0,0.0,0.0,"{""type"":""MultiPoint"",""coordinates"":[]}"
"377,9633","377,9633",0.0,0.0,9267.929362622952,0,0.0,0.0,"{""type"":""MultiPoint"",""coordinates"":[]}"
"378,9633","378,9633",0.0,0.0,9271.206301510683,0,0.0,0.0,"{""type"":""MultiPoint"",""coordinates"":[]}"
"379,9633","379,9633",0.0,0.0,9274.483081694565,0,0.0,0.0,"{""type"":""MultiPoint"",""coordinates"":[]}"
"380,9633","380,9633",0.0,0.0,9277.759714184873,0,0.0,0.0,"{""type"":""MultiPoint"",""coordinates"":[]}"
"381,9633","381,9633",0.0,0.0,9281.036175846142,0,0.0,0.0,"{""type"":""MultiPoint"",""coordinates"":[]}"
"382,9633","382,9633",0.0,0.0,9284.31248195181,0,0.0,0.0,"{""type"":""MultiPoint"",""coordinates"":[]}"
"383,9633","383,9633",0.0,0.0,9287.5886308408,0,0.0,0.0,"{""type"":""MultiPoint"",""coordinates"":[]}"
"384,9633","384,9633",0.0,0.0,9290.864626920807,0,0.0,0.0,"{""type"":""MultiPoint"",""coordinates"":[]}"
"385,9633","385,9633",0.0,0.0,9294.140456287454,0,0.0,0.0,"{""type"":""MultiPoint"",""coordinates"":[]}"
"386,9633","386,9633",0.0,0.0,9297.416137213597,0,0.0,0.0,"{""type"":""MultiPoint"",""coordinates"":[]}"
"387,9633","387,9633",0.0,0.0,9300.691651794456,0,0.0,0.0,"{""type"":""MultiPoint"",""coordinates"":[]}"
"388,9633","388,9633",0.0,0.0,9303.967009590127,0,0.0,0.0,"{""type"":""MultiPoint"",""coordinates"":[]}"
"389,9633","389,9633",0.0,0.0,9307.242214620293,0,0.0,0.0,"{""type"":""MultiPoint"",""coordinates"":[]}"
"390,9633","390,9633",0.0,0.0,9310.517255512359,0,0.0,0.0,"{""type"":""MultiPoint"",""coordinates"":[]}"
"391,9633","391,9633",0.0,0.0,9313.792132947967,0,0.0,0.0,"{""type"":""MultiPoint"",""coordinates"":[]}"
"392,9633","392,9633",0.0,0.0,9317.066851874228,0,0.0,0.0,"{""type"":""MultiPoint"",""coordinates"":[]}"
"393,9633","393,9633",0.0,0.0,9320.341411990117,0,0.0,0.0,"{""type"":""MultiPoint"",""coordinates"":[]}"
"394,9633","394,9633",0.0,0.0,9323.615806456843,0,0.0,0.0,"{""type"":""MultiPoint"",""coordinates"":[]}"
"395,9633","395,9633",0.0,0.0,9326.890047346555,0,0.0,0.0,"{""type"":""MultiPoint"",""coordinates"":[]}"
"396,9633","396,9633",0.0,0.0,9330.164136165593,0,0.0,0.0,"{""type"":""MultiPoint"",""coordinates"":[]}"
"397,9633","397,9633",0.0,0.0,9333.43805357453,0,0.0,0.0,"{""type"":""MultiPoint"",""coordinates"":[]}"
"398,9633","398,9633",0.0,0.0,9336.711809374403,0,0.0,0.0,"{""type"":""MultiPoint"",""coordinates"":[]}"
"399,9633","399,9633",0.0,0.0,9339.985407436301,0,0.0,0.0,"{""type"":""MultiPoint"",""coordinates"":[]}"
"400,9633","400,9633",0.0,0.0,9343.25884523749,0,0.0,0.0,"{""type"":""MultiPoint"",""coordinates"":[]}"
"401,9633","401,9633",0.0,0.0,9346.532117584491,0,0.0,0.0,"{""type"":""MultiPoint"",""coordinates"":[]}"
"402,9633","402,9633",0.0,0.0,9349.805237822122,0,0.0,0.0,"{""type"":""MultiPoint"",""coordinates"":[]}"
"403,9633","403,9633",0.0,0.0,9353.763263246381,0,0.0,0.0,"{""type"":""MultiPoint"",""coordinates"":[]}"
"404,9633","404,9633",0.0,0.0,9422.37281909197,0,0.0,0.0,"{""type"":""MultiPoint"",""coordinates"":[]}"
"405,9633","405,9633",0.0,0.0,9595.33240439964,0,0.0,0.0,"{""type"":""MultiPoint"",""coordinates"":[]}"
"406,9633","406,9633",0.0,0.0,9867.157706864986,0,0.0,0.0,"{""type"":""MultiPoint"",""coordinates"":[]}"
"407,9633","407,9633",0.0,0.0,10225.764098144806,0,0.0,0.0,"{""type"":""MultiPoint"",""coordinates"":[]}"
"408,9633","408,9633",0.0,0.0,10604.302117036874,0,0.0,0.0,"{""type"":""MultiPoint"",""coordinates"":[]}"
"446,9633","446,9633",0.2783528120168192,0.19656630544404333,10387.867726325603,1,0.5598089587852143,0.2814561467683951,"{""type"":""MultiPoint"",""coordinates"":[]}"
"447,9633","447,9633",0.4101085400021963,0.2580137730250883,9910.238775281901,1,0.803345438105003,0.3932368981028067,"{""type"":""MultiPoint"",""coordinates"":[]}"
"448,9633","448,9633",0.19748027707091426,0.1770747653664573,9508.1217524918,1,0.21688938179448197,0.019409104723567716,"{""type"":""MultiPoint"",""coordinates"":[]}"
"449,9633","449,9633",0.0,0.0,9197.681855717363,0,0.0,0.0,"{""type"":""MultiPoint"",""coordinates"":[]}"
"450,9633","450,9633",0.0,0.0,8988.422236318278,0,0.0,0.0,"{""type"":""MultiPoint"",""coordinates"":[]}"
"451,9633","451,9633",0.0,0.0,8887.49208949249,0,0.0,0.0,"{""type"":""MultiPoint"",""coordinates"":[]}"
"452,9633","452,9633",0.0,0.0,8898.578085157127,0,0.0,0.0,"{""type"":""MultiPoint"",""coordinates"":[]}"
"453,9633","453,9633",0.0,0.0,9021.26773263108,0,0.0,0.0,"{""type"":""MultiPoint"",""coordinates"":[]}"
"454,9633","454,9633",0.0,0.0,9251.122881673244,0,0.0,0.0,"{""type"":""MultiPoint"",""coordinates"":[]}"
"455,9633","455,9633",0.0,0.0,9580.434666134932,0,0.0,0.0,"{""type"":""MultiPoint"",""coordinates"":[]}"
"456,9633","456,9633",0.0,0.0,9999.383103578093,0,0.0,0.0,"{""type"":""MultiPoint"",""coordinates"":[]}"
"457,9633","457,9633",0.0,0.0,10497.242635581415,0,0.0,0.0,"{""type"":""MultiPoint"",""coordinates"":[]}"
"235,9634","235,9634",-0.0031086280048914154,-0.003103806211046133,9904.11160716621,1,0.0,0.0031086280048914154,"{""type"":""MultiPoint"",""coordinates"":[]}"
"236,9634","236,9634",-0.1282173125686759,-0.10802994529292305,9219.983670983787,1,0.12391364921148872,0.25213096178016464,"{""type"":""MultiPoint"",""coordinates"":[]}"
"237,9634","237,9634",0.20671218546972608,0.13063775252495147,8597.841275087401,1,0.68793697302111,0.4812247875513839,"{""type"":""MultiPoint"",""coordinates"":[]}"
"238,9634","238,9634",0.5469532485384152,0.23765809577957497,8052.067188775998,1,1.58572782556931,1.0387745770308947,"{""type"":""MultiPoint"",""coordinates"":[]}"
"239,9634","239,9634",0.7379162967996713,0.418727374781827,7599.135342337272,1,1.1569154187973076,0.4189991219976363,"{""type"":""MultiPoint"",""coordinates"":[]}"
"240,9634","240,9634",0.748694812692223,0.5371531110025617,7256.4527568895855,1,0.801521106009414,0.052826293317190895,"{""type"":""MultiPoint"",""coordinates"":[]}"
"241,9634","241,9634",0.36698198658130876,0.31260538031871316,7040.137953797476,1,0.36698198658130876,0.0,"{""type"":""MultiPoint"",""coordinates"":[]}"
"242,9634","242,9634",0.02675227409147421,0.026400688696465086,6961.980979961064,1,0.02675227409147421,0.0,"{""type"":""MultiPoint"",""coordinates"":[]}"
"243,9634","243,9634",0.004283402679544507,0.004274255023048046,6997.072426604784,1,0.004283402679544507,0.0,"{""type"":""MultiPoint"",""coordinates"":[]}"
"244,9634","244,9634",0.008268584229027957,0.008234586765147878,7041.225906983112,1,0.008268584229027957,0.0,"{""type"":""MultiPoint"",""coordinates"":[]}"
"245,9634","245,9634",0.0043447736226076466,0.00433536234376215,7085.379556938497,1,0.0043447736226076466,0.0,"{""type"":""MultiPoint"",""coordinates"":[]}"
"246,9634","246,9634",0.0,0.0,7129.533363763286,0,0.0,0.0,"{""type"":""MultiPoint"",""coordinates"":[]}"
"247,9634","247,9634",0.0,0.0,7173.687345778116,0,0.0,0.0,"{""type"":""MultiPoint"",""coordinates"":[]}"
"248,9634","248,9634",0.0,0.0,7217.841475814773,0,0.0,0.0,"{""type"":""MultiPoint"",""coordinates"":[]}"
"249,9634","249,9634",0.0,0.0,7261.995770131312,0,0.0,0.0,"{""type"":""MultiPoint"",""coordinates"":[]}"
"250,9634","250,9634",0.0,0.0,7306.150218896551,0,0.0,0.0,"{""type"":""MultiPoint"",""coordinates"":[]}"
"251,9634","251,9634",0.0,0.0,7350.304824132713,0,0.0,0.0,"{""type"":""MultiPoint"",""coordinates"":[]}"
"252,9634","252,9634",0.0,0.0,7394.459580247576,0,0.0,0.0,"{""type"":""MultiPoint"",""coordinates"":[]}"
"253,9634","253,9634",0.0,0.0,7438.614483806512,0,0.0,0.0,"{""type"":""MultiPoint"",""coordinates"":[]}"
"254,9634","254,9634",0.0,0.0,7470.016420012498,0,0.0,0.0,"{""type"":""MultiPoint"",""coordinates"":[]}"
"255,9634","255,9634",0.0,0.0,7408.550499696428,0,0.0,0.0,"{""type"":""MultiPoint"",""coordinates"":[]}"
"256,9634","256,9634",0.0,0.0,7347.08408620702,0,0.0,0.0,"{""type"":""MultiPoint"",""coordinates"":[]}"
"257,9634","257,9634",0.0,0.0,7285.617185126481,0,0.0,0.0,"{""type"":""MultiPoint"",""coordinates"":[]}"
"258,9634","258,9634",0.0,0.0,7224.149802990721,0,0.0,0.0,"{""type"":""MultiPoint"",""coordinates"":[]}"
"259,9634","259,9634",0.0,0.0,7162.681930747902,0,0.0,0.0,"{""type"":""MultiPoint"",""coordinates"":[]}"
"260,9634","260,9634",0.0,0.0,7101.213577177733,0,0.0,0.0,"{""type"":""MultiPoint"",""coordinates"":[]}"
"261,9634","261,9634",0.0,0.0,7024.483332745515,0,0.0,0.0,"{""type"":""MultiPoint"",""coordinates"":[]}"
"262,9634","262,9634",0.0,0.0,6903.099712752435,0,0.0,0.0,"{""type"":""MultiPoint"",""coordinates"":[]}"
"263,9634","263,9634",0.0,0.0,6781.715270088138,0,0.0,0.0,"{""type"":""MultiPoint"",""coordinates"":[]}"
"264,9634","264,9634",0.0,0.0,6660.330009855059,0,0.0,0.0,"{""type"":""MultiPoint"",""coordinates"":[]}"
"265,9634","265,9634",0.0,0.0,6538.943941951252,0,0.0,0.0,"{""type"":""MultiPoint"",""coordinates"":[]}"
"266,9634","266,9634",0.0,0.0,6417.557068671805,0,0.0,0.0,"{""type"":""MultiPoint"",""coordinates"":[]}"
"267,9634","267,9634",0.0,0.0,6296.169397962013,0,0.0,0.0,"{""type"":""MultiPoint"",""coordinates"":[]}"
"268,9634","268,9634",0.0,0.0,6174.780937910269,0,0.0,0.0,"{""type"":""MultiPoint"",""coordinates"":[]}"
"269,9634","269,9634",0.0,0.0,6053.391687823923,0,0.0,0.0,"{""type"":""MultiPoint"",""coordinates"":[]}"
"270,9634","270,9634",0.0,0.0,5932.001659896985,0,0.0,0.0,"{""type"":""MultiPoint"",""coordinates"":[]}"
"271,9634","271,9634",0.0,0.0,5810.61085016135,0,0.0,0.0,"{""type"":""MultiPoint"",""coordinates"":[]}"
"272,9634","272,9634",0.0,0.0,5689.219277758458,0,0.0,0.0,"{""type"":""MultiPoint"",""coordinates"":[]}"
"273,9634","273,9634",0.0,0.0,5567.826950553941,0,0.0,0.0,"{""type"":""MultiPoint"",""coordinates"":[]}"
"274,9634","274,9634",0.0,0.0,5446.4338610274,0,0.0,0.0,"{""type"":""MultiPoint"",""coordinates"":[]}"
"275,9634","275,9634",0.0,0.0,5325.040022344716,0,0.0,0.0,"{""type"":""MultiPoint"",""coordinates"":[]}"
"276,9634","276,9634",0.0,0.0,5203.645437847895,0,0.0,0.0,"{""type"":""MultiPoint"",""coordinates"":[]}"
"277,9634","277,9634",0.0,0.0,5082.250114026018,0,0.0,0.0,"{""type"":""MultiPoint"",""coordinates"":[]}"
"278,9634","278,9634",0.0,0.0,4960.854057940638,0,0.0,0.0,"{""type"":""MultiPoint"",""coordinates"":[]}"
"279,9634","279,9634",0.0,0.0,4839.457280385138,0,0.0,0.0,"{""type"":""MultiPoint"",""coordinates"":[]}"
"280,9634","280,9634",0.0,0.0,4718.059774853374,0,0.0,0.0,"{""type"":""MultiPoint"",""coordinates"":[]}"
"281,9634","281,9634",0.0,0.0,4596.661559910731,0,0.0,0.0,"{""type"":""MultiPoint"",""coordinates"":[]}"
"282,9634","282,9634",0.0,0.0,4475.262637291077,0,0.0,0.0,"{""type"":""MultiPoint"",""coordinates"":[]}"
"283,9634","283,9634",0.0,0.0,4353.863002320855,0,0.0,0.0,"{""type"":""MultiPoint"",""coordinates"":[]}"
"284,9634","284,9634",0.0,0.0,4232.462679364358,0,0.0,0.0,"{""type"":""MultiPoint"",""coordinates"":[]}"
"285,9634","285,9634",0.0,0.0,4111.06166658596,0,0.0,0.0,"{""type"":""MultiPoint"",""coordinates"":[]}"
"286,9634","286,9634",0.0,0.0,3989.659965881193,0,0.0,0.0,"{""type"":""MultiPoint"",""coordinates"":[]}"
"287,9634","287,9634",0.0,0.0,3868.257580332205,0,0.0,0.0,"{""type"":""MultiPoint"",""coordinates"":[]}"
"288,9634","288,9634",0.0,0.0,3746.854526303262,0,0.0,0.0,"{""type"":""MultiPoint"",""coordinates"":[]}"
"289,9634","289,9634",0.0,0.0,3625.4508114709174,0,0.0,0.0,"{""type"":""MultiPoint"",""coordinates"":[]}"
"290,9634","290,9634",0.0,0.0,3504.0464292767642,0,0.0,0.0,"{""type"":""MultiPoint"",""coordinates"":[]}"
"291,9634","291,9634",0.04088092693019955,0.04006739973820332,3382.64139087061,1,0.04088092693019955,0.0,"{""type"":""MultiPoint"",""coordinates"":[]}"
"292,9634","292,9634",0.2964562178423552,0.2596345559256895,3329.491766640725,1,0.2964562178423552,0.0,"{""type"":""MultiPoint"",""coordinates"":[]}"
"293,9634","293,9634",0.24081569476653822,0.2157689817093976,3398.604233233374,1,0.24081569476653822,0.0,"{""type"":""MultiPoint"",""coordinates"":[]}"
"294,9634","294,9634",0.01383470560976131,0.013739879661885331,3467.7170311704804,1,0.01383470560976131,0.0,"{""type"":""MultiPoint"",""coordinates"":[]}"
"295,9634","295,9634",0.0,0.0,3536.830151121811,0,0.0,0.0,"{""type"":""MultiPoint"",""coordinates"":[]}"
"296,9634","296,9634",0.0,0.0,3605.94359128035,0,0.0,0.0,"{""type"":""MultiPoint"",""coordinates"":[]}"
"297,9634","297,9634",0.0,0.0,3675.0573558484552,0,0.0,0.0,"{""type"":""MultiPoint"",""coordinates"":[]}"
"298,9634","298,9634",0.06662765492315162,0.06450194695919878,3744.171438364642,1,0.06662765492315162,0.0,"{""type"":""MultiPoint"",""coordinates"":[]}"
"299,9634","299,9634",0.46516432037184896,0.32589976884858707,3813.285838687149,1,0.672516192088982,0.207351871717133,"{""type"":""MultiPoint"",""coordinates"":[]}"
"300,9634","300,9634",0.5244657121514467,0.3059898586549484,3882.4005410219006,1,0.9895825062025346,0.46511679405108797,"{""type"":""MultiPoint"",""coordinates"":[]}"
"301,9634","301,9634",0.5205194983324443,0.3250479201371296,3951.5155514321527,1,0.8756968058850346,0.35517730755259036,"{""type"":""MultiPoint"",""coordinates"":[]}"
"302,9634","302,9634",-0.2519836783071825,-0.0842913738498745,4020.6308605951044,1,1.8652140839791818,2.1171977622863642,"{""type"":""MultiPoint"",""coordinates"":[]}"
"303,9634","303,9634",0.4318916134078137,0.064541864466094,4089.7464777639047,1,5.909919283150856,5.478027669743042,"{""type"":""MultiPoint"",""coordinates"":[]}"
"304,9634","304,9634",1.1597083512826258,0.4672517962457491,4158.862390123493,1,2.1068243298522864,0.9471159785696606,"{""type"":""MultiPoint"",""coordinates"":[]}"
"305,9634","305,9634",0.708408417291518,0.5213157987332321,4227.978596028296,1,0.7437264624627997,0.03531804517128164,"{""type"":""MultiPoint"",""coordinates"":[]}"
"306,9634","306,9634",0.41065515015985593,0.33784570070766873,4297.095080881207,1,0.4323781018648719,0.02172295170501598,"{""type"":""MultiPoint"",""coordinates"":[]}"
"307,9634","307,9634",0.20634188900873499,0.1776932800787968,4366.211863107524,1,0.2674498571305985,0.0611079681218635,"{""type"":""MultiPoint"",""coordinates"":[]}"
"308,9634","308,9634",0.19432654605821534,0.17407790442583343,4435.328925103169,1,0.2163002711442949,0.02197372508607955,"{""type"":""MultiPoint"",""coordinates"":[]}"
"309,9634","309,9634",0.08938933576194985,0.08561729682639886,4504.446265794459,1,0.08938933576194985,0.0,"{""type"":""MultiPoint"",""coordinates"":[]}"
"310,9634","310,9634",0.07468592946969188,0.07202846026013371,4573.563878444628,1,0.07468592946969188,0.0,"{""type"":""MultiPoint"",""coordinates"":[]}"
"311,9634","311,9634",-0.09846810383253356,-0.0931274114485647,4642.6817727345815,1,0.008878242807323428,0.10734634663985698,"{""type"":""MultiPoint"",""coordinates"":[]}"
"312,9634","312,9634",0.7476102987618759,0.4938112062554529,4711.799931092198,1,0.9184054665925058,0.17079516783062987,"{""type"":""MultiPoint"",""coordinates"":[]}"
"313,9634","313,9634",0.6072011888537503,0.3003314722414041,4780.918352446417,1,1.3405446939884798,0.7333435051347295,"{""type"":""MultiPoint"",""coordinates"":[]}"
"314,9634","314,9634",0.8000021704459845,0.3504937600773028,4850.037033926614,1,1.7058201631250451,0.9058179926790606,"{""type"":""MultiPoint"",""coordinates"":[]}"
"315,9634","315,9634",0.7033243863141698,0.39470475040812397,4919.155981592563,1,1.1566361158269722,0.45331172951280246,"{""type"":""MultiPoint"",""coordinates"":[]}"
"316,9634","316,9634",0.5620156933634122,0.37373202937429995,5022.156906753613,1,0.8022640640651865,0.24024837070177435,"{""type"":""MultiPoint"",""coordinates"":[]}"
"317,9634","317,9634",0.36532607572448494,0.3050520815130751,5195.401611567103,1,0.3895215363510675,0.02419546062658256,"{""type"":""MultiPoint"",""coordinates"":[]}"
"318,9634","318,9634",0.07013443079174535,0.0677842768362092,5368.647029538336,1,0.07013443079174535,0.0,"{""type"":""MultiPoint"",""coordinates"":[]}"
"319,9634","319,9634",0.0056107927053119745,0.005595110839043272,5541.893158284758,1,0.0056107927053119745,0.0,"{""type"":""MultiPoint"",""coordinates"":[]}"
"320,9634","320,9634",0.022443170821247898,0.022195028731342513,5715.139988751395,1,0.022443170821247898,0.0,"{""type"":""MultiPoint"",""coordinates"":[]}"
"321,9634","321,9634",0.0,0.0,5888.3875100366995,0,0.0,0.0,"{""type"":""MultiPoint"",""coordinates"":[]}"
"322,9634","322,9634",0.01867425472387005,0.018502031617455398,6061.635710918763,1,0.01867425472387005,0.0,"{""type"":""MultiPoint"",""coordinates"":[]}"
"323,9634","323,9634",0.008618886795632332,0.00858195623930974,6234.884583244986,1,0.008618886795632332,0.0,"{""type"":""MultiPoint"",""coordinates"":[]}"
"324,9634","324,9634",-0.07143531332736555,-0.06899916390602863,6408.134128281248,1,0.0,0.07143531332736555,"{""type"":""MultiPoint"",""coordinates"":[]}"
"325,9634","325,9634",0.058264491030979894,0.056630293716099143,6581.384325553643,1,0.058264491030979894,0.0,"{""type"":""MultiPoint"",""coordinates"":[]}"
"326,9634","326,9634",0.0,0.0,6754.635180317139,0,0.0,0.0,"{""type"":""MultiPoint"",""coordinates"":[]}"
"327,9634","327,9634",0.0,0.0,6927.886668544689,0,0.0,0.0,"{""type"":""MultiPoint"",""coordinates"":[]}"
"328,9634","328,9634",0.0,0.0,7101.138792356086,0,0.0,0.0,"{""type"":""MultiPoint"",""coordinates"":[]}"
"329,9634","329,9634",0.0,0.0,7274.39153913702,0,0.0,0.0,"{""type"":""MultiPoint"",""coordinates"":[]}"
"330,9634","330,9634",0.0,0.0,7447.644908696294,0,0.0,0.0,"{""type"":""MultiPoint"",""coordinates"":[]}"
"331,9634","331,9634",-0.09663477172275435,-0.09224619215075416,7620.89888476047,1,0.0,0.09663477172275435,"{""type"":""MultiPoint"",""coordinates"":[]}"
"332,9634","332,9634",-0.31802523095313817,-0.2761345792606179,7794.153449070297,1,0.0,0.31802523095313817,"{""type"":""MultiPoint"",""coordinates"":[]}"
"333,9634","333,9634",-0.12692503416791875,-0.11949271480432777,7967.408604399173,1,0.0,0.12692503416791875,"{""type"":""MultiPoint"",""coordinates"":[]}"
"334,9634","334,9634",0.0,0.0,8140.664356346306,0,0.0,0.0,"{""type"":""MultiPoint"",""coordinates"":[]}"
"335,9634","335,9634",-0.11566333364225129,-0.10944914608328413,8313.920669765637,1,0.0,0.11566333364225129,"{""type"":""MultiPoint"",""coordinates"":[]}"
"336,9634","336,9634",-0.17943469879122662,-0.16503525486644827,8487.1775500342,1,0.0,0.17943469879122662,"{""type"":""MultiPoint"",""coordinates"":[]}"
"337,9634","337,9634",-0.006107540263605388,-0.006088964834653572,8660.434992422983,1,0.0,0.006107540263605388,"{""type"":""MultiPoint"",""coordinates"":[]}"
"338,9634","338,9634",0.0,0.0,8833.692976894856,0,0.0,0.0,"{""type"":""MultiPoint"",""coordinates"":[]}"
"339,9634","339,9634",0.0,0.0,9006.95150300209,0,0.0,0.0,"{""type"":""MultiPoint"",""coordinates"":[]}"
"340,9634","340,9634",0.0,0.0,8920.62415482589,0,0.0,0.0,"{""type"":""MultiPoint"",""coordinates"":[]}"
"341,9634","341,9634",0.0,0.0,8816.371095922124,0,0.0,0.0,"{""type"":""MultiPoint"",""coordinates"":[]}"
"342,9634","342,9634",0.0,0.0,8712.117470778605,0,0.0,0.0,"{""type"":""MultiPoint"",""coordinates"":[]}"
"343,9634","343,9634",0.0,0.0,8607.863283937319,0,0.0,0.0,"{""type"":""MultiPoint"",""coordinates"":[]}"
"344,9634","344,9634",0.0,0.0,8503.608544532017,0,0.0,0.0,"{""type"":""MultiPoint"",""coordinates"":[]}"
"345,9634","345,9634",0.0,0.0,8399.353255175054,0,0.0,0.0,"{""type"":""MultiPoint"",""coordinates"":[]}"
"346,9634","346,9634",0.0,0.0,8295.097430822037,0,0.0,0.0,"{""type"":""MultiPoint"",""coordinates"":[]}"
"347,9634","347,9634",0.0,0.0,8209.599738931749,0,0.0,0.0,"{""type"":""MultiPoint"",""coordinates"":[]}"
"348,9634","348,9634",0.0,0.0,8233.676143772354,0,0.0,0.0,"{""type"":""MultiPoint"",""coordinates"":[]}"
"349,9634","349,9634",0.0,0.0,8377.92941190593,0,0.0,0.0,"{""type"":""MultiPoint"",""coordinates"":[]}"
"350,9634","350,9634",0.0,0.0,8636.341922083098,0,0.0,0.0,"{""type"":""MultiPoint"",""coordinates"":[]}"
"351,9634","351,9634",0.0,0.0,8986.279535941734,0,0.0,0.0,"{""type"":""MultiPoint"",""coordinates"":[]}"
"352,9634","352,9634",0.0,0.0,9347.901106524847,0,0.0,0.0,"{""type"":""MultiPoint"",""coordinates"":[]}"
"353,9634","353,9634",0.0,0.0,9709.523838575738,0,0.0,0.0,"{""type"":""MultiPoint"",""coordinates"":[]}"
"354,9634","354,9634",0.0,0.0,10071.147734376771,0,0.0,0.0,"{""type"":""MultiPoint"",""coordinates"":[]}"
"355,9634","355,9634",0.0,0.0,10195.922313795514,0,0.0,0.0,"{""type"":""MultiPoint"",""coordinates"":[]}"
"356,9634","356,9634",0.0,0.0,10199.206234975896,0,0.0,0.0,"{""type"":""MultiPoint"",""coordinates"":[]}"
"357,9634","357,9634",0.0,0.0,10202.489988473772,0,0.0,0.0,"{""type"":""MultiPoint"",""coordinates"":[]}"
"358,9634","358,9634",0.20043519761872614,0.18268415572928615,10205.773567697819,1,0.20043519761872614,0.0,"{""type"":""MultiPoint"",""coordinates"":[]}"
"359,9634","359,9634",0.38136462945149513,0.32307187248861685,10209.056960274469,1,0.38136462945149513,0.0,"{""type"":""MultiPoint"",""coordinates"":[]}"
"360,9634","360,9634",0.21654623379446056,0.19601588810449955,10212.340169942463,1,0.21654623379446056,0.0,"{""type"":""MultiPoint"",""coordinates"":[]}"
"361,9634","361,9634",0.014076081193881493,0.013977933117521338,10215.62320302906,1,0.014076081193881493,0.0,"{""type"":""MultiPoint"",""coordinates"":[]}"
"362,9634","362,9634",0.0,0.0,10218.906059180666,0,0.0,0.0,"{""type"":""MultiPoint"",""coordinates"":[]}"
"363,9634","363,9634",0.0,0.0,10222.188735387099,0,0.0,0.0,"{""type"":""MultiPoint"",""coordinates"":[]}"
"364,9634","364,9634",0.0,0.0,10225.471236674537,0,0.0,0.0,"{""type"":""MultiPoint"",""coordinates"":[]}"
"365,9634","365,9634",0.0,0.0,10228.753551675976,0,0.0,0.0,"{""type"":""MultiPoint"",""coordinates"":[]}"
"366,9634","366,9634",0.0,0.0,10232.035689859555,0,0.0,0.0,"{""type"":""MultiPoint"",""coordinates"":[]}"
"367,9634","367,9634",0.0,0.0,10235.317642239677,0,0.0,0.0,"{""type"":""MultiPoint"",""coordinates"":[]}"
"368,9634","368,9634",0.0,0.0,10238.599410564997,0,0.0,0.0,"{""type"":""MultiPoint"",""coordinates"":[]}"
"369,9634","369,9634",0.0,0.0,10241.881009524093,0,0.0,0.0,"{""type"":""MultiPoint"",""coordinates"":[]}"
"370,9634","370,9634",0.0,0.0,10245.162420072598,0,0.0,0.0,"{""type"":""MultiPoint"",""coordinates"":[]}"
"371,9634","371,9634",0.0,0.0,10248.443653916687,0,0.0,0.0,"{""type"":""MultiPoint"",""coordinates"":[]}"
"372,9634","372,9634",0.0,0.0,10251.724708599608,0,0.0,0.0,"{""type"":""MultiPoint"",""coordinates"":[]}"
"373,9634","373,9634",0.0,0.0,10255.005580702062,0,0.0,0.0,"{""type"":""MultiPoint"",""coordinates"":[]}"
"374,9634","374,9634",0.0,0.0,10258.286266590738,0,0.0,0.0,"{""type"":""MultiPoint"",""coordinates"":[]}"
"375,9634","375,9634",0.0,0.0,10261.566776797257,0,0.0,0.0,"{""type"":""MultiPoint"",""coordinates"":[]}"
"376,9634","376,9634",0.0,0.0,10264.847103886446,0,0.0,0.0,"{""type"":""MultiPoint"",""coordinates"":[]}"
"377,9634","377,9634",0.0,0.0,10268.12724618287,0,0.0,0.0,"{""type"":""MultiPoint"",""coordinates"":[]}"
"378,9634","378,9634",0.0,0.0,10271.407206670408,0,0.0,0.0,"{""type"":""MultiPoint"",""coordinates"":[]}"
"379,9634","379,9634",0.0,0.0,10274.686989721926,0,0.0,0.0,"{""type"":""MultiPoint"",""coordinates"":[]}"
"380,9634","380,9634",0.0,0.0,10277.966583501877,0,0.0,0.0,"{""type"":""MultiPoint"",""coordinates"":[]}"
"381,9634","381,9634",0.0,0.0,10281.245994950994,0,0.0,0.0,"{""type"":""MultiPoint"",""coordinates"":[]}"
"382,9634","382,9634",0.0,0.0,10284.525228085105,0,0.0,0.0,"{""type"":""MultiPoint"",""coordinates"":[]}"
"383,9634","383,9634",0.0,0.0,10287.80428037475,0,0.0,0.0,"{""type"":""MultiPoint"",""coordinates"":[]}"
"384,9634","384,9634",0.0,0.0,10291.083150237591,0,0.0,0.0,"{""type"":""MultiPoint"",""coordinates"":[]}"
"385,9634","385,9634",0.0,0.0,10294.361835523527,0,0.0,0.0,"{""type"":""MultiPoint"",""coordinates"":[]}"
"386,9634","386,9634",0.0,0.0,10297.640329840026,0,0.0,0.0,"{""type"":""MultiPoint"",""coordinates"":[]}"
"387,9634","387,9634",0.0,0.0,10300.918647563922,0,0.0,0.0,"{""type"":""MultiPoint"",""coordinates"":[]}"
"388,9634","388,9634",0.0,0.0,10304.196777123889,0,0.0,0.0,"{""type"":""MultiPoint"",""coordinates"":[]}"
"389,9634","389,9634",0.0,0.0,10307.474721472254,0,0.0,0.0,"{""type"":""MultiPoint"",""coordinates"":[]}"
"390,9634","390,9634",0.0,0.0,10310.75248968739,0,0.0,0.0,"{""type"":""MultiPoint"",""coordinates"":[]}"
"391,9634","391,9634",0.0,0.0,10314.030064036984,0,0.0,0.0,"{""type"":""MultiPoint"",""coordinates"":[]}"
"392,9634","392,9634",0.0,0.0,10317.307461144825,0,0.0,0.0,"{""type"":""MultiPoint"",""coordinates"":[]}"
"393,9634","393,9634",0.0,0.0,10320.584675489767,0,0.0,0.0,"{""type"":""MultiPoint"",""coordinates"":[]}"
"394,9634","394,9634",0.0,0.0,10323.861704024923,0,0.0,0.0,"{""type"":""MultiPoint"",""coordinates"":[]}"
"395,9634","395,9634",0.0,0.0,10327.138546492612,0,0.0,0.0,"{""type"":""MultiPoint"",""coordinates"":[]}"
"396,9634","396,9634",0.0,0.0,10330.41520124232,0,0.0,0.0,"{""type"":""MultiPoint"",""coordinates"":[]}"
"397,9634","397,9634",0.0,0.0,10333.691671468137,0,0.0,0.0,"{""type"":""MultiPoint"",""coordinates"":[]}"
"398,9634","398,9634",0.0,0.0,10336.967963306044,0,0.0,0.0,"{""type"":""MultiPoint"",""coordinates"":[]}"
"399,9634","399,9634",0.0,0.0,10340.24406173913,0,0.0,0.0,"{""type"":""MultiPoint"",""coordinates"":[]}"
"400,9634","400,9634",0.0,0.0,10343.519971692185,0,0.0,0.0,"{""type"":""MultiPoint"",""coordinates"":[]}"
"401,9634","401,9634",0.0,0.0,10346.795707260979,0,0.0,0.0,"{""type"":""MultiPoint"",""coordinates"":[]}"
"402,9634","402,9634",0.0,0.0,10350.071243727256,0,0.0,0.0,"{""type"":""MultiPoint"",""coordinates"":[]}"
"403,9634","403,9634",0.0,0.0,10353.930203053542,0,0.0,0.0,"{""type"":""MultiPoint"",""coordinates"":[]}"
"404,9634","404,9634",0.0,0.0,10415.956022251281,0,0.0,0.0,"{""type"":""MultiPoint"",""coordinates"":[]}"
"448,9634","448,9634",0.015303454272551078,0.015187537537858732,10448.360534491976,1,0.015303454272551078,0.0,"{""type"":""MultiPoint"",""coordinates"":[]}"
"449,9634","449,9634",0.0,0.0,10166.67306917735,0,0.0,0.0,"{""type"":""MultiPoint"",""coordinates"":[]}"
"450,9634","450,9634",0.0,0.0,9977.75775161823,0,0.0,0.0,"{""type"":""MultiPoint"",""coordinates"":[]}"
"451,9634","451,9634",0.0,0.0,9886.93351093029,0,0.0,0.0,"{""type"":""MultiPoint"",""coordinates"":[]}"
"452,9634","452,9634",0.0,0.0,9896.90116617229,0,0.0,0.0,"{""type"":""MultiPoint"",""coordinates"":[]}"
"453,9634","453,9634",0.0,0.0,10007.359969176543,0,0.0,0.0,"{""type"":""MultiPoint"",""coordinates"":[]}"
"454,9634","454,9634",0.0,0.0,10215.051380682546,0,0.0,0.0,"{""type"":""MultiPoint"",""coordinates"":[]}"
"455,9634","455,9634",0.0,0.0,10514.216120612982,0,0.0,0.0,"{""type"":""MultiPoint"",""coordinates"":[]}"
"236,9635","236,9635",-0.09086608695836113,-0.06767866726319521,9996.20839686209,1,0.29768985753709615,0.3885559444954573,"{""type"":""MultiPoint"",""coordinates"":[]}"
"237,9635","237,9635",0.059175868186946645,0.04388921963250869,9425.44923777145,1,0.3781051190493451,0.31892925086239843,"{""type"":""MultiPoint"",""coordinates"":[]}"
"238,9635","238,9635",0.3066587524219289,0.21110768684166864,8930.404918228429,1,0.6113378605060439,0.30467910808411497,"{""type"":""MultiPoint"",""coordinates"":[]}"
"239,9635","239,9635",0.3715459144299002,0.23495693023527925,8524.278291559716,1,0.7743773113161809,0.4028313968862807,"{""type"":""MultiPoint"",""coordinates"":[]}"
"240,9635","240,9635",0.3603909767596918,0.2710911569156004,8220.260020376007,1,0.5177359273027822,0.15734495054309036,"{""type"":""MultiPoint"",""coordinates"":[]}"
"241,9635","241,9635",0.1317442513185821,0.1237600278587658,8029.956972670813,1,0.1317442513185821,0.0,"{""type"":""MultiPoint"",""coordinates"":[]}"
"242,9635","242,9635",0.013661883465231282,0.013569401303618424,7961.528806010948,1,0.013661883465231282,0.0,"{""type"":""MultiPoint"",""coordinates"":[]}"
"243,9635","243,9635",0.0,0.0,7995.671450584741,0,0.0,0.0,"{""type"":""MultiPoint"",""coordinates"":[]}"
"244,9635","244,9635",0.0,0.0,8039.831265164639,0,0.0,0.0,"{""type"":""MultiPoint"",""coordinates"":[]}"
"245,9635","245,9635",0.0,0.0,8083.991220642875,0,0.0,0.0,"{""type"":""MultiPoint"",""coordinates"":[]}"
"246,9635","246,9635",0.0,0.0,8128.151319491982,0,0.0,0.0,"{""type"":""MultiPoint"",""coordinates"":[]}"
"247,9635","247,9635",0.0,0.0,8172.311551254851,0,0.0,0.0,"{""type"":""MultiPoint"",""coordinates"":[]}"
"248,9635","248,9635",0.0,0.0,8216.471921809425,0,0.0,0.0,"{""type"":""MultiPoint"",""coordinates"":[]}"
"249,9635","249,9635",0.0,0.0,8260.632427381106,0,0.0,0.0,"{""type"":""MultiPoint"",""coordinates"":[]}"
"250,9635","250,9635",0.0,0.0,8304.793061243077,0,0.0,0.0,"{""type"":""MultiPoint"",""coordinates"":[]}"
"251,9635","251,9635",0.0,0.0,8348.953821369347,0,0.0,0.0,"{""type"":""MultiPoint"",""coordinates"":[]}"
"252,9635","252,9635",0.0,0.0,8393.114711490454,0,0.0,0.0,"{""type"":""MultiPoint"",""coordinates"":[]}"
"253,9635","253,9635",0.0,0.0,8437.275733653303,0,0.0,0.0,"{""type"":""MultiPoint"",""coordinates"":[]}"
"254,9635","254,9635",0.0,0.0,8467.768368611652,0,0.0,0.0,"{""type"":""MultiPoint"",""coordinates"":[]}"
"255,9635","255,9635",0.0,0.0,8406.30849203364,0,0.0,0.0,"{""type"":""MultiPoint"",""coordinates"":[]}"
"256,9635","256,9635",0.0,0.0,8344.848102499844,0,0.0,0.0,"{""type"":""MultiPoint"",""coordinates"":[]}"
"257,9635","257,9635",0.0,0.0,8283.387192238888,0,0.0,0.0,"{""type"":""MultiPoint"",""coordinates"":[]}"
"258,9635","258,9635",0.0,0.0,8221.925772460352,0,0.0,0.0,"{""type"":""MultiPoint"",""coordinates"":[]}"
"259,9635","259,9635",0.0,0.0,8160.463845341391,0,0.0,0.0,"{""type"":""MultiPoint"",""coordinates"":[]}"
"260,9635","260,9635",0.0,0.0,8099.001412739825,0,0.0,0.0,"{""type"":""MultiPoint"",""coordinates"":[]}"
"261,9635","261,9635",0.0,0.0,8016.77306817937,0,0.0,0.0,"{""type"":""MultiPoint"",""coordinates"":[]}"
"262,9635","262,9635",0.0,0.0,7895.395270830221,0,0.0,0.0,"{""type"":""MultiPoint"",""coordinates"":[]}"
"263,9635","263,9635",0.0,0.0,7774.016638210876,0,0.0,0.0,"{""type"":""MultiPoint"",""coordinates"":[]}"
"264,9635","264,9635",0.0,0.0,7652.637164295902,0,0.0,0.0,"{""type"":""MultiPoint"",""coordinates"":[]}"
"265,9635","265,9635",0.0,0.0,7531.25685139951,0,0.0,0.0,"{""type"":""MultiPoint"",""coordinates"":[]}"
"266,9635","266,9635",0.0,0.0,7409.875717805681,0,0.0,0.0,"{""type"":""MultiPoint"",""coordinates"":[]}"
"267,9635","267,9635",0.0,0.0,7288.4937539901575,0,0.0,0.0,"{""type"":""MultiPoint"",""coordinates"":[]}"
"268,9635","268,9635",0.0,0.0,7167.11097385231,0,0.0,0.0,"{""type"":""MultiPoint"",""coordinates"":[]}"
"269,9635","269,9635",0.0,0.0,7045.727393352929,0,0.0,0.0,"{""type"":""MultiPoint"",""coordinates"":[]}"
"270,9635","270,9635",0.0,0.0,6924.343006302716,0,0.0,0.0,"{""type"":""MultiPoint"",""coordinates"":[]}"
"271,9635","271,9635",0.0,0.0,6802.95781555704,0,0.0,0.0,"{""type"":""MultiPoint"",""coordinates"":[]}"
"272,9635","272,9635",0.0,0.0,6681.571835113538,0,0.0,0.0,"{""type"":""MultiPoint"",""coordinates"":[]}"
"273,9635","273,9635",0.0,0.0,6560.185070761319,0,0.0,0.0,"{""type"":""MultiPoint"",""coordinates"":[]}"
"274,9635","274,9635",0.0,0.0,6438.79751665193,0,0.0,0.0,"{""type"":""MultiPoint"",""coordinates"":[]}"
"275,9635","275,9635",0.0,0.0,6317.4091949620915,0,0.0,0.0,"{""type"":""MultiPoint"",""coordinates"":[]}"
"276,9635","276,9635",0.0,0.0,6196.020108774868,0,0.0,0.0,"{""type"":""MultiPoint"",""coordinates"":[]}"
"277,9635","277,9635",0.0,0.0,6074.63025570839,0,0.0,0.0,"{""type"":""MultiPoint"",""coordinates"":[]}"
"278,9635","278,9635",0.0,0.0,5953.239646287497,0,0.0,0.0,"{""type"":""MultiPoint"",""coordinates"":[]}"
"279,9635","279,9635",0.0,0.0,5831.848282989961,0,0.0,0.0,"{""type"":""MultiPoint"",""coordinates"":[]}"
"280,9635","280,9635",0.0,0.0,5710.45618455486,0,0.0,0.0,"{""type"":""MultiPoint"",""coordinates"":[]}"
"281,9635","281,9635",0.0,0.0,5589.063335679112,0,0.0,0.0,"{""type"":""MultiPoint"",""coordinates"":[]}"
"282,9635","282,9635",0.0,0.0,5467.669759672906,0,0.0,0.0,"{""type"":""MultiPoint"",""coordinates"":[]}"
"283,9635","283,9635",0.0,0.0,5346.275452367229,0,0.0,0.0,"{""type"":""MultiPoint"",""coordinates"":[]}"
"284,9635","284,9635",0.0,0.0,5224.880426626767,0,0.0,0.0,"{""type"":""MultiPoint"",""coordinates"":[]}"
"285,9635","285,9635",0.0,0.0,5103.484690453866,0,0.0,0.0,"{""type"":""MultiPoint"",""coordinates"":[]}"
"286,9635","286,9635",0.0,0.0,4982.088235802597,0,0.0,0.0,"{""type"":""MultiPoint"",""coordinates"":[]}"
"287,9635","287,9635",0.0,0.0,4860.69108593761,0,0.0,0.0,"{""type"":""MultiPoint"",""coordinates"":[]}"
"288,9635","288,9635",0.0,0.0,4739.293236994933,0,0.0,0.0,"{""type"":""MultiPoint"",""coordinates"":[]}"
"289,9635","289,9635",0.0,0.0,4617.894692260848,0,0.0,0.0,"{""type"":""MultiPoint"",""coordinates"":[]}"
"290,9635","290,9635",0.0,0.0,4496.495460516831,0,0.0,0.0,"{""type"":""MultiPoint"",""coordinates"":[]}"
"291,9635","291,9635",0.0,0.0,4375.095558294364,0,0.0,0.0,"{""type"":""MultiPoint"",""coordinates"":[]}"
"292,9635","292,9635",0.007744980021559142,0.0077151416299294584,4327.046121888103,1,0.007744980021559142,0.0,"{""type"":""MultiPoint"",""coordinates"":[]}"
"293,9635","293,9635",0.0,0.0,4396.074087372413,0,0.0,0.0,"{""type"":""MultiPoint"",""coordinates"":[]}"
"294,9635","294,9635",0.0,0.0,4465.191968135878,0,0.0,0.0,"{""type"":""MultiPoint"",""coordinates"":[]}"
"295,9635","295,9635",0.0,0.0,4534.31015755741,0,0.0,0.0,"{""type"":""MultiPoint"",""coordinates"":[]}"
"296,9635","296,9635",0.0,0.0,4603.428642543335,0,0.0,0.0,"{""type"":""MultiPoint"",""coordinates"":[]}"
"297,9635","297,9635",0.0,0.0,4672.5474221357745,0,0.0,0.0,"{""type"":""MultiPoint"",""coordinates"":[]}"
"298,9635","298,9635",0.0,0.0,4741.666493496177,0,0.0,0.0,"{""type"":""MultiPoint"",""coordinates"":[]}"
"299,9635","299,9635",0.02553051205350355,0.025050711600628134,4810.785851157198,1,0.03197171853280047,0.006441206479296917,"{""type"":""MultiPoint"",""coordinates"":[]}"
"300,9635","300,9635",0.023282738706818802,0.022690729441853276,4879.905503094288,1,0.037775752634141464,0.01449301392732266,"{""type"":""MultiPoint"",""coordinates"":[]}"
"301,9635","301,9635",0.02307546302063824,0.02218822229503008,4949.025430699364,1,0.05156741076952791,0.02849194774888967,"{""type"":""MultiPoint"",""coordinates"":[]}"
"302,9635","302,9635",0.13650395252747455,0.0971044774999324,5018.1456457386585,1,0.4750995321392096,0.33859557961173503,"{""type"":""MultiPoint"",""coordinates"":[]}"
"303,9635","303,9635",0.07177921153216182,0.03218435086865312,5087.266124426621,1,1.2663340740880975,1.1945548625559357,"{""type"":""MultiPoint"",""coordinates"":[]}"
"304,9635","304,9635",0.21247391720119957,0.13200787050428348,5156.386881410796,1,0.7181285506033102,0.5056546334021106,"{""type"":""MultiPoint"",""coordinates"":[]}"
"305,9635","305,9635",0.1781132969336632,0.1620714904884096,5225.507894568398,1,0.19044100346728268,0.012327706533619484,"{""type"":""MultiPoint"",""coordinates"":[]}"
"306,9635","306,9635",0.015305537051681374,0.015189588921595725,5294.629189072568,1,0.015305537051681374,0.0,"{""type"":""MultiPoint"",""coordinates"":[]}"
"307,9635","307,9635",0.0,0.0,5363.750734233025,0,0.0,0.0,"{""type"":""MultiPoint"",""coordinates"":[]}"
"308,9635","308,9635",0.0,0.0,5432.872545116927,0,0.0,0.0,"{""type"":""MultiPoint"",""coordinates"":[]}"
"309,9635","309,9635",0.0,0.0,5501.994608486027,0,0.0,0.0,"{""type"":""MultiPoint"",""coordinates"":[]}"
"310,9635","310,9635",0.0,0.0,5571.116920732052,0,0.0,0.0,"{""type"":""MultiPoint"",""coordinates"":[]}"
"311,9635","311,9635",0.0,0.0,5640.239478892029,0,0.0,0.0,"{""type"":""MultiPoint"",""coordinates"":[]}"
"312,9635","312,9635",0.3784288906511851,0.3191031988775825,5709.3622878227,1,0.3851743749973269,0.006745484346141722,"{""type"":""MultiPoint"",""coordinates"":[]}"
"313,9635","313,9635",0.4083985153326887,0.27034218371180224,5778.485330847641,1,0.724061229622807,0.3156627142901182,"{""type"":""MultiPoint"",""coordinates"":[]}"
"314,9635","314,9635",0.5851218111584375,0.33079401285809823,5847.60862160637,1,1.0775015231384406,0.492379711980003,"{""type"":""MultiPoint"",""coordinates"":[]}"
"315,9635","315,9635",0.5933184303289089,0.39474108903249183,5916.732144363357,1,0.8191831652059994,0.2258647348770906,"{""type"":""MultiPoint"",""coordinates"":[]}"
"316,9635","316,9635",0.6078332907361376,0.4667854372869584,6008.069609294062,1,0.6296436989991628,0.02181040826302531,"{""type"":""MultiPoint"",""coordinates"":[]}"
"317,9635","317,9635",0.16266635525294051,0.15071594953421313,6180.258667162102,1,0.16266635525294051,0.0,"{""type"":""MultiPoint"",""coordinates"":[]}"
"318,9635","318,9635",0.0,0.0,6353.5085337813625,0,0.0,0.0,"{""type"":""MultiPoint"",""coordinates"":[]}"
"319,9635","319,9635",0.0,0.0,6526.759097172525,0,0.0,0.0,"{""type"":""MultiPoint"",""coordinates"":[]}"
"320,9635","320,9635",0.0,0.0,6700.010327216287,0,0.0,0.0,"{""type"":""MultiPoint"",""coordinates"":[]}"
"321,9635","321,9635",0.0,0.0,6873.262229626533,0,0.0,0.0,"{""type"":""MultiPoint"",""coordinates"":[]}"
"322,9635","322,9635",0.0,0.0,7046.514790026605,0,0.0,0.0,"{""type"":""MultiPoint"",""coordinates"":[]}"
"323,9635","323,9635",0.0,0.0,7219.76799925225,0,0.0,0.0,"{""type"":""MultiPoint"",""coordinates"":[]}"
"324,9635","324,9635",0.0,0.0,7393.021854870082,0,0.0,0.0,"{""type"":""MultiPoint"",""coordinates"":[]}"
"325,9635","325,9635",0.0,0.0,7566.276345380396,0,0.0,0.0,"{""type"":""MultiPoint"",""coordinates"":[]}"
"326,9635","326,9635",0.0,0.0,7739.531457500829,0,0.0,0.0,"{""type"":""MultiPoint"",""coordinates"":[]}"
"327,9635","327,9635",0.0,0.0,7912.787182917912,0,0.0,0.0,"{""type"":""MultiPoint"",""coordinates"":[]}"
"328,9635","328,9635",0.0,0.0,8086.043529475936,0,0.0,0.0,"{""type"":""MultiPoint"",""coordinates"":[]}"
"329,9635","329,9635",0.0,0.0,8259.300469703285,0,0.0,0.0,"{""type"":""MultiPoint"",""coordinates"":[]}"
"330,9635","330,9635",-0.040445840312845184,-0.03964931389936285,8432.557995663146,1,0.0,0.040445840312845184,"{""type"":""MultiPoint"",""coordinates"":[]}"
"331,9635","331,9635",-0.14959754537985404,-0.13941192058542132,8605.816112790399,1,0.0,0.14959754537985404,"{""type"":""MultiPoint"",""coordinates"":[]}"
"332,9635","332,9635",-0.10980185562978963,-0.1041814909480837,8779.074808531517,1,0.0,0.10980185562978963,"{""type"":""MultiPoint"",""coordinates"":[]}"
"333,9635","333,9635",0.0,0.0,8952.33406881697,0,0.0,0.0,"{""type"":""MultiPoint"",""coordinates"":[]}"
"334,9635","334,9635",0.0,0.0,9125.593881352399,0,0.0,0.0,"{""type"":""MultiPoint"",""coordinates"":[]}"
"335,9635","335,9635",-0.44381650218306334,-0.36728995634527895,9298.854242040896,1,0.0,0.44381650218306334,"{""type"":""MultiPoint"",""coordinates"":[]}"
"336,9635","336,9635",-0.460772141865176,-0.3460543555850423,9472.115153899804,1,0.11437738512316317,0.5751495269883392,"{""type"":""MultiPoint"",""coordinates"":[]}"
"337,9635","337,9635",-0.1415886150466071,-0.13191474766249917,9645.376592627907,1,0.00409594723302075,0.14568456227962787,"{""type"":""MultiPoint"",""coordinates"":[]}"
"338,9635","338,9635",-0.22315090731677845,-0.2014302401941885,9818.638552660477,1,0.0,0.22315090731677845,"{""type"":""MultiPoint"",""coordinates"":[]}"
"339,9635","339,9635",0.0,0.0,9991.901039442697,0,0.0,0.0,"{""type"":""MultiPoint"",""coordinates"":[]}"
"340,9635","340,9635",0.0,0.0,9915.250489412228,0,0.0,0.0,"{""type"":""MultiPoint"",""coordinates"":[]}"
"341,9635","341,9635",0.0,0.0,9811.001320496473,0,0.0,0.0,"{""type"":""MultiPoint"",""coordinates"":[]}"
"342,9635","342,9635",0.0,0.0,9706.751573045376,0,0.0,0.0,"{""type"":""MultiPoint"",""coordinates"":[]}"
"343,9635","343,9635",0.0,0.0,9602.501235113466,0,0.0,0.0,"{""type"":""MultiPoint"",""coordinates"":[]}"
"344,9635","344,9635",0.0,0.0,9498.250320310828,0,0.0,0.0,"{""type"":""MultiPoint"",""coordinates"":[]}"
"345,9635","345,9635",0.0,0.0,9393.998835714592,0,0.0,0.0,"{""type"":""MultiPoint"",""coordinates"":[]}"
"346,9635","346,9635",0.0,0.0,9289.746781005239,0,0.0,0.0,"{""type"":""MultiPoint"",""coordinates"":[]}"
"347,9635","347,9635",0.0,0.0,9209.096997680277,0,0.0,0.0,"{""type"":""MultiPoint"",""coordinates"":[]}"
"348,9635","348,9635",0.0,0.0,9230.5702975391,0,0.0,0.0,"{""type"":""MultiPoint"",""coordinates"":[]}"
"349,9635","349,9635",0.0,0.0,9359.474912907222,0,0.0,0.0,"{""type"":""MultiPoint"",""coordinates"":[]}"
"350,9635","350,9635",0.0,0.0,9591.482224924312,0,0.0,0.0,"{""type"":""MultiPoint"",""coordinates"":[]}"
"351,9635","351,9635",0.0,0.0,9918.73836529681,0,0.0,0.0,"{""type"":""MultiPoint"",""coordinates"":[]}"
"352,9635","352,9635",0.0,0.0,10280.363413999534,0,0.0,0.0,"{""type"":""MultiPoint"",""coordinates"":[]}"
"237,9636","237,9636",0.26775958525878896,0.2121164303369567,10283.65381316941,1,0.4009329082992856,0.1331733230404966,"{""type"":""MultiPoint"",""coordinates"":[]}"
"238,9636","238,9636",0.21802046040950895,0.19142095125144706,9831.922960339605,1,0.2514441064291647,0.03342364601965575,"{""type"":""MultiPoint"",""coordinates"":[]}"
"239,9636","239,9636",0.15532732046055564,0.13373387116854957,9464.56667067534,1,0.24086000902945942,0.0855326885689038,"{""type"":""MultiPoint"",""coordinates"":[]}"
"240,9636","240,9636",0.1688391539731972,0.15142065072341415,9191.707812225288,1,0.20158310985034297,0.03274395587714578,"{""type"":""MultiPoint"",""coordinates"":[]}"
"241,9636","241,9636",0.053684536039395575,0.052293103649083676,9021.925332450735,1,0.053684536039395575,0.0,"{""type"":""MultiPoint"",""coordinates"":[]}"
"242,9636","242,9636",0.03852905363182033,0.037805340477908574,8961.081232379018,1,0.03852905363182033,0.0,"{""type"":""MultiPoint"",""coordinates"":[]}"
"243,9636","243,9636",0.0,0.0,8994.270191498268,0,0.0,0.0,"{""type"":""MultiPoint"",""coordinates"":[]}"
"244,9636","244,9636",0.0,0.0,9038.43634014005,0,0.0,0.0,"{""type"":""MultiPoint"",""coordinates"":[]}"
"245,9636","245,9636",0.0,0.0,9082.602598002019,0,0.0,0.0,"{""type"":""MultiPoint"",""coordinates"":[]}"
"246,9636","246,9636",0.0,0.0,9126.768981826352,0,0.0,0.0,"{""type"":""MultiPoint"",""coordinates"":[]}"
"247,9636","247,9636",0.0,0.0,9170.935478825924,0,0.0,0.0,"{""type"":""MultiPoint"",""coordinates"":[]}"
"248,9636","248,9636",0.0,0.0,9215.102085085446,0,0.0,0.0,"{""type"":""MultiPoint"",""coordinates"":[]}"
"249,9636","249,9636",0.0,0.0,9259.268798064208,0,0.0,0.0,"{""type"":""MultiPoint"",""coordinates"":[]}"
"250,9636","250,9636",0.0,0.0,9303.435621203174,0,0.0,0.0,"{""type"":""MultiPoint"",""coordinates"":[]}"
"251,9636","251,9636",0.0,0.0,9347.602549515588,0,0.0,0.0,"{""type"":""MultiPoint"",""coordinates"":[]}"
"252,9636","252,9636",0.0,0.0,9391.76957926312,0,0.0,0.0,"{""type"":""MultiPoint"",""coordinates"":[]}"
"253,9636","253,9636",0.0,0.0,9435.936706137732,0,0.0,0.0,"{""type"":""MultiPoint"",""coordinates"":[]}"
"254,9636","254,9636",0.0,0.0,9465.520681818767,0,0.0,0.0,"{""type"":""MultiPoint"",""coordinates"":[]}"
"255,9636","255,9636",0.0,0.0,9404.06684996897,0,0.0,0.0,"{""type"":""MultiPoint"",""coordinates"":[]}"
"256,9636","256,9636",0.0,0.0,9342.61247362491,0,0.0,0.0,"{""type"":""MultiPoint"",""coordinates"":[]}"
"257,9636","257,9636",0.0,0.0,9281.157559382007,0,0.0,0.0,"{""type"":""MultiPoint"",""coordinates"":[]}"
"258,9636","258,9636",0.0,0.0,9219.702104870887,0,0.0,0.0,"{""type"":""MultiPoint"",""coordinates"":[]}"
"259,9636","259,9636",0.0,0.0,9158.246127633825,0,0.0,0.0,"{""type"":""MultiPoint"",""coordinates"":[]}"
"260,9636","260,9636",0.0,0.0,9096.789611587821,0,0.0,0.0,"{""type"":""MultiPoint"",""coordinates"":[]}"
"261,9636","261,9636",0.0,0.0,9009.063502128189,0,0.0,0.0,"{""type"":""MultiPoint"",""coordinates"":[]}"
"262,9636","262,9636",0.0,0.0,8887.691544726724,0,0.0,0.0,"{""type"":""MultiPoint"",""coordinates"":[]}"
"263,9636","263,9636",0.0,0.0,8766.318710216166,0,0.0,0.0,"{""type"":""MultiPoint"",""coordinates"":[]}"
"264,9636","264,9636",0.0,0.0,8644.945013215773,0,0.0,0.0,"{""type"":""MultiPoint"",""coordinates"":[]}"
"265,9636","265,9636",0.0,0.0,8523.570462687503,0,0.0,0.0,"{""type"":""MultiPoint"",""coordinates"":[]}"
"266,9636","266,9636",0.0,0.0,8402.195057124907,0,0.0,0.0,"{""type"":""MultiPoint"",""coordinates"":[]}"
"267,9636","267,9636",0.0,0.0,8280.818806995376,0,0.0,0.0,"{""type"":""MultiPoint"",""coordinates"":[]}"
"268,9636","268,9636",0.0,0.0,8159.441714857093,0,0.0,0.0,"{""type"":""MultiPoint"",""coordinates"":[]}"
"269,9636","269,9636",0.0,0.0,8038.063786516476,0,0.0,0.0,"{""type"":""MultiPoint"",""coordinates"":[]}"
"270,9636","270,9636",0.0,0.0,7916.685030538671,0,0.0,0.0,"{""type"":""MultiPoint"",""coordinates"":[]}"
"271,9636","271,9636",0.0,0.0,7795.30546139299,0,0.0,0.0,"{""type"":""MultiPoint"",""coordinates"":[]}"
"272,9636","272,9636",0.0,0.0,7673.925065655733,0,0.0,0.0,"{""type"":""MultiPoint"",""coordinates"":[]}"
"273,9636","273,9636",0.0,0.0,7552.5438558816295,0,0.0,0.0,"{""type"":""MultiPoint"",""coordinates"":[]}"
"274,9636","274,9636",0.0,0.0,7431.16185012998,0,0.0,0.0,"{""type"":""MultiPoint"",""coordinates"":[]}"
"275,9636","275,9636",0.0,0.0,7309.779039446248,0,0.0,0.0,"{""type"":""MultiPoint"",""coordinates"":[]}"
"276,9636","276,9636",0.0,0.0,7188.395442030991,0,0.0,0.0,"{""type"":""MultiPoint"",""coordinates"":[]}"
"277,9636","277,9636",0.0,0.0,7067.0110533749685,0,0.0,0.0,"{""type"":""MultiPoint"",""coordinates"":[]}"
"278,9636","278,9636",0.0,0.0,6945.6258898449805,0,0.0,0.0,"{""type"":""MultiPoint"",""coordinates"":[]}"
"279,9636","279,9636",0.0,0.0,6824.239946505213,0,0.0,0.0,"{""type"":""MultiPoint"",""coordinates"":[]}"
"280,9636","280,9636",0.0,0.0,6702.853230070044,0,0.0,0.0,"{""type"":""MultiPoint"",""coordinates"":[]}"
"281,9636","281,9636",0.0,0.0,6581.465758587529,0,0.0,0.0,"{""type"":""MultiPoint"",""coordinates"":[]}"
"282,9636","282,9636",0.0,0.0,6460.077529707607,0,0.0,0.0,"{""type"":""MultiPoint"",""coordinates"":[]}"
"283,9636","283,9636",0.0,0.0,6338.688546987273,0,0.0,0.0,"{""type"":""MultiPoint"",""coordinates"":[]}"
"284,9636","284,9636",0.0,0.0,6217.29881656301,0,0.0,0.0,"{""type"":""MultiPoint"",""coordinates"":[]}"
"285,9636","285,9636",0.0,0.0,6095.908349610359,0,0.0,0.0,"{""type"":""MultiPoint"",""coordinates"":[]}"
"286,9636","286,9636",0.0,0.0,5974.517147816791,0,0.0,0.0,"{""type"":""MultiPoint"",""coordinates"":[]}"
"287,9636","287,9636",0.0,0.0,5853.125223441363,0,0.0,0.0,"{""type"":""MultiPoint"",""coordinates"":[]}"
"288,9636","288,9636",0.0,0.0,5731.7325713242635,0,0.0,0.0,"{""type"":""MultiPoint"",""coordinates"":[]}"
"289,9636","289,9636",0.0,0.0,5610.339205689759,0,0.0,0.0,"{""type"":""MultiPoint"",""coordinates"":[]}"
"290,9636","290,9636",0.0,0.0,5488.945134849104,0,0.0,0.0,"{""type"":""MultiPoint"",""coordinates"":[]}"
"291,9636","291,9636",0.0,0.0,5367.550355228399,0,0.0,0.0,"{""type"":""MultiPoint"",""coordinates"":[]}"
"292,9636","292,9636",0.0,0.0,5325.306950397921,0,0.0,0.0,"{""type"":""MultiPoint"",""coordinates"":[]}"
"293,9636","293,9636",0.004236385635489987,0.004227437417031277,5393.543582728614,1,0.004236385635489987,0.0,"{""type"":""MultiPoint"",""coordinates"":[]}"
"294,9636","294,9636",0.0570748018910311,0.055505472492984105,5462.666558485749,1,0.0570748018910311,0.0,"{""type"":""MultiPoint"",""coordinates"":[]}"
"295,9636","295,9636",0.0,0.0,5531.7898102069985,0,0.0,0.0,"{""type"":""MultiPoint"",""coordinates"":[]}"
"296,9636","296,9636",0.0,0.0,5600.913345532629,0,0.0,0.0,"{""type"":""MultiPoint"",""coordinates"":[]}"
"297,9636","297,9636",0.0,0.0,5670.037140116671,0,0.0,0.0,"{""type"":""MultiPoint"",""coordinates"":[]}"
"298,9636","298,9636",0.0,0.0,5739.161209595241,0,0.0,0.0,"{""type"":""MultiPoint"",""coordinates"":[]}"
"299,9636","299,9636",0.0,0.0,5808.28553889454,0,0.0,0.0,"{""type"":""MultiPoint"",""coordinates"":[]}"
"300,9636","300,9636",0.0,0.0,5877.410132481865,0,0.0,0.0,"{""type"":""MultiPoint"",""coordinates"":[]}"
"301,9636","301,9636",-0.015170802484132558,-0.014978426509296091,5946.534981555783,1,0.005277071900437067,0.020447874384569624,"{""type"":""MultiPoint"",""coordinates"":[]}"
"302,9636","302,9636",0.03496254647584404,0.029530119766697588,6015.6600797110395,1,0.20152954017258673,0.1665669936967427,"{""type"":""MultiPoint"",""coordinates"":[]}"
"303,9636","303,9636",0.13713639441772435,0.11068038099077712,6084.7854301479065,1,0.3088635385699308,0.17172714415220647,"{""type"":""MultiPoint"",""coordinates"":[]}"
"304,9636","304,9636",0.09284233189608956,0.08722656345504885,6153.911027273752,1,0.11147734211528142,0.018635010219191853,"{""type"":""MultiPoint"",""coordinates"":[]}"
"305,9636","305,9636",0.011893703959965115,0.01182352973596487,6223.03688075293,1,0.011893703959965115,0.0,"{""type"":""MultiPoint"",""coordinates"":[]}"
"306,9636","306,9636",0.0,0.0,6292.162965692292,0,0.0,0.0,"{""type"":""MultiPoint"",""coordinates"":[]}"
"307,9636","307,9636",0.0,0.0,6361.289285439563,0,0.0,0.0,"{""type"":""MultiPoint"",""coordinates"":[]}"
"308,9636","308,9636",0.0,0.0,6430.415838422972,0,0.0,0.0,"{""type"":""MultiPoint"",""coordinates"":[]}"
"309,9636","309,9636",0.0,0.0,6499.542626751461,0,0.0,0.0,"{""type"":""MultiPoint"",""coordinates"":[]}"
"310,9636","310,9636",0.0,0.0,6568.669636570854,0,0.0,0.0,"{""type"":""MultiPoint"",""coordinates"":[]}"
"311,9636","311,9636",0.008802427797235994,0.008763912284665802,6637.796872172975,1,0.008802427797235994,0.0,"{""type"":""MultiPoint"",""coordinates"":[]}"
"312,9636","312,9636",0.06892545773432805,0.06601998788966734,6706.924329669359,1,0.07885084855250823,0.009925390818180183,"{""type"":""MultiPoint"",""coordinates"":[]}"
"313,9636","313,9636",0.06987009676120749,0.06707673662604205,6776.05200179541,1,0.07696982014882861,0.007099723387621121,"{""type"":""MultiPoint"",""coordinates"":[]}"
"314,9636","314,9636",0.16904519766262951,0.15618734526914563,6845.179884108378,1,0.16904519766262951,0.0,"{""type"":""MultiPoint"",""coordinates"":[]}"
"315,9636","315,9636",0.08551691240337615,0.08205629050353092,6914.307976121174,1,0.08551691240337615,0.0,"{""type"":""MultiPoint"",""coordinates"":[]}"
"316,9636","316,9636",-0.051971937210796626,-0.05066643830458011,6997.7290629385325,1,0.0,0.051971937210796626,"{""type"":""MultiPoint"",""coordinates"":[]}"
"317,9636","317,9636",-0.01982110463184853,-0.01948650957771408,7165.114933225086,1,0.007292234121936641,0.027113338753785174,"{""type"":""MultiPoint"",""coordinates"":[]}"
"318,9636","318,9636",-0.07616541146518228,-0.07334896979800562,7338.369269538711,1,7.806424405250517E-4,0.07694605390570733,"{""type"":""MultiPoint"",""coordinates"":[]}"
"319,9636","319,9636",-0.20079269553096885,-0.1829819183164225,7511.624255533468,1,0.0,0.20079269553096885,"{""type"":""MultiPoint"",""coordinates"":[]}"
"320,9636","320,9636",-0.04993332812835051,-0.04872666513279227,7684.8798999850205,1,0.0,0.04993332812835051,"{""type"":""MultiPoint"",""coordinates"":[]}"
"321,9636","321,9636",0.0,0.0,7858.136185279525,0,0.0,0.0,"{""type"":""MultiPoint"",""coordinates"":[]}"
"322,9636","322,9636",0.0,0.0,8031.393100224047,0,0.0,0.0,"{""type"":""MultiPoint"",""coordinates"":[]}"
"323,9636","323,9636",0.0,0.0,8204.65065711589,0,0.0,0.0,"{""type"":""MultiPoint"",""coordinates"":[]}"
"324,9636","324,9636",0.0,0.0,8377.90882466998,0,0.0,0.0,"{""type"":""MultiPoint"",""coordinates"":[]}"
"325,9636","325,9636",0.0,0.0,8551.167598900256,0,0.0,0.0,"{""type"":""MultiPoint"",""coordinates"":[]}"
"326,9636","326,9636",0.0,0.0,8724.426979550877,0,0.0,0.0,"{""type"":""MultiPoint"",""coordinates"":[]}"
"327,9636","327,9636",0.0,0.0,8897.68695420422,0,0.0,0.0,"{""type"":""MultiPoint"",""coordinates"":[]}"
"328,9636","328,9636",0.0,0.0,9070.947513034702,0,0.0,0.0,"{""type"":""MultiPoint"",""coordinates"":[]}"
"329,9636","329,9636",0.004557006838057633,0.004546655119052403,9244.208644235607,1,0.004557006838057633,0.0,"{""type"":""MultiPoint"",""coordinates"":[]}"
"330,9636","330,9636",-0.1335611577665161,-0.12524056029698138,9417.4703538716,1,0.0010499194372652805,0.13461107720378138,"{""type"":""MultiPoint"",""coordinates"":[]}"
"331,9636","331,9636",-0.15921482735092307,-0.1477429029629962,9590.732619567434,1,0.0,0.15921482735092307,"{""type"":""MultiPoint"",""coordinates"":[]}"
"332,9636","332,9636",0.0,0.0,9763.995434544255,0,0.0,0.0,"{""type"":""MultiPoint"",""coordinates"":[]}"
"333,9636","333,9636",0.05986380837285528,0.05814041720225322,9937.258791038568,1,0.05986380837285528,0.0,"{""type"":""MultiPoint"",""coordinates"":[]}"
"334,9636","334,9636",0.13589535330491548,0.12040868056941034,10110.522681786988,1,0.19792850588035432,0.06203315257543886,"{""type"":""MultiPoint"",""coordinates"":[]}"
"335,9636","335,9636",-0.18971000831200469,-0.12711088233157936,10283.787109100322,1,0.3996304999614998,0.5893405082735045,"{""type"":""MultiPoint"",""coordinates"":[]}"
"336,9636","336,9636",-0.08812891345594598,-0.054353027782498065,10457.052039504344,1,0.5777515162357713,0.6658804296917172,"{""type"":""MultiPoint"",""coordinates"":[]}"
"344,9636","344,9636",0.0,0.0,10492.892497618728,0,0.0,0.0,"{""type"":""MultiPoint"",""coordinates"":[]}"
"345,9636","345,9636",0.0,0.0,10388.644803575426,0,0.0,0.0,"{""type"":""MultiPoint"",""coordinates"":[]}"
"346,9636","346,9636",0.0,0.0,10284.396520299364,0,0.0,0.0,"{""type"":""MultiPoint"",""coordinates"":[]}"
"347,9636","347,9636",0.0,0.0,10208.712651147303,0,0.0,0.0,"{""type"":""MultiPoint"",""coordinates"":[]}"
"348,9636","348,9636",0.0,0.0,10228.091094663883,0,0.0,0.0,"{""type"":""MultiPoint"",""coordinates"":[]}"
"349,9636","349,9636",0.0,0.0,10344.576455529057,0,0.0,0.0,"{""type"":""MultiPoint"",""coordinates"":[]}"
"239,9637","239,9637",0.0,0.0,10415.899482988349,0,0.0,0.0,"{""type"":""MultiPoint"",""coordinates"":[]}"
"240,9637","240,9637",0.0,0.0,10168.606557458812,0,0.0,0.0,"{""type"":""MultiPoint"",""coordinates"":[]}"
"241,9637","241,9637",0.0,0.0,10015.404442986573,0,0.0,0.0,"{""type"":""MultiPoint"",""coordinates"":[]}"
"242,9637","242,9637",0.0,0.0,9960.636874525027,0,0.0,0.0,"{""type"":""MultiPoint"",""coordinates"":[]}"
"243,9637","243,9637",0.0,0.0,9992.868647766032,0,0.0,0.0,"{""type"":""MultiPoint"",""coordinates"":[]}"
"244,9637","244,9637",0.0,0.0,10037.041122827619,0,0.0,0.0,"{""type"":""MultiPoint"",""coordinates"":[]}"
"245,9637","245,9637",0.0,0.0,10081.213705778617,0,0.0,0.0,"{""type"":""MultiPoint"",""coordinates"":[]}"
"246,9637","246,9637",0.0,0.0,10125.386375819,0,0.0,0.0,"{""type"":""MultiPoint"",""coordinates"":[]}"
"247,9637","247,9637",0.0,0.0,10169.55912884987,0,0.0,0.0,"{""type"":""MultiPoint"",""coordinates"":[]}"
"248,9637","248,9637",0.0,0.0,10213.731968666929,0,0.0,0.0,"{""type"":""MultiPoint"",""coordinates"":[]}"
"249,9637","249,9637",0.0,0.0,10257.904897959404,0,0.0,0.0,"{""type"":""MultiPoint"",""coordinates"":[]}"
"250,9637","250,9637",0.0,0.0,10302.077903770929,0,0.0,0.0,"{""type"":""MultiPoint"",""coordinates"":[]}"
"251,9637","251,9637",0.0,0.0,10346.250995843511,0,0.0,0.0,"{""type"":""MultiPoint"",""coordinates"":[]}"
"252,9637","252,9637",0.0,0.0,10390.424165015937,0,0.0,0.0,"{""type"":""MultiPoint"",""coordinates"":[]}"
"253,9637","253,9637",0.0,0.0,10434.597410378503,0,0.0,0.0,"{""type"":""MultiPoint"",""coordinates"":[]}"
"254,9637","254,9637",0.0,0.0,10463.27337048703,0,0.0,0.0,"{""type"":""MultiPoint"",""coordinates"":[]}"
"255,9637","255,9637",0.0,0.0,10401.82557726011,0,0.0,0.0,"{""type"":""MultiPoint"",""coordinates"":[]}"
"256,9637","256,9637",0.0,0.0,10340.377215954499,0,0.0,0.0,"{""type"":""MultiPoint"",""coordinates"":[]}"
"257,9637","257,9637",0.0,0.0,10278.9282880085,0,0.0,0.0,"{""type"":""MultiPoint"",""coordinates"":[]}"
"258,9637","258,9637",0.0,0.0,10217.478807980719,0,0.0,0.0,"{""type"":""MultiPoint"",""coordinates"":[]}"
"259,9637","259,9637",0.0,0.0,10156.028758684748,0,0.0,0.0,"{""type"":""MultiPoint"",""coordinates"":[]}"
"260,9637","260,9637",0.0,0.0,10094.578163423548,0,0.0,0.0,"{""type"":""MultiPoint"",""coordinates"":[]}"
"261,9637","261,9637",0.0,0.0,10001.354665715733,0,0.0,0.0,"{""type"":""MultiPoint"",""coordinates"":[]}"
"262,9637","262,9637",0.0,0.0,9879.988529372169,0,0.0,0.0,"{""type"":""MultiPoint"",""coordinates"":[]}"
"263,9637","263,9637",0.0,0.0,9758.621499459085,0,0.0,0.0,"{""type"":""MultiPoint"",""coordinates"":[]}"
"264,9637","264,9637",0.0,0.0,9637.25358128764,0,0.0,0.0,"{""type"":""MultiPoint"",""coordinates"":[]}"
"265,9637","265,9637",0.0,0.0,9515.884779943402,0,0.0,0.0,"{""type"":""MultiPoint"",""coordinates"":[]}"
"266,9637","266,9637",0.0,0.0,9394.515099495577,0,0.0,0.0,"{""type"":""MultiPoint"",""coordinates"":[]}"
"267,9637","267,9637",0.0,0.0,9273.144553985652,0,0.0,0.0,"{""type"":""MultiPoint"",""coordinates"":[]}"
"268,9637","268,9637",0.0,0.0,9151.77314407695,0,0.0,0.0,"{""type"":""MultiPoint"",""coordinates"":[]}"
"269,9637","269,9637",0.0,0.0,9030.400872444548,0,0.0,0.0,"{""type"":""MultiPoint"",""coordinates"":[]}"
"270,9637","270,9637",0.0,0.0,8909.027748526663,0,0.0,0.0,"{""type"":""MultiPoint"",""coordinates"":[]}"
"271,9637","271,9637",0.0,0.0,8787.653778192458,0,0.0,0.0,"{""type"":""MultiPoint"",""coordinates"":[]}"
"272,9637","272,9637",0.0,0.0,8666.278974794117,0,0.0,0.0,"{""type"":""MultiPoint"",""coordinates"":[]}"
"273,9637","273,9637",0.0,0.0,8544.90332611556,0,0.0,0.0,"{""type"":""MultiPoint"",""coordinates"":[]}"
"274,9637","274,9637",0.0,0.0,8423.526860408052,0,0.0,0.0,"{""type"":""MultiPoint"",""coordinates"":[]}"
"275,9637","275,9637",0.0,0.0,8302.1495663484,0,0.0,0.0,"{""type"":""MultiPoint"",""coordinates"":[]}"
"276,9637","276,9637",0.0,0.0,8180.771445303538,0,0.0,0.0,"{""type"":""MultiPoint"",""coordinates"":[]}"
"277,9637","277,9637",0.0,0.0,8059.392525171857,0,0.0,0.0,"{""type"":""MultiPoint"",""coordinates"":[]}"
"278,9637","278,9637",0.0,0.0,7938.01279760783,0,0.0,0.0,"{""type"":""MultiPoint"",""coordinates"":[]}"
"279,9637","279,9637",0.0,0.0,7816.63226715273,0,0.0,0.0,"{""type"":""MultiPoint"",""coordinates"":[]}"
"280,9637","280,9637",0.0,0.0,7695.250947303048,0,0.0,0.0,"{""type"":""MultiPoint"",""coordinates"":[]}"
"281,9637","281,9637",0.0,0.0,7573.868841532328,0,0.0,0.0,"{""type"":""MultiPoint"",""coordinates"":[]}"
"282,9637","282,9637",0.0,0.0,7452.485949002059,0,0.0,0.0,"{""type"":""MultiPoint"",""coordinates"":[]}"
"283,9637","283,9637",0.0,0.0,7331.102291359902,0,0.0,0.0,"{""type"":""MultiPoint"",""coordinates"":[]}"
"284,9637","284,9637",0.0,0.0,7209.717853873026,0,0.0,0.0,"{""type"":""MultiPoint"",""coordinates"":[]}"
"285,9637","285,9637",0.0,0.0,7088.332653364677,0,0.0,0.0,"{""type"":""MultiPoint"",""coordinates"":[]}"
"286,9637","286,9637",0.0,0.0,6966.946697142435,0,0.0,0.0,"{""type"":""MultiPoint"",""coordinates"":[]}"
"287,9637","287,9637",0.0,0.0,6845.559990495793,0,0.0,0.0,"{""type"":""MultiPoint"",""coordinates"":[]}"
"288,9637","288,9637",0.0,0.0,6724.172542325196,0,0.0,0.0,"{""type"":""MultiPoint"",""coordinates"":[]}"
"289,9637","289,9637",0.0,0.0,6602.784348360285,0,0.0,0.0,"{""type"":""MultiPoint"",""coordinates"":[]}"
"290,9637","290,9637",0.0,0.0,6481.39542324315,0,0.0,0.0,"{""type"":""MultiPoint"",""coordinates"":[]}"
"291,9637","291,9637",0.0,0.0,6360.147985319299,0,0.0,0.0,"{""type"":""MultiPoint"",""coordinates"":[]}"
"292,9637","292,9637",0.0,0.0,6324.071555775183,0,0.0,0.0,"{""type"":""MultiPoint"",""coordinates"":[]}"
"293,9637","293,9637",0.007129287888274401,0.007103994659367502,6391.012733215661,1,0.007129287888274401,0.0,"{""type"":""MultiPoint"",""coordinates"":[]}"
"294,9637","294,9637",0.11843835909139834,0.11193339009539682,6460.1408028397145,1,0.11843835909139834,0.0,"{""type"":""MultiPoint"",""coordinates"":[]}"
"295,9637","295,9637",0.05097866370174937,0.049721790738936636,6529.26911969588,1,0.05097866370174937,0.0,"{""type"":""MultiPoint"",""coordinates"":[]}"
"296,9637","296,9637",0.011083408922033628,0.011022438041841838,6598.397690394796,1,0.011083408922033628,0.0,"{""type"":""MultiPoint"",""coordinates"":[]}"
"297,9637","297,9637",0.0909219274093231,0.08702314371228116,6667.526511195486,1,0.0909219274093231,0.0,"{""type"":""MultiPoint"",""coordinates"":[]}"
"298,9637","298,9637",0.05348509624090097,0.05210380726208678,6736.655573898031,1,0.05348509624090097,0.0,"{""type"":""MultiPoint"",""coordinates"":[]}"
"299,9637","299,9637",0.030811843166212403,0.028730583001639845,6805.784873929591,1,0.08792027312665285,0.057108429960440445,"{""type"":""MultiPoint"",""coordinates"":[]}"
"300,9637","300,9637",0.0,0.0,6874.914407061489,0,0.0,0.0,"{""type"":""MultiPoint"",""coordinates"":[]}"
"301,9637","301,9637",-0.037016725785321614,-0.03575830369572887,6944.044176330384,1,0.016794383066172466,0.05381110885149408,"{""type"":""MultiPoint"",""coordinates"":[]}"
"302,9637","302,9637",-0.14167591063117219,-0.09905143391548937,7013.17417821194,1,0.360657987300201,0.5023338979313732,"{""type"":""MultiPoint"",""coordinates"":[]}"
"303,9637","303,9637",-0.09253346184600142,-0.06335279630191248,7082.304402050358,1,0.41482755944470373,0.5073610212907051,"{""type"":""MultiPoint"",""coordinates"":[]}"
"304,9637","304,9637",-0.0896483317908255,-0.07757197226115771,7151.434850178599,1,0.11143471093574518,0.20108304272657068,"{""type"":""MultiPoint"",""coordinates"":[]}"
"305,9637","305,9637",-0.04372309245885912,-0.038659725245387244,7220.565517210021,1,0.10925197471219296,0.15297506717105208,"{""type"":""MultiPoint"",""coordinates"":[]}"
"306,9637","306,9637",-6.614515744752484E-4,-6.610229084252006E-4,7289.6963978202875,1,3.1779959653187724E-4,9.792511710071256E-4,"{""type"":""MultiPoint"",""coordinates"":[]}"
"307,9637","307,9637",0.0,0.0,7358.8274994217345,0,0.0,0.0,"{""type"":""MultiPoint"",""coordinates"":[]}"
"308,9637","308,9637",0.0,0.0,7427.958800691489,0,0.0,0.0,"{""type"":""MultiPoint"",""coordinates"":[]}"
"309,9637","309,9637",0.11473480433611424,0.10318555514217038,7497.090310268545,1,0.17028080411617041,0.055545999780056164,"{""type"":""MultiPoint"",""coordinates"":[]}"
"310,9637","310,9637",0.11776020001728554,0.10457014827173246,7566.222025162113,1,0.18604201543774804,0.0682818154204625,"{""type"":""MultiPoint"",""coordinates"":[]}"
"311,9637","311,9637",0.2312641819045309,0.19659287190411773,7635.353936462699,1,0.2957793656188953,0.06451518371436439,"{""type"":""MultiPoint"",""coordinates"":[]}"
"312,9637","312,9637",0.057727843643682664,0.04463980996247949,7704.486036394671,1,0.3222706281704458,0.26454278452676316,"{""type"":""MultiPoint"",""coordinates"":[]}"
"313,9637","313,9637",-0.14590302285592982,-0.11723077481655811,7773.618341383276,1,0.17305305455611814,0.31895607741204796,"{""type"":""MultiPoint"",""coordinates"":[]}"
"314,9637","314,9637",-0.02247294873480283,-0.021109970566971087,7842.750831104079,1,0.05336867089279649,0.07584161962759932,"{""type"":""MultiPoint"",""coordinates"":[]}"
"315,9637","315,9637",0.03539114197095234,0.034779270273244636,7911.883503988351,1,0.03539114197095234,0.0,"{""type"":""MultiPoint"",""coordinates"":[]}"
"316,9637","316,9637",0.01411933397716493,0.014020584612506935,7989.95643766424,1,0.01411933397716493,0.0,"{""type"":""MultiPoint"",""coordinates"":[]}"
"317,9637","317,9637",0.1738027679185345,0.1521992538312951,8149.970424934507,1,0.23104723374525166,0.05724446582671715,"{""type"":""MultiPoint"",""coordinates"":[]}"
"318,9637","318,9637",-0.043384107008372266,-0.041883640364447965,8323.229211880634,1,0.014284013068839295,0.05766812007721156,"{""type"":""MultiPoint"",""coordinates"":[]}"
"319,9637","319,9637",-0.1441830877819632,-0.13469092191973908,8496.488633583893,1,0.0,0.1441830877819632,"{""type"":""MultiPoint"",""coordinates"":[]}"
"320,9637","320,9637",-0.03542506364648214,-0.0348120319209861,8669.748685282077,1,0.0,0.03542506364648214,"{""type"":""MultiPoint"",""coordinates"":[]}"
"321,9637","321,9637",0.0,0.0,8843.009366081056,0,0.0,0.0,"{""type"":""MultiPoint"",""coordinates"":[]}"
"322,9637","322,9637",0.0,0.0,9016.27065099726,0,0.0,0.0,"{""type"":""MultiPoint"",""coordinates"":[]}"
"323,9637","323,9637",0.0,0.0,9189.532535853661,0,0.0,0.0,"{""type"":""MultiPoint"",""coordinates"":[]}"
"324,9637","324,9637",0.0,0.0,9362.795028397879,0,0.0,0.0,"{""type"":""MultiPoint"",""coordinates"":[]}"
"325,9637","325,9637",0.0,0.0,9536.058104319776,0,0.0,0.0,"{""type"":""MultiPoint"",""coordinates"":[]}"
"326,9637","326,9637",0.0,0.0,9709.321756743884,0,0.0,0.0,"{""type"":""MultiPoint"",""coordinates"":[]}"
"327,9637","327,9637",0.0,0.0,9882.585977919778,0,0.0,0.0,"{""type"":""MultiPoint"",""coordinates"":[]}"
"328,9637","328,9637",0.0,0.0,10055.85075616199,0,0.0,0.0,"{""type"":""MultiPoint"",""coordinates"":[]}"
"329,9637","329,9637",0.09292959514288336,0.08886179279480902,10229.116091455662,1,0.09292959514288336,0.0,"{""type"":""MultiPoint"",""coordinates"":[]}"
"330,9637","330,9637",0.0215845630911296,0.02135491510042359,10402.381977429712,1,0.0215845630911296,0.0,"{""type"":""MultiPoint"",""coordinates"":[]}"
"265,9638","265,9638",0.0,0.0,10508.199793710624,0,0.0,0.0,"{""type"":""MultiPoint"",""coordinates"":[]}"
"266,9638","266,9638",0.0,0.0,10386.83584687468,0,0.0,0.0,"{""type"":""MultiPoint"",""coordinates"":[]}"
"267,9638","267,9638",0.0,0.0,10265.471002630578,0,0.0,0.0,"{""type"":""MultiPoint"",""coordinates"":[]}"
"268,9638","268,9638",0.0,0.0,10144.105267002162,0,0.0,0.0,"{""type"":""MultiPoint"",""coordinates"":[]}"
"269,9638","269,9638",0.0,0.0,10022.738644899599,0,0.0,0.0,"{""type"":""MultiPoint"",""coordinates"":[]}"
"270,9638","270,9638",0.0,0.0,9901.371157139312,0,0.0,0.0,"{""type"":""MultiPoint"",""coordinates"":[]}"
"271,9638","271,9638",0.0,0.0,9780.002794796026,0,0.0,0.0,"{""type"":""MultiPoint"",""coordinates"":[]}"
"272,9638","272,9638",0.0,0.0,9658.633560838904,0,0.0,0.0,"{""type"":""MultiPoint"",""coordinates"":[]}"
"273,9638","273,9638",0.0,0.0,9537.263477349303,0,0.0,0.0,"{""type"":""MultiPoint"",""coordinates"":[]}"
"274,9638","274,9638",0.0,0.0,9415.89253221726,0,0.0,0.0,"{""type"":""MultiPoint"",""coordinates"":[]}"
"275,9638","275,9638",0.0,0.0,9294.520746832377,0,0.0,0.0,"{""type"":""MultiPoint"",""coordinates"":[]}"
"276,9638","276,9638",0.0,0.0,9173.14812268232,0,0.0,0.0,"{""type"":""MultiPoint"",""coordinates"":[]}"
"277,9638","277,9638",0.0,0.0,9051.774656891574,0,0.0,0.0,"{""type"":""MultiPoint"",""coordinates"":[]}"
"278,9638","278,9638",0.0,0.0,8930.400361571239,0,0.0,0.0,"{""type"":""MultiPoint"",""coordinates"":[]}"
"279,9638","279,9638",0.0,0.0,8809.025254130935,0,0.0,0.0,"{""type"":""MultiPoint"",""coordinates"":[]}"
"280,9638","280,9638",0.0,0.0,8687.64931935943,0,0.0,0.0,"{""type"":""MultiPoint"",""coordinates"":[]}"
"281,9638","281,9638",0.0,0.0,8566.272574219774,0,0.0,0.0,"{""type"":""MultiPoint"",""coordinates"":[]}"
"282,9638","282,9638",0.0,0.0,8444.895023889832,0,0.0,0.0,"{""type"":""MultiPoint"",""coordinates"":[]}"
"283,9638","283,9638",0.0,0.0,8323.516667326918,0,0.0,0.0,"{""type"":""MultiPoint"",""coordinates"":[]}"
"284,9638","284,9638",0.0,0.0,8202.137528686664,0,0.0,0.0,"{""type"":""MultiPoint"",""coordinates"":[]}"
"285,9638","285,9638",0.0,0.0,8080.757603075916,0,0.0,0.0,"{""type"":""MultiPoint"",""coordinates"":[]}"
"286,9638","286,9638",0.0,0.0,7959.3768938475405,0,0.0,0.0,"{""type"":""MultiPoint"",""coordinates"":[]}"
"287,9638","287,9638",0.0,0.0,7837.995401253118,0,0.0,0.0,"{""type"":""MultiPoint"",""coordinates"":[]}"
"288,9638","288,9638",0.0,0.0,7716.61314165193,0,0.0,0.0,"{""type"":""MultiPoint"",""coordinates"":[]}"
"289,9638","289,9638",0.0,0.0,7595.2301228981005,0,0.0,0.0,"{""type"":""MultiPoint"",""coordinates"":[]}"
"290,9638","290,9638",0.0,0.0,7473.846347953625,0,0.0,0.0,"{""type"":""MultiPoint"",""coordinates"":[]}"
"291,9638","291,9638",0.0,0.0,7354.306250619889,0,0.0,0.0,"{""type"":""MultiPoint"",""coordinates"":[]}"
"292,9638","292,9638",0.0,0.0,7323.133843661635,0,0.0,0.0,"{""type"":""MultiPoint"",""coordinates"":[]}"
"293,9638","293,9638",0.0017234111657819231,0.001721927796817384,7388.481521771658,1,0.0017234111657819231,0.0,"{""type"":""MultiPoint"",""coordinates"":[]}"
"294,9638","294,9638",0.23444712278213686,0.1955768734144859,7457.614684201744,1,0.31978881885173904,0.08534169606960218,"{""type"":""MultiPoint"",""coordinates"":[]}"
"295,9638","295,9638",0.6470080580026523,0.44341398062521586,7526.748076219917,1,0.8064849878316872,0.15947692982903489,"{""type"":""MultiPoint"",""coordinates"":[]}"
"296,9638","296,9638",0.1446867124995515,0.13513098602968,7595.881693866863,1,0.1446867124995515,0.0,"{""type"":""MultiPoint"",""coordinates"":[]}"
"297,9638","297,9638",0.14022405958441023,0.13122478658935843,7665.015532082461,1,0.14022405958441023,0.0,"{""type"":""MultiPoint"",""coordinates"":[]}"
"298,9638","298,9638",0.049469047769482764,0.046453514421903826,7734.149585136248,1,0.08984109238364703,0.040372044614164264,"{""type"":""MultiPoint"",""coordinates"":[]}"
"299,9638","299,9638",0.10446675774268643,0.08651778728009099,7803.283860311085,1,0.26044635902435836,0.15597960128167193,"{""type"":""MultiPoint"",""coordinates"":[]}"
"300,9638","300,9638",0.11933703919591969,0.11273658075833976,7872.418338589591,1,0.11933703919591969,0.0,"{""type"":""MultiPoint"",""coordinates"":[]}"
"301,9638","301,9638",-0.04279328385138347,-0.04190296256105658,7941.553034951755,1,0.0,0.04279328385138347,"{""type"":""MultiPoint"",""coordinates"":[]}"
"302,9638","302,9638",-0.36537274583051466,-0.2734085203398614,8010.687935070412,1,0.16198990146999487,0.5273626473005095,"{""type"":""MultiPoint"",""coordinates"":[]}"
"303,9638","303,9638",-0.7202475729822193,-0.4721473223057442,8079.82303905285,1,0.1935821728718618,0.9138297458540812,"{""type"":""MultiPoint"",""coordinates"":[]}"
"304,9638","304,9638",-0.24982579270420785,-0.20830801196958276,8148.958337830088,1,0.07873026885162367,0.3285560615558315,"{""type"":""MultiPoint"",""coordinates"":[]}"
"305,9638","305,9638",0.25940397088352135,0.2211040984727354,8218.093826144239,1,0.30769869953087753,0.048294728647356164,"{""type"":""MultiPoint"",""coordinates"":[]}"
"306,9638","306,9638",0.10715681786508593,0.10179530391503464,8287.2295081017,1,0.10715681786508593,0.0,"{""type"":""MultiPoint"",""coordinates"":[]}"
"307,9638","307,9638",0.0,0.0,8356.365381403299,0,0.0,0.0,"{""type"":""MultiPoint"",""coordinates"":[]}"
"308,9638","308,9638",0.08088070562091823,0.07777617699012752,8425.501438572115,1,0.08088070562091823,0.0,"{""type"":""MultiPoint"",""coordinates"":[]}"
"309,9638","309,9638",0.0030322776752721436,0.0017976317575379985,8494.637675461629,1,0.6883346316233713,0.6853023539480991,"{""type"":""MultiPoint"",""coordinates"":[]}"
"310,9638","310,9638",-1.9002295898208261,-0.5576605636364735,8563.774089591652,1,1.545239977035082,3.445469566855908,"{""type"":""MultiPoint"",""coordinates"":[]}"
"311,9638","311,9638",0.10450726265266319,0.057624090488850976,8632.910677495574,1,0.8663591297011669,0.7618518670485037,"{""type"":""MultiPoint"",""coordinates"":[]}"
"312,9638","312,9638",0.023060486831517957,0.0150522886475572,8702.047438744366,1,0.5435844561485726,0.5205239693170547,"{""type"":""MultiPoint"",""coordinates"":[]}"
"313,9638","313,9638",-0.3986468141213787,-0.26039886047959415,8771.184363746106,1,0.3402258736921766,0.7388726878135553,"{""type"":""MultiPoint"",""coordinates"":[]}"
"314,9638","314,9638",-0.11331657254734726,-0.09085396503177162,8840.321449132216,1,0.19143813841214788,0.30475471095949513,"{""type"":""MultiPoint"",""coordinates"":[]}"
"315,9638","315,9638",0.0,0.0,8909.458706658002,0,0.0,0.0,"{""type"":""MultiPoint"",""coordinates"":[]}"
"316,9638","316,9638",0.040061896648800485,0.039280227390735896,8983.900921752793,1,0.040061896648800485,0.0,"{""type"":""MultiPoint"",""coordinates"":[]}"
"317,9638","317,9638",0.07665149288111957,0.07198564726869008,9134.825115895872,1,0.10360185600811178,0.026950363126992213,"{""type"":""MultiPoint"",""coordinates"":[]}"
"318,9638","318,9638",0.0014612571514154332,0.0014560953830918236,9308.088367800874,1,0.004275744208240201,0.0028144870568247676,"{""type"":""MultiPoint"",""coordinates"":[]}"
"319,9638","319,9638",0.0,0.0,9481.352233018815,0,0.0,0.0,"{""type"":""MultiPoint"",""coordinates"":[]}"
"320,9638","320,9638",0.0,0.0,9654.61670520345,0,0.0,0.0,"{""type"":""MultiPoint"",""coordinates"":[]}"
"321,9638","321,9638",0.0,0.0,9827.881774233872,0,0.0,0.0,"{""type"":""MultiPoint"",""coordinates"":[]}"
"322,9638","322,9638",0.0,0.0,10001.147431831618,0,0.0,0.0,"{""type"":""MultiPoint"",""coordinates"":[]}"
"323,9638","323,9638",0.0,0.0,10174.413668222716,0,0.0,0.0,"{""type"":""MultiPoint"",""coordinates"":[]}"
"324,9638","324,9638",0.0,0.0,10347.68047305459,0,0.0,0.0,"{""type"":""MultiPoint"",""coordinates"":[]}"
"325,9638","325,9638",0.0,0.0,10520.947844711147,0,0.0,0.0,"{""type"":""MultiPoint"",""coordinates"":[]}"
"274,9639","274,9639",0.0,0.0,10408.258888174081,0,0.0,0.0,"{""type"":""MultiPoint"",""coordinates"":[]}"
"275,9639","275,9639",0.0,0.0,10286.892607803125,0,0.0,0.0,"{""type"":""MultiPoint"",""coordinates"":[]}"
"276,9639","276,9639",0.0,0.0,10165.52546199887,0,0.0,0.0,"{""type"":""MultiPoint"",""coordinates"":[]}"
"277,9639","277,9639",0.0,0.0,10044.157460227741,0,0.0,0.0,"{""type"":""MultiPoint"",""coordinates"":[]}"
"278,9639","278,9639",0.0,0.0,9922.78859640756,0,0.0,0.0,"{""type"":""MultiPoint"",""coordinates"":[]}"
"279,9639","279,9639",0.0,0.0,9801.418881278216,0,0.0,0.0,"{""type"":""MultiPoint"",""coordinates"":[]}"
"280,9639","280,9639",0.0,0.0,9680.048335291112,0,0.0,0.0,"{""type"":""MultiPoint"",""coordinates"":[]}"
"281,9639","281,9639",0.0,0.0,9558.676951183463,0,0.0,0.0,"{""type"":""MultiPoint"",""coordinates"":[]}"
"282,9639","282,9639",0.0,0.0,9437.30474430857,0,0.0,0.0,"{""type"":""MultiPoint"",""coordinates"":[]}"
"283,9639","283,9639",0.0,0.0,9315.931713174987,0,0.0,0.0,"{""type"":""MultiPoint"",""coordinates"":[]}"
"284,9639","284,9639",0.0,0.0,9194.557858036824,0,0.0,0.0,"{""type"":""MultiPoint"",""coordinates"":[]}"
"285,9639","285,9639",0.0,0.0,9073.18318973352,0,0.0,0.0,"{""type"":""MultiPoint"",""coordinates"":[]}"
"286,9639","286,9639",0.0,0.0,8951.807722640937,0,0.0,0.0,"{""type"":""MultiPoint"",""coordinates"":[]}"
"287,9639","287,9639",0.0,0.0,8830.431450449589,0,0.0,0.0,"{""type"":""MultiPoint"",""coordinates"":[]}"
"288,9639","288,9639",0.0,0.0,8709.054383771525,0,0.0,0.0,"{""type"":""MultiPoint"",""coordinates"":[]}"
"289,9639","289,9639",0.0,0.0,8587.676528588343,0,0.0,0.0,"{""type"":""MultiPoint"",""coordinates"":[]}"
"290,9639","290,9639",0.0,0.0,8466.29789000836,0,0.0,0.0,"{""type"":""MultiPoint"",""coordinates"":[]}"
"291,9639","291,9639",0.0,0.0,8349.824507380583,0,0.0,0.0,"{""type"":""MultiPoint"",""coordinates"":[]}"
"292,9639","292,9639",0.0,0.0,8322.386594930242,0,0.0,0.0,"{""type"":""MultiPoint"",""coordinates"":[]}"
"293,9639","293,9639",0.005096772655111844,0.005083828074455441,8385.949954996304,1,0.005096772655111844,0.0,"{""type"":""MultiPoint"",""coordinates"":[]}"
"294,9639","294,9639",0.23941189711340805,0.1988654848406874,8455.0882143363,1,0.3275595345808657,0.08814763746745763,"{""type"":""MultiPoint"",""coordinates"":[]}"
"295,9639","295,9639",0.6274529860543936,0.4231732570493756,8524.226679679861,1,0.8185205891330877,0.19106760307869414,"{""type"":""MultiPoint"",""coordinates"":[]}"
"296,9639","296,9639",0.16996094651978377,0.15697036920965224,8593.365345028311,1,0.16996094651978377,0.0,"{""type"":""MultiPoint"",""coordinates"":[]}"
"297,9639","297,9639",-0.09128559834073662,-0.08735644925768771,8662.504200251966,1,0.0,0.09128559834073662,"{""type"":""MultiPoint"",""coordinates"":[]}"
"298,9639","298,9639",-0.23538880207987686,-0.2113857400325567,8731.643258464761,1,0.0,0.23538880207987686,"{""type"":""MultiPoint"",""coordinates"":[]}"
"299,9639","299,9639",-0.0022173278202516633,-0.0018282704467646183,8800.782501676786,1,0.211692451924375,0.21390977974462666,"{""type"":""MultiPoint"",""coordinates"":[]}"
"300,9639","300,9639",0.10674449974770304,0.10142282288449375,8869.92194293987,1,0.10674449974770304,0.0,"{""type"":""MultiPoint"",""coordinates"":[]}"
"301,9639","301,9639",-0.009397137714376736,-0.009353259289309745,8939.061554172149,1,0.0,0.009397137714376736,"{""type"":""MultiPoint"",""coordinates"":[]}"
"302,9639","302,9639",-0.3095099414822352,-0.2647186641485443,9008.201353933562,1,0.021268144900937678,0.3307780863831729,"{""type"":""MultiPoint"",""coordinates"":[]}"
"303,9639","303,9639",-0.5992648821432615,-0.4551998583656267,9077.341323227061,1,0.039508956583958234,0.6387738387272197,"{""type"":""MultiPoint"",""coordinates"":[]}"
"304,9639","304,9639",-0.15143069880349297,-0.1356299910058012,9146.481470326586,1,0.042494298925205155,0.19392499772869812,"{""type"":""MultiPoint"",""coordinates"":[]}"
"305,9639","305,9639",0.1708221957151252,0.1524150366017766,9215.621792000293,1,0.20834988235815458,0.0375276866430294,"{""type"":""MultiPoint"",""coordinates"":[]}"
"306,9639","306,9639",0.03225387925251795,0.031744643832237705,9284.762281514051,1,0.03225387925251795,0.0,"{""type"":""MultiPoint"",""coordinates"":[]}"
"307,9639","307,9639",0.0,0.0,9353.902926761952,0,0.0,0.0,"{""type"":""MultiPoint"",""coordinates"":[]}"
"308,9639","308,9639",0.18775641782949232,0.1720661644207417,9423.04373313439,1,0.18775641782949232,0.0,"{""type"":""MultiPoint"",""coordinates"":[]}"
"309,9639","309,9639",-0.05271538767737005,-0.02913251768333014,9492.184697686964,1,0.7832736092034628,0.8359889968808328,"{""type"":""MultiPoint"",""coordinates"":[]}"
"310,9639","310,9639",-1.1938751161302612,-0.32258610825161504,9561.325819752787,1,2.136051059789853,3.3299261759201144,"{""type"":""MultiPoint"",""coordinates"":[]}"
"311,9639","311,9639",0.04076198501881101,0.022312532859377843,9630.46708769995,1,0.8473217693167868,0.8065597842979758,"{""type"":""MultiPoint"",""coordinates"":[]}"
"312,9639","312,9639",-0.26609894380471405,-0.19522448207298534,9699.60850101822,1,0.23431771549283692,0.500416659297551,"{""type"":""MultiPoint"",""coordinates"":[]}"
"313,9639","313,9639",-0.2970452388774042,-0.2580617768814148,9768.75005482457,1,0.008920822088440802,0.305966060965845,"{""type"":""MultiPoint"",""coordinates"":[]}"
"314,9639","314,9639",-0.03575452059915622,-0.034307561008007394,9837.891758720956,1,0.02440107218308808,0.0601555927822443,"{""type"":""MultiPoint"",""coordinates"":[]}"
"315,9639","315,9639",0.0,0.0,9907.033587104932,0,0.0,0.0,"{""type"":""MultiPoint"",""coordinates"":[]}"
"316,9639","316,9639",0.0,0.0,9979.04944728917,0,0.0,0.0,"{""type"":""MultiPoint"",""coordinates"":[]}"
"317,9639","317,9639",-0.028542465058295698,-0.02814271759912367,10119.679023188812,1,0.0,0.028542465058295698,"{""type"":""MultiPoint"",""coordinates"":[]}"
"318,9639","318,9639",-0.0029783441799960727,-0.002973917699845046,10292.946739001198,1,0.0,0.0029783441799960727,"{""type"":""MultiPoint"",""coordinates"":[]}"
"319,9639","319,9639",0.0,0.0,10466.215053459066,0,0.0,0.0,"{""type"":""MultiPoint"",""coordinates"":[]}"
"282,9640","282,9640",0.0,0.0,10429.715121420139,0,0.0,0.0,"{""type"":""MultiPoint"",""coordinates"":[]}"
"283,9640","283,9640",0.0,0.0,10308.34738855555,0,0.0,0.0,"{""type"":""MultiPoint"",""coordinates"":[]}"
"284,9640","284,9640",0.0,0.0,10186.978818199417,0,0.0,0.0,"{""type"":""MultiPoint"",""coordinates"":[]}"
"285,9640","285,9640",0.0,0.0,10065.609413983499,0,0.0,0.0,"{""type"":""MultiPoint"",""coordinates"":[]}"
"286,9640","286,9640",0.0,0.0,9944.239173115126,0,0.0,0.0,"{""type"":""MultiPoint"",""coordinates"":[]}"
"287,9640","287,9640",0.0,0.0,9822.86811868088,0,0.0,0.0,"{""type"":""MultiPoint"",""coordinates"":[]}"
"288,9640","288,9640",0.0,0.0,9701.496244207192,0,0.0,0.0,"{""type"":""MultiPoint"",""coordinates"":[]}"
"289,9640","289,9640",0.0,0.0,9580.123556975796,0,0.0,0.0,"{""type"":""MultiPoint"",""coordinates"":[]}"
"290,9640","290,9640",0.0,0.0,9458.750060828534,0,0.0,0.0,"{""type"":""MultiPoint"",""coordinates"":[]}"
"291,9640","291,9640",0.0983429186944782,0.09380260643596797,9346.268177909114,1,0.0983429186944782,0.0,"{""type"":""MultiPoint"",""coordinates"":[]}"
"292,9640","292,9640",0.6533928295995435,0.5028294370661438,9321.768554312637,1,0.6533928295995435,0.0,"{""type"":""MultiPoint"",""coordinates"":[]}"
"293,9640","293,9640",0.41631682899665745,0.34805971953481335,9383.418025688874,1,0.41631682899665745,0.0,"{""type"":""MultiPoint"",""coordinates"":[]}"
"294,9640","294,9640",0.016842778035980496,0.016702511247300104,9452.561389733926,1,0.016842778035980496,0.0,"{""type"":""MultiPoint"",""coordinates"":[]}"
"295,9640","295,9640",0.05012026995624583,0.04890470042537674,9521.704922518873,1,0.05012026995624583,0.0,"{""type"":""MultiPoint"",""coordinates"":[]}"
"296,9640","296,9640",0.015300978035677999,0.015185098621806462,9590.848633798338,1,0.015300978035677999,0.0,"{""type"":""MultiPoint"",""coordinates"":[]}"
"297,9640","297,9640",-0.1612235539432669,-0.14947423710253036,9659.99252506966,1,0.0,0.1612235539432669,"{""type"":""MultiPoint"",""coordinates"":[]}"
"298,9640","298,9640",-0.1742298227854264,-0.16061246271191335,9729.136580434335,1,0.0,0.1742298227854264,"{""type"":""MultiPoint"",""coordinates"":[]}"
"299,9640","299,9640",-0.209566702283887,-0.19026219819046192,9798.28080512081,1,0.0,0.209566702283887,"{""type"":""MultiPoint"",""coordinates"":[]}"
"300,9640","300,9640",0.0,0.0,9867.425189846033,0,0.0,0.0,"{""type"":""MultiPoint"",""coordinates"":[]}"
"301,9640","301,9640",0.0,0.0,9936.56973442687,0,0.0,0.0,"{""type"":""MultiPoint"",""coordinates"":[]}"
"302,9640","302,9640",-0.024836712484180266,-0.02453329500651643,10005.714427461246,1,0.0,0.024836712484180266,"{""type"":""MultiPoint"",""coordinates"":[]}"
"303,9640","303,9640",-0.047292755316015594,-0.04620850628618098,10074.859282628855,1,0.0,0.047292755316015594,"{""type"":""MultiPoint"",""coordinates"":[]}"
"304,9640","304,9640",-0.006993927118432431,-0.006969583051341489,10144.00428792431,1,0.0,0.006993927118432431,"{""type"":""MultiPoint"",""coordinates"":[]}"
"305,9640","305,9640",0.0,0.0,10213.149431307442,0,0.0,0.0,"{""type"":""MultiPoint"",""coordinates"":[]}"
"306,9640","306,9640",0.0,0.0,10282.294717583041,0,0.0,0.0,"{""type"":""MultiPoint"",""coordinates"":[]}"
"307,9640","307,9640",0.0,0.0,10351.440148779619,0,0.0,0.0,"{""type"":""MultiPoint"",""coordinates"":[]}"
"308,9640","308,9640",0.041584978581440106,0.04074357088338467,10420.585711150925,1,0.041584978581440106,0.0,"{""type"":""MultiPoint"",""coordinates"":[]}"
"290,9641","290,9641",0.0,0.0,10451.202855062233,0,0.0,0.0,"{""type"":""MultiPoint"",""coordinates"":[]}"
"291,9641","291,9641",0.07530489040289816,0.07260424034680661,10343.369835337739,1,0.07530489040289816,0.0,"{""type"":""MultiPoint"",""coordinates"":[]}"
"292,9641","292,9641",0.6342650825136698,0.4911932124806097,10321.24219938454,1,0.6342650825136698,0.0,"{""type"":""MultiPoint"",""coordinates"":[]}"
"293,9641","293,9641",0.3163777507468457,0.27488383635415486,10380.885755571684,1,0.3163777507468457,0.0,"{""type"":""MultiPoint"",""coordinates"":[]}"
"294,9641","294,9641",0.0,0.0,10450.034211867747,0,0.0,0.0,"{""type"":""MultiPoint"",""coordinates"":[]}"
